tx_signature,slot,block_time,wallet,counterparty,counterparty_confidence,direction,token_mint,token_symbol,decimals,amount_raw,amount,price_usd,amount_usd,fee_lamports,tx_status,source
GF6ovHpUQTkPYnzx8qTSPYwxZh7E2KdgPw4LGZdkqSKi7SJP3aRAyondyMDsy9r9wF2XAJzocYRH7CT7zEjxdQuv,250040905,2026-02-01T04:32:42Z,7xKXtg2CW87d97TXJSDpbD5jBkheTqA83TZRuJosgAsU,Counterparty_29_8c088ab3,high,out,EPjFWdd5AufqSSqeM2qN1xzybapC8G4wEGGkZwyTDt1v,USDC,6,10605690000,10605.69,1.00,10605.69,5000,success,fixture
gCwWyt7uj6MCU6py3pQFuxsV4ud9D33W5tUeMk11XHzmvi6yZdsLcnMmKFtiAtdaWTecdExwTP9fHJXr8Tvo6gso,250086040,2026-02-01T09:33:36Z,7xKXtg2CW87d97TXJSDpbD5jBkheTqA83TZRuJosgAsU,Counterparty_16_9911036c,high,in,SOL,SOL,9,17000000000,17.0000,,,0,success,fixture
xAriAMARVossXu58dUoJA6M9CrRPMYUXmTfshN9tiGRTcYbbYbbuFR6enTadrmtpFm6GQ1Ew2QcX984PQwwxru9K,250182767,2026-02-01T20:18:27Z,7xKXtg2CW87d97TXJSDpbD5jBkheTqA83TZRuJosgAsU,Counterparty_14_829f4116,high,in,Es9vMFrzaCERmJfrF4H2FYD4KCoNkY11McCe8BenwNYB,USDT,6,18171530000,18171.53,1.00,18171.53,0,success,fixture
EKA1nRocWwC5Y2JvoUTaXis2jtnzjc8tYgRA86UX7AG3HRmNZFyStQffb1ppkho7TjTPbuk7vFUtTmBBqAxv3bRx,250210360,2026-02-01T23:22:24Z,7xKXtg2CW87d97TXJSDpbD5jBkheTqA83TZRuJosgAsU,Counterparty_02_d11a6706,high,out,EPjFWdd5AufqSSqeM2qN1xzybapC8G4wEGGkZwyTDt1v,USDC,6,3392300000,3392.30,1.00,3392.30,5000,success,fixture
YZbEReBADDnnZMK1GzDTeefN9cNkr3oCF6q9uktSMDBWGMmjnNt8KgVAHfm4D99GJXY5KUsgNy3eGnPMQPmV3A33,250219280,2026-02-02T00:21:52Z,7xKXtg2CW87d97TXJSDpbD5jBkheTqA83TZRuJosgAsU,Counterparty_13_34249d8b,high,in,EPjFWdd5AufqSSqeM2qN1xzybapC8G4wEGGkZwyTDt1v,USDC,6,2513240000,2513.24,1.00,2513.24,0,success,fixture
dCCZbqwJgZWqJxMqP8wnGvvrNbpzW9wY8WJyD2iUtcc8s7qRvvuJrorv3DLEeZqaz5ZYEcXVipPZFoFESKqXV1vH,250301467,2026-02-02T09:29:47Z,7xKXtg2CW87d97TXJSDpbD5jBkheTqA83TZRuJosgAsU,Counterparty_03_fb40d6bd,high,in,Es9vMFrzaCERmJfrF4H2FYD4KCoNkY11McCe8BenwNYB,USDT,6,19926010000,19926.01,1.00,19926.01,0,success,fixture
1aadrrd68H8St12eww6RdqphAuG9kYDWpvekbrdoWpng3R1bsoNLbv6wxcUXHRG342fuveZJkFGU8y7ovGV67ay6,250405105,2026-02-02T21:00:42Z,7xKXtg2CW87d97TXJSDpbD5jBkheTqA83TZRuJosgAsU,Counterparty_10_6d2d3cad,high,in,Es9vMFrzaCERmJfrF4H2FYD4KCoNkY11McCe8BenwNYB,USDT,6,18295820000,18295.82,1.00,18295.82,0,success,fixture
qgzZ7c3kJ4idxxooovge8M8tLp7K1Ps4cP1j6nGkJXhJnBfmSFsTH5yCBtTLV9MmJmFmdpxCKNEfoS1wK9H2b6WK,250410615,2026-02-02T21:37:26Z,7xKXtg2CW87d97TXJSDpbD5jBkheTqA83TZRuJosgAsU,Counterparty_22_d1f65e81,high,out,EPjFWdd5AufqSSqeM2qN1xzybapC8G4wEGGkZwyTDt1v,USDC,6,12139860000,12139.86,1.00,12139.86,5000,success,fixture
mx4Hys384L5HNmgstRJmB9eW89MxAqeywzThVj8aaGdXjYJMroXF6HrKn6PcvxGjipwEm55Y4E1jEWuRDY7NEueq,250414510,2026-02-02T22:03:24Z,7xKXtg2CW87d97TXJSDpbD5jBkheTqA83TZRuJosgAsU,Counterparty_16_9911036c,high,out,Es9vMFrzaCERmJfrF4H2FYD4KCoNkY11McCe8BenwNYB,USDT,6,10317900000,10317.90,1.00,10317.90,5000,success,fixture
AnaJiHq8ssT6kReEkTtCJv4aparNx8ziiUF9GZ7DY1zpMXnjK53GXTBCTwoNfJ8nM9QysbEaP6tUFMYa5t8TKsrJ,250501065,2026-02-03T07:40:26Z,7xKXtg2CW87d97TXJSDpbD5jBkheTqA83TZRuJosgAsU,Counterparty_22_d1f65e81,high,out,EPjFWdd5AufqSSqeM2qN1xzybapC8G4wEGGkZwyTDt1v,USDC,6,16498350000,16498.35,1.00,16498.35,5000,success,fixture
cgcaLXdVQjE5sko8QpwKMp5TLEpGmiea9abGRwsvW13eWHw7wuccTcs9rckynYoPY7ekbbWuChrkD4kVNmPvXvcT,250510170,2026-02-03T08:41:08Z,7xKXtg2CW87d97TXJSDpbD5jBkheTqA83TZRuJosgAsU,Counterparty_26_2906e732,high,out,EPjFWdd5AufqSSqeM2qN1xzybapC8G4wEGGkZwyTDt1v,USDC,6,10475700000,10475.70,1.00,10475.70,5000,success,fixture
MwiXzHxkeannYQanHsow4BLqeGZW5uEbffqAWdmFNjKqxvHkJNsbzpyrg2NxpVtDi48epfM9S5rJmPskVhaBvKQo,250510887,2026-02-03T08:45:55Z,7xKXtg2CW87d97TXJSDpbD5jBkheTqA83TZRuJosgAsU,Counterparty_20_8ba8f837,high,out,EPjFWdd5AufqSSqeM2qN1xzybapC8G4wEGGkZwyTDt1v,USDC,6,14339270000,14339.27,1.00,14339.27,5000,success,fixture
CM7NDZSxHqBUVFr2BB3gdL6XktNEiw2Kk1QsD5faJr54jN2VMsM1aHZMBcKTYV4FsYZHUVgY4o1cioF2iVSJjKv3,250592177,2026-02-03T17:47:51Z,7xKXtg2CW87d97TXJSDpbD5jBkheTqA83TZRuJosgAsU,Counterparty_10_6d2d3cad,high,out,EPjFWdd5AufqSSqeM2qN1xzybapC8G4wEGGkZwyTDt1v,USDC,6,10837910000,10837.91,1.00,10837.91,5000,success,fixture
da8a1RiEmtMTQ7AUieHHwbUdQgJkSqETcscXCQccXHLdPrnSp9wxj8pFVsmB7EZSsNtcgmkn4BRh1t6uAXfU65HF,250596770,2026-02-03T18:18:28Z,7xKXtg2CW87d97TXJSDpbD5jBkheTqA83TZRuJosgAsU,Counterparty_11_b3669cbd,high,in,Es9vMFrzaCERmJfrF4H2FYD4KCoNkY11McCe8BenwNYB,USDT,6,23840490000,23840.49,1.00,23840.49,0,success,fixture
3mnoa9j9tyLJksne8F3hRv71ZQMjtY4J8eDTH1tqyRJ7Qv7y8Z9CBK8FjnxBpodQ4529GCDypBoqt8Eddhk9nbMy,250617737,2026-02-03T20:38:15Z,7xKXtg2CW87d97TXJSDpbD5jBkheTqA83TZRuJosgAsU,Counterparty_26_2906e732,high,out,Es9vMFrzaCERmJfrF4H2FYD4KCoNkY11McCe8BenwNYB,USDT,6,9377230000,9377.23,1.00,9377.23,5000,success,fixture
FmnxK3G482gQzSYdrhVQUzsLg5QVekrPQKUvCGHXv79vtHWU183c4r8tsZ83E2tpsTcF7VSJq6YBUa3b1a7tojQV,250635642,2026-02-03T22:37:37Z,7xKXtg2CW87d97TXJSDpbD5jBkheTqA83TZRuJosgAsU,Counterparty_03_fb40d6bd,high,in,EPjFWdd5AufqSSqeM2qN1xzybapC8G4wEGGkZwyTDt1v,USDC,6,23686130000,23686.13,1.00,23686.13,0,success,fixture
6YzBVBWifVGo9cCd28wmcG91Q76qB5uDH2UzDwRb25ygf3Q2CL3SM55kXhnvJwXt5o6W4jSJbPtwVdUZcSDhj6Bz,250652507,2026-02-04T00:30:03Z,7xKXtg2CW87d97TXJSDpbD5jBkheTqA83TZRuJosgAsU,Counterparty_25_a6c1ad8f,high,out,Es9vMFrzaCERmJfrF4H2FYD4KCoNkY11McCe8BenwNYB,USDT,6,14774940000,14774.94,1.00,14774.94,5000,success,fixture
CQP8BaBWTkEULG6wMgKagwcvdqNgSPKTjUGLNqHxzKpFLnHs5szLg8SdfeGqfGvnwHJeVKFdyJyTH2aqkvjmcBAF,250667482,2026-02-04T02:09:53Z,7xKXtg2CW87d97TXJSDpbD5jBkheTqA83TZRuJosgAsU,Counterparty_01_7f31801c,high,out,EPjFWdd5AufqSSqeM2qN1xzybapC8G4wEGGkZwyTDt1v,USDC,6,13866160000,13866.16,1.00,13866.16,5000,success,fixture
k79WX59yVYm7MRiZNDuvf1ve7kVKJYdH1a1jD2styqbfoBBdh3xSHu7fgqRMcpK3AmdGWTHM9uThMcV9a1BGcyRM,250687377,2026-02-04T04:22:31Z,7xKXtg2CW87d97TXJSDpbD5jBkheTqA83TZRuJosgAsU,Counterparty_13_34249d8b,high,in,SOL,SOL,9,7000000000,7.0000,,,0,success,fixture
nGqTGBFkQp8cMxBAfj6UuPS6Dmz4vVptGtgZV6ijKZKkMJLxD21WiKsNukqzVpYXK8iyKzTuvpusPx7ZE7SGDqCy,250820595,2026-02-04T19:10:38Z,7xKXtg2CW87d97TXJSDpbD5jBkheTqA83TZRuJosgAsU,Counterparty_11_b3669cbd,high,in,Es9vMFrzaCERmJfrF4H2FYD4KCoNkY11McCe8BenwNYB,USDT,6,8037900000,8037.90,1.00,8037.90,0,success,fixture
LHEAK22iiqT6QWrAVhRcBfVqM7JWJDnfWKBe9M284xMcXQAMvoRc2hUiMSCMgvq3iKMdqd3yZ4onn9Y559A7aBnG,250915532,2026-02-05T05:43:33Z,7xKXtg2CW87d97TXJSDpbD5jBkheTqA83TZRuJosgAsU,Counterparty_02_d11a6706,high,out,SOL,SOL,9,26000000000,26.0000,,,5000,success,fixture
19BiVdxUrBpJLNCVZwKD1m1FfbYZhq3TsKUzNvdLpf6jqwbTbiouvLfiZYmJfnDmC1EoeABRcwSZX2ikEXQQpsYb,250948575,2026-02-05T09:23:50Z,7xKXtg2CW87d97TXJSDpbD5jBkheTqA83TZRuJosgAsU,Counterparty_11_b3669cbd,high,out,EPjFWdd5AufqSSqeM2qN1xzybapC8G4wEGGkZwyTDt1v,USDC,6,23207880000,23207.88,1.00,23207.88,5000,success,fixture
i15pR6hxaFC6NBd34vYK5tpRyRnmJE3cR2tKAcwjG7SY9E9wLRvpHJX83R4sS4UWiGYWabygB5H8b834WBtf2ZjH,250959342,2026-02-05T10:35:37Z,7xKXtg2CW87d97TXJSDpbD5jBkheTqA83TZRuJosgAsU,Counterparty_15_69842a97,high,out,Es9vMFrzaCERmJfrF4H2FYD4KCoNkY11McCe8BenwNYB,USDT,6,17567920000,17567.92,1.00,17567.92,5000,success,fixture
RVYaX8fxiBJqfXjCRMNqyW5DSKdvTXHmQ7mpLMFVPqCPVoLtLktuabAwM9oTivfd4n8uaQ7q7u8MpUXzGsFbxP5M,251087127,2026-02-06T00:47:31Z,7xKXtg2CW87d97TXJSDpbD5jBkheTqA83TZRuJosgAsU,Counterparty_14_829f4116,high,out,EPjFWdd5AufqSSqeM2qN1xzybapC8G4wEGGkZwyTDt1v,USDC,6,13877630000,13877.63,1.00,13877.63,5000,success,fixture
BzB5Zj7Sdc5ivKz7FsqLvJjXRmy4neHucEmYtVK2p9etox9bSKjhGDr2tAUwhPp2doieRnuC8czDTRVW8fpRTTU5,251101250,2026-02-06T02:21:40Z,7xKXtg2CW87d97TXJSDpbD5jBkheTqA83TZRuJosgAsU,Counterparty_00_9d79b1a3,high,in,SOL,SOL,9,30000000000,30.0000,,,0,success,fixture
c1Qeb2jx8xarcZ11mG11NDWbAbSxapXhBsoiwhA4qD1W54wb5zqUdpBBExneWRiSB8QJ5Pwm5ec4V1vrkz9Wo9gj,251122267,2026-02-06T04:41:47Z,7xKXtg2CW87d97TXJSDpbD5jBkheTqA83TZRuJosgAsU,Counterparty_05_903bb13e,high,out,EPjFWdd5AufqSSqeM2qN1xzybapC8G4wEGGkZwyTDt1v,USDC,6,5168840000,5168.84,1.00,5168.84,5000,success,fixture
ZZzcseQudBk4bM8P6rC9ixZTR32degnWmKdJ87rV8Qez4GSKvZoYGX9mPgktjr2q7AMfdUZJamEJqFm9dkmVbjUh,251132735,2026-02-06T05:51:34Z,7xKXtg2CW87d97TXJSDpbD5jBkheTqA83TZRuJosgAsU,Counterparty_15_69842a97,high,in,EPjFWdd5AufqSSqeM2qN1xzybapC8G4wEGGkZwyTDt1v,USDC,6,21633230000,21633.23,1.00,21633.23,0,success,fixture
kwdNXCoxvZGfVaD1kw5cfcUuQhiewrkaKSqshmo2vVqKNxTBjMkpRhW1zEBV7bthZVPaVuN4secx3j93YNyj93HS,251268842,2026-02-06T20:58:57Z,7xKXtg2CW87d97TXJSDpbD5jBkheTqA83TZRuJosgAsU,Counterparty_25_a6c1ad8f,high,out,Es9vMFrzaCERmJfrF4H2FYD4KCoNkY11McCe8BenwNYB,USDT,6,15262360000,15262.36,1.00,15262.36,5000,success,fixture
8DeLZmicKqcbCSgm5D66nfyjSwHAnNbPS9R7wpuyytKgd6MFVu3GcAjJ2YFvmFGyFVitEA1KG2wgXvVTccdDTCwa,251336080,2026-02-07T04:27:12Z,7xKXtg2CW87d97TXJSDpbD5jBkheTqA83TZRuJosgAsU,Counterparty_18_6ecaa007,high,out,Es9vMFrzaCERmJfrF4H2FYD4KCoNkY11McCe8BenwNYB,USDT,6,12784950000,12784.95,1.00,12784.95,5000,success,fixture
2K8ECurk55HV8UPjS1mfLNRQELUgeXhge3kY3YMP2HmXxtRqbr7UmegyPkY2R3Yqz6XHb66Govnh7WRpNGfX3MLc,251360630,2026-02-07T07:10:52Z,7xKXtg2CW87d97TXJSDpbD5jBkheTqA83TZRuJosgAsU,Counterparty_24_b30fcb06,high,out,Es9vMFrzaCERmJfrF4H2FYD4KCoNkY11McCe8BenwNYB,USDT,6,7196780000,7196.78,1.00,7196.78,5000,success,fixture
ZxosrhsLrfj4YeEbjcKr8wGRcoNCbiD1kU6NiGX279poHBjKjHTBzUEoBQ7qKLbmch55Ax8w1G5rrsqJC8qVN8Zr,251370982,2026-02-07T08:19:53Z,7xKXtg2CW87d97TXJSDpbD5jBkheTqA83TZRuJosgAsU,Counterparty_26_2906e732,high,out,EPjFWdd5AufqSSqeM2qN1xzybapC8G4wEGGkZwyTDt1v,USDC,6,4100610000,4100.61,1.00,4100.61,5000,success,fixture
SXAJND2YSBLvwcJFDYfoYUUwBYj4P75MnXfKAGaYtETY1LhBNhLkgUg8f9aKNoQtmx9QdX52VQTGEMmFxzMhzXsJ,251374837,2026-02-07T08:45:35Z,7xKXtg2CW87d97TXJSDpbD5jBkheTqA83TZRuJosgAsU,Counterparty_17_f3e82208,high,out,EPjFWdd5AufqSSqeM2qN1xzybapC8G4wEGGkZwyTDt1v,USDC,6,10948890000,10948.89,1.00,10948.89,5000,success,fixture
wcKR37XBpSzAZr1GEmySLf4ZutKsyjYKd6h6UtGHwinFwk3F74nm7RTGrRUCqAaJQvML5Kq1bhNWgwRABzdP5qv7,251379610,2026-02-07T09:17:24Z,7xKXtg2CW87d97TXJSDpbD5jBkheTqA83TZRuJosgAsU,Counterparty_20_8ba8f837,high,in,EPjFWdd5AufqSSqeM2qN1xzybapC8G4wEGGkZwyTDt1v,USDC,6,17370540000,17370.54,1.00,17370.54,0,success,fixture
u8yqJYTHrAYZutesUw8MXGcNMpqx89br5zVYNt79FeQqdYZ7NQHARwh3qjtfWBFoR2AKsKUqpvQrJUrWWA3P5V72,251432435,2026-02-07T15:09:34Z,7xKXtg2CW87d97TXJSDpbD5jBkheTqA83TZRuJosgAsU,Counterparty_14_829f4116,high,in,EPjFWdd5AufqSSqeM2qN1xzybapC8G4wEGGkZwyTDt1v,USDC,6,16485590000,16485.59,1.00,16485.59,0,success,fixture
ab4mPw35Nu8FVjZjTryCTZHygV3KAH5TodjZ8KAx1VRjb6Vi13Ub5zHFUQdXAjFfpisWSTp7k4MH8xWs6M32sYU1,251575572,2026-02-08T07:03:49Z,7xKXtg2CW87d97TXJSDpbD5jBkheTqA83TZRuJosgAsU,Counterparty_02_d11a6706,high,out,Es9vMFrzaCERmJfrF4H2FYD4KCoNkY11McCe8BenwNYB,USDT,6,15080440000,15080.44,1.00,15080.44,5000,success,fixture
xRRV3FERCjUb4jL3bqP2fqzNvHtqeEq2NovgUxUsopq4t7cRokKwbWUdodraHBRWpG91JtkJ6GrbKNdS3gJQJjHs,251581122,2026-02-08T07:40:49Z,7xKXtg2CW87d97TXJSDpbD5jBkheTqA83TZRuJosgAsU,Counterparty_20_8ba8f837,high,out,EPjFWdd5AufqSSqeM2qN1xzybapC8G4wEGGkZwyTDt1v,USDC,6,10156720000,10156.72,1.00,10156.72,5000,success,fixture
XFJNGhzvkE4CFUL7wCAKqXH2hdbQDnuWB4GFP3M5S49Gu9M7u2Yn6QPMbwY4teJhm4JAAziukkLNSL56egBQuQw6,251652035,2026-02-08T15:33:34Z,7xKXtg2CW87d97TXJSDpbD5jBkheTqA83TZRuJosgAsU,Counterparty_04_57526846,high,out,EPjFWdd5AufqSSqeM2qN1xzybapC8G4wEGGkZwyTDt1v,USDC,6,1266620000,1266.62,1.00,1266.62,5000,success,fixture
nmQ2xdRvGfdHYcDzKac5mJS1qkqcAHmVL1pWdmwLELLKt8jWuQRUwR6vfSC6FBGeCgQ18kweXtR63qD9t7SNwtZn,251754482,2026-02-09T02:56:33Z,7xKXtg2CW87d97TXJSDpbD5jBkheTqA83TZRuJosgAsU,Counterparty_00_9d79b1a3,high,out,EPjFWdd5AufqSSqeM2qN1xzybapC8G4wEGGkZwyTDt1v,USDC,6,12502850000,12502.85,1.00,12502.85,5000,success,fixture
sZAzFcAahbc7S6FWi6eyMkZbwr2YFsvuAY8LRFPNKAbLUuauTEqhnrubVC4ExBDaFqAq9X4LgHGyy9XmK2BRPNcM,251766112,2026-02-09T04:14:05Z,7xKXtg2CW87d97TXJSDpbD5jBkheTqA83TZRuJosgAsU,Counterparty_19_5a69fc17,high,in,EPjFWdd5AufqSSqeM2qN1xzybapC8G4wEGGkZwyTDt1v,USDC,6,18440060000,18440.06,1.00,18440.06,0,success,fixture
1oWxiwcRy8yUf14uaMGHnWMM4pVLa7HLLGqeHJTpfBSSCTrEfzP7ema7nuFbyFDJmxgiL6MNzCdpwwgBWWXkW6DQ,251774810,2026-02-09T05:12:04Z,7xKXtg2CW87d97TXJSDpbD5jBkheTqA83TZRuJosgAsU,Counterparty_17_f3e82208,high,out,Es9vMFrzaCERmJfrF4H2FYD4KCoNkY11McCe8BenwNYB,USDT,6,21305520000,21305.52,1.00,21305.52,5000,success,fixture
69UymqPWwhadcvxCR1L6cw1qzdQ95sWQNZM8WYWKn6jp9YKRfCs57bktvicAJ6fneS9UJCBAfXNZe5V4tnyyHooQ,251868725,2026-02-09T15:38:10Z,7xKXtg2CW87d97TXJSDpbD5jBkheTqA83TZRuJosgAsU,Counterparty_08_a96089bc,high,in,EPjFWdd5AufqSSqeM2qN1xzybapC8G4wEGGkZwyTDt1v,USDC,6,18238440000,18238.44,1.00,18238.44,0,success,fixture
EkCTihPM7F9XT6iWfuLoc2k9JPumPebP8R3977dj8Mbev6BtUbySqmKoftbyTHXcUsyZkT9EWR41ZaJLWH2ZpFVu,251896155,2026-02-09T18:41:02Z,7xKXtg2CW87d97TXJSDpbD5jBkheTqA83TZRuJosgAsU,Counterparty_21_18aa8f3b,high,out,SOL,SOL,9,41000000000,41.0000,,,5000,success,fixture
qyGJtHeQU2Y5HzaXrSP4unYWPqnAPnxiWAF5uRqpE8S2vDjYiZo56iwjpr4MrymqVw2DqwdgRxrE4USxW21PffJS,251923192,2026-02-09T21:41:17Z,7xKXtg2CW87d97TXJSDpbD5jBkheTqA83TZRuJosgAsU,Counterparty_29_8c088ab3,high,out,Es9vMFrzaCERmJfrF4H2FYD4KCoNkY11McCe8BenwNYB,USDT,6,13105500000,13105.50,1.00,13105.50,5000,success,fixture
ceMqFBtuREbg2B6dpgJtY87GwTFGWgBzCFJ71GjLUexfwRVEF7w6TnVVApyRwgqR2bqJEykYUsyaNM2YZgRvVfEQ,251925525,2026-02-09T21:56:50Z,7xKXtg2CW87d97TXJSDpbD5jBkheTqA83TZRuJosgAsU,Counterparty_04_57526846,high,out,EPjFWdd5AufqSSqeM2qN1xzybapC8G4wEGGkZwyTDt1v,USDC,6,23002870000,23002.87,1.00,23002.87,5000,success,fixture
ASrWPNHVPDtnrgUtKsn6UEa9N67XwuAuhD4DvtPZB6XtCRFkGx2br4spHcvuhh1bymZnUym67BrQZ2LLmyF4SMkv,251967562,2026-02-10T02:37:05Z,7xKXtg2CW87d97TXJSDpbD5jBkheTqA83TZRuJosgAsU,Counterparty_24_b30fcb06,high,out,Es9vMFrzaCERmJfrF4H2FYD4KCoNkY11McCe8BenwNYB,USDT,6,4257110000,4257.11,1.00,4257.11,5000,success,fixture
qosLMt4Qo3fCbJSWBou14WDJCqfqDd3mWVFpYAweMJhsPjhk1Gc25T9NcP8P3k9mmh1LN2jCc7LENFy59WfHrkkk,251994742,2026-02-10T05:38:17Z,7xKXtg2CW87d97TXJSDpbD5jBkheTqA83TZRuJosgAsU,Counterparty_21_18aa8f3b,high,in,Es9vMFrzaCERmJfrF4H2FYD4KCoNkY11McCe8BenwNYB,USDT,6,24695620000,24695.62,1.00,24695.62,0,success,fixture
LhLbk6Gbja8d487qwJuNmTYsmSWVTz5exN9JdSp27X3dAs7VULN5zXxWqt39yAjEc1HnPFLVZxBVWj9MxDoA4gPh,252117270,2026-02-10T19:15:08Z,7xKXtg2CW87d97TXJSDpbD5jBkheTqA83TZRuJosgAsU,Counterparty_18_6ecaa007,high,out,Es9vMFrzaCERmJfrF4H2FYD4KCoNkY11McCe8BenwNYB,USDT,6,17536340000,17536.34,1.00,17536.34,5000,success,fixture
1daNJP4ThfEtNhXSGjEZxi8CDyMvLiDiEU3SA1EYT49ht3hY3VGXGzSTub3G6UvfiVU2Vnf1JzRiU23NNeqGp5ee,252254110,2026-02-11T10:27:24Z,7xKXtg2CW87d97TXJSDpbD5jBkheTqA83TZRuJosgAsU,Counterparty_08_a96089bc,high,out,SOL,SOL,9,22000000000,22.0000,,,5000,success,fixture
uinFDTTaqweKufKfAYcEUXXJKYDBKNV8dNwQJdqUbHXBWkS3H5oCzb6XY8Y6ReevvKJLCicDeREvCJY3z1LBekjQ,252324702,2026-02-11T18:18:01Z,7xKXtg2CW87d97TXJSDpbD5jBkheTqA83TZRuJosgAsU,Counterparty_10_6d2d3cad,high,out,Es9vMFrzaCERmJfrF4H2FYD4KCoNkY11McCe8BenwNYB,USDT,6,15481140000,15481.14,1.00,15481.14,5000,success,fixture
Ai7wLFRTMqwzdKPzDccCE9GLsNoGEPRTZtB9rqafoqTuQrXjQLfzhAj1sFvmgc18DFthWhS5sg5zQkWX17Ly686P,252341600,2026-02-11T20:10:40Z,7xKXtg2CW87d97TXJSDpbD5jBkheTqA83TZRuJosgAsU,Counterparty_23_44e61d9a,high,out,EPjFWdd5AufqSSqeM2qN1xzybapC8G4wEGGkZwyTDt1v,USDC,6,12566190000,12566.19,1.00,12566.19,5000,success,fixture
bLGgbvZdyDmd2Gn7UfTHRUa1rAuvSjxocXKpcP8hh7VuyUjnmU8AJYttkRicMsmeWRULsUdBUQfkzh3CcBXvWmLT,252351880,2026-02-11T21:19:12Z,7xKXtg2CW87d97TXJSDpbD5jBkheTqA83TZRuJosgAsU,Counterparty_19_5a69fc17,high,out,SOL,SOL,9,39000000000,39.0000,,,5000,success,fixture
AGuEMb9DNtwx2UCWLj6ptvsQXz4zZwxuaDBZSw3H7R7LFNvJFtnLe8nqinZdAvLuPjMVoKiThKoFDF4Ju2Ezy3jj,252356860,2026-02-11T21:52:24Z,7xKXtg2CW87d97TXJSDpbD5jBkheTqA83TZRuJosgAsU,Counterparty_26_2906e732,high,out,EPjFWdd5AufqSSqeM2qN1xzybapC8G4wEGGkZwyTDt1v,USDC,6,2765640000,2765.64,1.00,2765.64,5000,success,fixture
W7LubsciEy3NpLP2sxsc9YhPkyfbtnSaQc7fYJZckmsLTiVHbyABDBsbSHBuN1LTJW6mvpmsYK9RQuubbztL4TUs,252460862,2026-02-12T09:25:45Z,7xKXtg2CW87d97TXJSDpbD5jBkheTqA83TZRuJosgAsU,Counterparty_02_d11a6706,high,in,EPjFWdd5AufqSSqeM2qN1xzybapC8G4wEGGkZwyTDt1v,USDC,6,935100000,935.10,1.00,935.10,0,success,fixture
1nvSsKGEkACrqUhorA9YVWWEE5TyoZm3SSLoX2tV1EcQ4GRt3NgMBgZsL9hK6ou3hXsnLo49zYJ2kixUXsqQZBUW,252470817,2026-02-12T10:32:07Z,7xKXtg2CW87d97TXJSDpbD5jBkheTqA83TZRuJosgAsU,Counterparty_13_34249d8b,high,in,EPjFWdd5AufqSSqeM2qN1xzybapC8G4wEGGkZwyTDt1v,USDC,6,179550000,179.55,1.00,179.55,0,success,fixture
J6Wn9L8oNNGxSf7MbNMWKwe2RCvYdtR1BJBQV4GqEFjAgsNkfKPCFw6Mhbt9aRF3J2v9fUSCzymgf6VB7YKBf9v9,252676782,2026-02-13T09:25:13Z,7xKXtg2CW87d97TXJSDpbD5jBkheTqA83TZRuJosgAsU,Counterparty_00_9d79b1a3,high,out,EPjFWdd5AufqSSqeM2qN1xzybapC8G4wEGGkZwyTDt1v,USDC,6,15304690000,15304.69,1.00,15304.69,5000,success,fixture
Z8gLmbrHn99UyCEm41ET1V99GM3ApiaF1nzDjJkAyuhJDWNtEd8UrdAwc2xf8xTnSF8UvzsUgRvcXokL1GEw1HQJ,252714642,2026-02-13T13:37:37Z,7xKXtg2CW87d97TXJSDpbD5jBkheTqA83TZRuJosgAsU,Counterparty_29_8c088ab3,high,out,EPjFWdd5AufqSSqeM2qN1xzybapC8G4wEGGkZwyTDt1v,USDC,6,718490000,718.49,1.00,718.49,5000,success,fixture
9SPcdnEjHwWNfWxcwEFMKZZnEPYz6fC7KdSXd6uHRGznZThRwKkvGtA2yE6Ym9ujTUQAraALSbNHwyezBoYj9K13,252742797,2026-02-13T16:45:19Z,7xKXtg2CW87d97TXJSDpbD5jBkheTqA83TZRuJosgAsU,Counterparty_25_a6c1ad8f,high,in,Es9vMFrzaCERmJfrF4H2FYD4KCoNkY11McCe8BenwNYB,USDT,6,24172860000,24172.86,1.00,24172.86,0,success,fixture
X1jswHFNjm7YQfD6VBUx5y3bkuHMSDi5qyHVkeS7rCTN4abnffYQNZuMDyXefjXbZv6UnTZh3gSN57dcqzZcVKiL,252790862,2026-02-13T22:05:45Z,7xKXtg2CW87d97TXJSDpbD5jBkheTqA83TZRuJosgAsU,Counterparty_22_d1f65e81,high,out,EPjFWdd5AufqSSqeM2qN1xzybapC8G4wEGGkZwyTDt1v,USDC,6,6020100000,6020.10,1.00,6020.10,5000,success,fixture
iVBB67EbuRd3pZXy5iRYAC82tuHMxnrJpTs8Y8dBct5Xv1WHLGT4AuFqLKwsz9CQA6iS1ANCEeJq6Aojo2eJLpuV,252903067,2026-02-14T10:33:47Z,7xKXtg2CW87d97TXJSDpbD5jBkheTqA83TZRuJosgAsU,Counterparty_25_a6c1ad8f,high,out,Es9vMFrzaCERmJfrF4H2FYD4KCoNkY11McCe8BenwNYB,USDT,6,12415780000,12415.78,1.00,12415.78,5000,success,fixture
WWJUVtHEDL1dnkW4MNNs28mkuDEDurKxyFp6rXo9kYmKgUmF7ZZPGpH2qASz8uk48NpawMxAREzBE63VmsawnhNX,252938912,2026-02-14T14:32:45Z,7xKXtg2CW87d97TXJSDpbD5jBkheTqA83TZRuJosgAsU,Counterparty_15_69842a97,high,out,Es9vMFrzaCERmJfrF4H2FYD4KCoNkY11McCe8BenwNYB,USDT,6,9318530000,9318.53,1.00,9318.53,5000,success,fixture
XvHSSynTfqYvjJXAswzp6W8qBKrFQRUZjtGsp4EAPqDRwdQnAyQMbVopyRYEMo1Xcq6p4jYCamFifLtWvRJoTpk5,252955340,2026-02-14T16:22:16Z,7xKXtg2CW87d97TXJSDpbD5jBkheTqA83TZRuJosgAsU,Counterparty_05_903bb13e,high,out,EPjFWdd5AufqSSqeM2qN1xzybapC8G4wEGGkZwyTDt1v,USDC,6,8629780000,8629.78,1.00,8629.78,5000,success,fixture
etU5Kfs3dw614f7USPvjexMLNLoG347XyaxJwS9ipxYoLxqimBtu1iMCun9NjkcdZzWkuD4YrDB7TSQurzSdy73p,253051407,2026-02-15T03:02:43Z,7xKXtg2CW87d97TXJSDpbD5jBkheTqA83TZRuJosgAsU,Counterparty_14_829f4116,high,in,Es9vMFrzaCERmJfrF4H2FYD4KCoNkY11McCe8BenwNYB,USDT,6,22341850000,22341.85,1.00,22341.85,0,success,fixture
EFzDVxGSELUyRdBvQHc69q6KVaPFe3WZgNUVWUTQtYMJR2CVFHi5Pz6KvZZbi6sJF785Q3bDNDkNHLpurkwJDnf9,253070605,2026-02-15T05:10:42Z,7xKXtg2CW87d97TXJSDpbD5jBkheTqA83TZRuJosgAsU,Counterparty_27_b10f4db7,high,out,Es9vMFrzaCERmJfrF4H2FYD4KCoNkY11McCe8BenwNYB,USDT,6,8656010000,8656.01,1.00,8656.01,5000,success,fixture
gw4ZNVNFrpWfLVSqE7anEiHCnd21BKeBiYbsNBwDKSoj6M5szB8quUYSp1uafT362RzUxMZygVZkBnL9pQwTQc9q,253103410,2026-02-15T08:49:24Z,7xKXtg2CW87d97TXJSDpbD5jBkheTqA83TZRuJosgAsU,Counterparty_18_6ecaa007,high,in,EPjFWdd5AufqSSqeM2qN1xzybapC8G4wEGGkZwyTDt1v,USDC,6,10901320000,10901.32,1.00,10901.32,0,success,fixture
iQ4jTqxwb1fbDZpE5xeFHUMm4CqYMZU4GhLppzPRDmGwErbdAGLgyQ9JrMV4N5MxyxNoXwah9SDbb1uhDtBJkpxA,253110260,2026-02-15T09:35:04Z,7xKXtg2CW87d97TXJSDpbD5jBkheTqA83TZRuJosgAsU,Counterparty_14_829f4116,high,in,EPjFWdd5AufqSSqeM2qN1xzybapC8G4wEGGkZwyTDt1v,USDC,6,21893670000,21893.67,1.00,21893.67,0,success,fixture
9omfyLCoAmu3jkcNeM1Ds7Asqmv7QNdPdgwpQdrCJ5fmV8USNMtERt38b67iXr1E9c3jGAmPDbDS5yKJumng8XeA,253134535,2026-02-15T12:16:54Z,7xKXtg2CW87d97TXJSDpbD5jBkheTqA83TZRuJosgAsU,Counterparty_26_2906e732,high,in,Es9vMFrzaCERmJfrF4H2FYD4KCoNkY11McCe8BenwNYB,USDT,6,11173090000,11173.09,1.00,11173.09,0,success,fixture
rD6VZ2tXzZADNXoxaLrMArx7uak9Eo3WRnxa81L3kwfx6NWy37arjpL2dqLhzEMDDKJbMrVj8JABJ81gcZ7EbPcM,253136922,2026-02-15T12:32:49Z,7xKXtg2CW87d97TXJSDpbD5jBkheTqA83TZRuJosgAsU,Counterparty_08_a96089bc,high,in,Es9vMFrzaCERmJfrF4H2FYD4KCoNkY11McCe8BenwNYB,USDT,6,9382730000,9382.73,1.00,9382.73,0,success,fixture
Kkh4wKGEEEquPDvaHeMyn8SoFtAt767nfWaWoys8b4fDGe6hkDYE9SiMF3yTw3o56qgqZYqMR7WZwTrcoxaz11CE,253149165,2026-02-15T13:54:26Z,7xKXtg2CW87d97TXJSDpbD5jBkheTqA83TZRuJosgAsU,Counterparty_26_2906e732,high,in,SOL,SOL,9,6000000000,6.0000,,,0,success,fixture
FfWgfWkkaxEkE6mQ2GB7fZQqeukTPtQr6kko29N1SUUypiaShjr3SiWFLYTX6xLvddkbUGAcePog6yo1FaNCLAwX,253189025,2026-02-15T18:20:10Z,7xKXtg2CW87d97TXJSDpbD5jBkheTqA83TZRuJosgAsU,Counterparty_12_50e165e4,high,in,EPjFWdd5AufqSSqeM2qN1xzybapC8G4wEGGkZwyTDt1v,USDC,6,10757450000,10757.45,1.00,10757.45,0,success,fixture
nDyukCEhub89a6V5ysxaugiodqFPxLkVpkwpMy9u85zBVpMeUGqwYzuE56LfvEG7z2bZSBG4uUorNseyHkv22Gub,253316717,2026-02-16T08:31:27Z,7xKXtg2CW87d97TXJSDpbD5jBkheTqA83TZRuJosgAsU,Counterparty_03_fb40d6bd,high,out,Es9vMFrzaCERmJfrF4H2FYD4KCoNkY11McCe8BenwNYB,USDT,6,8077900000,8077.90,1.00,8077.90,5000,success,fixture
9TS1HvzNuv4eQUDC5XvKi32nFg54pq6dFGQqDbgC9BLvW66eFRw1m3T2aAWYj3MSJS8kpTvv4XUx9SKEnanP11dM,253335095,2026-02-16T10:33:58Z,7xKXtg2CW87d97TXJSDpbD5jBkheTqA83TZRuJosgAsU,Counterparty_07_e9c1b823,high,out,EPjFWdd5AufqSSqeM2qN1xzybapC8G4wEGGkZwyTDt1v,USDC,6,8992540000,8992.54,1.00,8992.54,5000,success,fixture
53gx82krHS34uNCi3LeNuRzTbtSnP62DcvfPEXkhC9WrnraFudzCpf1BNsECLJabbx2YrTfuonUPWXsSMLEdPfBc,253364767,2026-02-16T13:51:47Z,7xKXtg2CW87d97TXJSDpbD5jBkheTqA83TZRuJosgAsU,Counterparty_18_6ecaa007,high,in,EPjFWdd5AufqSSqeM2qN1xzybapC8G4wEGGkZwyTDt1v,USDC,6,7834970000,7834.97,1.00,7834.97,0,success,fixture
MTSqMkt7H5kFLD2zVSaiwFAdrZVRtmc6ihpU3Ptoh6e7Xs1BkJCxGUpGVHojEWGb35E5aHDK5DPxkXn8tUpcAT85,253379775,2026-02-16T15:31:50Z,7xKXtg2CW87d97TXJSDpbD5jBkheTqA83TZRuJosgAsU,Counterparty_03_fb40d6bd,high,out,SOL,SOL,9,34000000000,34.0000,,,5000,success,fixture
hjLoKhN2mFydcSDayzDpHRRfq2a8HKfaS39fnSsNFCkcnzFx5PjD2X2Wzft7g3sKnamYaU25P4ZnqhtFGJtM5Cfa,253481715,2026-02-17T02:51:26Z,7xKXtg2CW87d97TXJSDpbD5jBkheTqA83TZRuJosgAsU,Counterparty_04_57526846,high,out,SOL,SOL,9,21000000000,21.0000,,,5000,success,fixture
nDMxA6msrrdoRtw2e829WUsJY5qrxLCHkiFB675uhe49UiTqk9GYVDhc7sFwsG1gzbG7HQBGYbrs1ELREtDpyCZV,253495282,2026-02-17T04:21:53Z,7xKXtg2CW87d97TXJSDpbD5jBkheTqA83TZRuJosgAsU,Counterparty_08_a96089bc,high,out,EPjFWdd5AufqSSqeM2qN1xzybapC8G4wEGGkZwyTDt1v,USDC,6,12040530000,12040.53,1.00,12040.53,5000,success,fixture
VS6e8qhZ8pzzLgybETYaHg1G9v6VVJdvm68rXUVNQ2mjs3JDuYNixDpx7NuVPijx9zCgM4nbGucS3De4EUYKcUVw,253549120,2026-02-17T10:20:48Z,7xKXtg2CW87d97TXJSDpbD5jBkheTqA83TZRuJosgAsU,Counterparty_11_b3669cbd,high,out,EPjFWdd5AufqSSqeM2qN1xzybapC8G4wEGGkZwyTDt1v,USDC,6,12133260000,12133.26,1.00,12133.26,5000,success,fixture
QSG3pZmAdBhHhc9ZWFvxBt83yXknaaD6BhVFnUPqKbPAC1X915gVw2cK9bXHvk5UknBYgmUqyEhSM5BgooMPN6kn,253603847,2026-02-17T16:25:39Z,7xKXtg2CW87d97TXJSDpbD5jBkheTqA83TZRuJosgAsU,Counterparty_00_9d79b1a3,high,in,SOL,SOL,9,10000000000,10.0000,,,0,success,fixture
FLQmXmJ8hVNRPxtgoCE149CKC9FV6SRLFEjoDptwmP6tfggVhpB555M9gBVqw1vsgkeEo4TtXUhH94hnms8or6Yq,253624240,2026-02-17T18:41:36Z,7xKXtg2CW87d97TXJSDpbD5jBkheTqA83TZRuJosgAsU,Counterparty_26_2906e732,high,out,Es9vMFrzaCERmJfrF4H2FYD4KCoNkY11McCe8BenwNYB,USDT,6,8147090000,8147.09,1.00,8147.09,5000,success,fixture
HTJcymNMP7kSdoEBnK3vNzqhzVqsksK76hdEQDd7h1GZire5mSurSYVk2gxkQA5ZvNkZwRayn3HmDfHAe13sZkja,253624872,2026-02-17T18:45:49Z,7xKXtg2CW87d97TXJSDpbD5jBkheTqA83TZRuJosgAsU,Counterparty_18_6ecaa007,high,in,EPjFWdd5AufqSSqeM2qN1xzybapC8G4wEGGkZwyTDt1v,USDC,6,17789810000,17789.81,1.00,17789.81,0,success,fixture
VL5fXPEuX4k4wUGBGffcjhczYWEFQB71aNaDhWQPkbzssCTFB6afJtrrQy7o4caPqZdnmeanj6a87tfgJCc8Yuyn,253654660,2026-02-17T22:04:24Z,7xKXtg2CW87d97TXJSDpbD5jBkheTqA83TZRuJosgAsU,Counterparty_17_f3e82208,high,in,EPjFWdd5AufqSSqeM2qN1xzybapC8G4wEGGkZwyTDt1v,USDC,6,21154000000,21154.00,1.00,21154.00,0,success,fixture
MPfiyGK9fSXj8j55HbEYnpuPzwFVnLQrcKxiGazJMmbZ74PzTngYJ6E9vaFLpcE8QousA3GmViqW82Yv3JJeRLu6,253667450,2026-02-17T23:29:40Z,7xKXtg2CW87d97TXJSDpbD5jBkheTqA83TZRuJosgAsU,Counterparty_01_7f31801c,high,out,Es9vMFrzaCERmJfrF4H2FYD4KCoNkY11McCe8BenwNYB,USDT,6,12680630000,12680.63,1.00,12680.63,5000,success,fixture
5c6YjLqdWGr586KzfUGEUw2dbgn7x4Mj1KkqMfqRhw7giVziJ42wnQgYQraEHkKPfpJB62nLB2kZzKu6yZCbhTMJ,253704560,2026-02-18T03:37:04Z,7xKXtg2CW87d97TXJSDpbD5jBkheTqA83TZRuJosgAsU,Counterparty_18_6ecaa007,high,in,Es9vMFrzaCERmJfrF4H2FYD4KCoNkY11McCe8BenwNYB,USDT,6,18030560000,18030.56,1.00,18030.56,0,success,fixture
LQZbE75L5LyX4im7qAFisMw4DSbV8MhqSurbf5p3ehVyxVgVb4xyAFhLtrhJPUZKHTXdtK2qFurUowULu25UE9gM,253750752,2026-02-18T08:45:01Z,7xKXtg2CW87d97TXJSDpbD5jBkheTqA83TZRuJosgAsU,Counterparty_15_69842a97,high,in,Es9vMFrzaCERmJfrF4H2FYD4KCoNkY11McCe8BenwNYB,USDT,6,16681840000,16681.84,1.00,16681.84,0,success,fixture
mw5PZ7KskLf6KqVRSuj2XBbF9pSstwbKhALkysxoiQ1cxcA831dfSbc6LEppzoPETziwZABCFgvHD8Cjtdw4wqcW,253818230,2026-02-18T16:14:52Z,7xKXtg2CW87d97TXJSDpbD5jBkheTqA83TZRuJosgAsU,Counterparty_20_8ba8f837,high,out,EPjFWdd5AufqSSqeM2qN1xzybapC8G4wEGGkZwyTDt1v,USDC,6,22109080000,22109.08,1.00,22109.08,5000,success,fixture
kmHSA7YyRHjDKfxDwdzK7UsynqyRVH3VczkckymTdZpvxmzvQbMVJg5q64SitUWiAUK6ZVgGieVbgzMEWX45BJdE,253857495,2026-02-18T20:36:38Z,7xKXtg2CW87d97TXJSDpbD5jBkheTqA83TZRuJosgAsU,Counterparty_28_89d35ea6,high,in,EPjFWdd5AufqSSqeM2qN1xzybapC8G4wEGGkZwyTDt1v,USDC,6,8815450000,8815.45,1.00,8815.45,0,success,fixture
o7i7W4pPrSJWhxkUpNbhQWqQVe2yFtoFShWxoMheqoJrYf6v2ueqgngevhEpuXaKbnwSMBEr3b1KMvEDHyE2Hgub,253899635,2026-02-19T01:17:34Z,7xKXtg2CW87d97TXJSDpbD5jBkheTqA83TZRuJosgAsU,Counterparty_05_903bb13e,high,in,Es9vMFrzaCERmJfrF4H2FYD4KCoNkY11McCe8BenwNYB,USDT,6,1157000000,1157.00,1.00,1157.00,0,success,fixture
P89a6TDvVgeUFy6WGDqDxcvPSchGSdqhNV3oohz4s8Nk3vnGJE8wUAgCDoMSC8wGHuDGQV6rsC2yMYLg9u5FhbU1,253942687,2026-02-19T06:04:35Z,7xKXtg2CW87d97TXJSDpbD5jBkheTqA83TZRuJosgAsU,Counterparty_12_50e165e4,high,out,EPjFWdd5AufqSSqeM2qN1xzybapC8G4wEGGkZwyTDt1v,USDC,6,20132570000,20132.57,1.00,20132.57,5000,success,fixture
1DxVFSDWrxkvPXqu3a5N5mbvn1osWYyybFErUaCT5KmvnLSHzrvPQVPzF54y39TxUcfnVLwCXMV5Jaf5CQP9g7kS,253965192,2026-02-19T08:34:37Z,7xKXtg2CW87d97TXJSDpbD5jBkheTqA83TZRuJosgAsU,Counterparty_11_b3669cbd,high,in,Es9vMFrzaCERmJfrF4H2FYD4KCoNkY11McCe8BenwNYB,USDT,6,16339720000,16339.72,1.00,16339.72,0,success,fixture
Z6vZXFE42CYhuRGn9tWCBEsYFvUgwM4HvEAiRy3Ne4HWFPEMvABTqujQHeE4suqPxEdWyDrLvQ7DkjPtgeUKAT4h,253991137,2026-02-19T11:27:35Z,7xKXtg2CW87d97TXJSDpbD5jBkheTqA83TZRuJosgAsU,Counterparty_12_50e165e4,high,in,Es9vMFrzaCERmJfrF4H2FYD4KCoNkY11McCe8BenwNYB,USDT,6,20090710000,20090.71,1.00,20090.71,0,success,fixture
WzSRpSYPmAwHiLC1vG7vrMXeeY1SzPsc579JQq4sXVcFUFM3ktgTpZ4x7d9AW8qrTTBEwfiFPCzT16WhVCwTNNZ5,254039432,2026-02-19T16:49:33Z,7xKXtg2CW87d97TXJSDpbD5jBkheTqA83TZRuJosgAsU,Counterparty_26_2906e732,high,in,EPjFWdd5AufqSSqeM2qN1xzybapC8G4wEGGkZwyTDt1v,USDC,6,14341120000,14341.12,1.00,14341.12,0,success,fixture
6uy19iuwYu5fq4ksgMwopkx9v1DbjWB798rxtQh5d3hJzPosRBuLuoJTmCA37SNUTEhsGfEkP3aAKDo9R9MGkb6J,254077837,2026-02-19T21:05:35Z,7xKXtg2CW87d97TXJSDpbD5jBkheTqA83TZRuJosgAsU,Counterparty_00_9d79b1a3,high,in,EPjFWdd5AufqSSqeM2qN1xzybapC8G4wEGGkZwyTDt1v,USDC,6,16304400000,16304.40,1.00,16304.40,0,success,fixture
H1UWB4syv4pWaKET8yKAKJCUr1Xsqa5eWPLiFVDmxJvXRJBXFVz92rGiYRFcZiA8JoQaHm7JxjatLpS25dy7GzKH,254104832,2026-02-20T00:05:33Z,7xKXtg2CW87d97TXJSDpbD5jBkheTqA83TZRuJosgAsU,Counterparty_25_a6c1ad8f,high,in,Es9vMFrzaCERmJfrF4H2FYD4KCoNkY11McCe8BenwNYB,USDT,6,22003710000,22003.71,1.00,22003.71,0,success,fixture
DKVSyLruKWBUKg4mazAWviV6oZ8Crezmb9STMV2CWeznzDyW6HMminsBno868nVhQ6anRosZgBRcR3rBNdxjxABx,254135200,2026-02-20T03:28:00Z,7xKXtg2CW87d97TXJSDpbD5jBkheTqA83TZRuJosgAsU,Counterparty_04_57526846,high,in,Es9vMFrzaCERmJfrF4H2FYD4KCoNkY11McCe8BenwNYB,USDT,6,1781530000,1781.53,1.00,1781.53,0,success,fixture
vAcS79uAEBcTkwq8J1nr9hKNL9AHpfABKG2AFm9rm4127D9VafBbjkBHjGN4ievYd7nFNFqBfMR8hYTCeJzpmaJT,254144967,2026-02-20T04:33:07Z,7xKXtg2CW87d97TXJSDpbD5jBkheTqA83TZRuJosgAsU,Counterparty_23_44e61d9a,high,out,Es9vMFrzaCERmJfrF4H2FYD4KCoNkY11McCe8BenwNYB,USDT,6,9467070000,9467.07,1.00,9467.07,5000,success,fixture
GM6hd6daPjj2tNTQh7GFMywcM4b6hHDCvCndZxXzUTnECwYjemn4rJ9EEc71S3ptZg5puY33QA9f6aJPWzvirvKe,254253792,2026-02-20T16:38:37Z,7xKXtg2CW87d97TXJSDpbD5jBkheTqA83TZRuJosgAsU,Counterparty_26_2906e732,high,out,EPjFWdd5AufqSSqeM2qN1xzybapC8G4wEGGkZwyTDt1v,USDC,6,19714020000,19714.02,1.00,19714.02,5000,success,fixture
KeGaRnERAqF5YNhPEEoWDhLXWiUE4xrnUMbPZAWytUPLthsRwge5PkhycdYFh2hGnYqZMa7JjrkmyiLhx9dawnDT,254254962,2026-02-20T16:46:25Z,7xKXtg2CW87d97TXJSDpbD5jBkheTqA83TZRuJosgAsU,Counterparty_17_f3e82208,high,out,EPjFWdd5AufqSSqeM2qN1xzybapC8G4wEGGkZwyTDt1v,USDC,6,20549020000,20549.02,1.00,20549.02,5000,success,fixture
hvMpcuG4HX19Yiad2BwWUHQ8D1kr4Mhs4zw8zgbMYNLXEzbZr1bKCYL2RBZBZMs1VBPMFC1Qm9bQ5MvQz48DNBHW,254273062,2026-02-20T18:47:05Z,7xKXtg2CW87d97TXJSDpbD5jBkheTqA83TZRuJosgAsU,Counterparty_02_d11a6706,high,in,Es9vMFrzaCERmJfrF4H2FYD4KCoNkY11McCe8BenwNYB,USDT,6,18216650000,18216.65,1.00,18216.65,0,success,fixture
kQHZWLaX3NSRAF2wso4vQS1eiLJhSx7Q1w79vyrkroFN4TShQxRUv4wvQ2Pg2vZwQiQmWUNYbzdEutXdmGe7fLYJ,254315417,2026-02-20T23:29:27Z,7xKXtg2CW87d97TXJSDpbD5jBkheTqA83TZRuJosgAsU,Counterparty_07_e9c1b823,high,out,EPjFWdd5AufqSSqeM2qN1xzybapC8G4wEGGkZwyTDt1v,USDC,6,18677750000,18677.75,1.00,18677.75,5000,success,fixture
XgEvFWVwvzF79gXDyJ6pLaN4zrBkmWjQfhvzm2aATbn21f4XAC2cihX6xBq8aewqJPCGfimMdTr39GE5uMtgrzga,254340230,2026-02-21T02:14:52Z,7xKXtg2CW87d97TXJSDpbD5jBkheTqA83TZRuJosgAsU,Counterparty_23_44e61d9a,high,out,Es9vMFrzaCERmJfrF4H2FYD4KCoNkY11McCe8BenwNYB,USDT,6,3867580000,3867.58,1.00,3867.58,5000,success,fixture
6jK81Lkzuca9u2THjPRAih2h2gcDhCnYDUrQAimjdEgW9Qhom94phMRPTmoWgn7yqUVv5zAWutygLtJn27F2PdV9,254349272,2026-02-21T03:15:09Z,7xKXtg2CW87d97TXJSDpbD5jBkheTqA83TZRuJosgAsU,Counterparty_10_6d2d3cad,high,in,EPjFWdd5AufqSSqeM2qN1xzybapC8G4wEGGkZwyTDt1v,USDC,6,24584210000,24584.21,1.00,24584.21,0,success,fixture
Sj1viscG1hWYGUpjRXqQZPeaVzY6oopMWvFFFNFZEYre3CGbopeKsk4MUfoKkvWRq7gBWpya8Apkz3WfhSAJb3yd,254379935,2026-02-21T06:39:34Z,7xKXtg2CW87d97TXJSDpbD5jBkheTqA83TZRuJosgAsU,Counterparty_25_a6c1ad8f,high,out,EPjFWdd5AufqSSqeM2qN1xzybapC8G4wEGGkZwyTDt1v,USDC,6,5339330000,5339.33,1.00,5339.33,5000,success,fixture
CD4CZUxNimNm2kMv9BKp77KsA2STX37M5HMpedA27xSUzGEwpaA99w9J33MFxe9CjC4QR9i27jpgq3w58qEHbLEF,254428667,2026-02-21T12:04:27Z,7xKXtg2CW87d97TXJSDpbD5jBkheTqA83TZRuJosgAsU,Counterparty_18_6ecaa007,high,in,EPjFWdd5AufqSSqeM2qN1xzybapC8G4wEGGkZwyTDt1v,USDC,6,21128220000,21128.22,1.00,21128.22,0,success,fixture
Mzycr53bk28QuEEWJvtDMSW29hiVYBZrW5MRQfUjgQWmejzKPYNdNgdQQ2zNMziGmhR9dnh6V8LZQyyvKz5cFgPB,254474570,2026-02-21T17:10:28Z,7xKXtg2CW87d97TXJSDpbD5jBkheTqA83TZRuJosgAsU,Counterparty_22_d1f65e81,high,out,EPjFWdd5AufqSSqeM2qN1xzybapC8G4wEGGkZwyTDt1v,USDC,6,21818460000,21818.46,1.00,21818.46,5000,success,fixture
uunURVUSMKi1MFphCJBhi8mxTdJFNFmBZpU5Wcj1Qcy5Ga3NVFC8FRrtVwcqicRKPNvQ9T8M82V1pPjQY1QBgQ3c,254649205,2026-02-22T12:34:42Z,7xKXtg2CW87d97TXJSDpbD5jBkheTqA83TZRuJosgAsU,Counterparty_12_50e165e4,high,out,EPjFWdd5AufqSSqeM2qN1xzybapC8G4wEGGkZwyTDt1v,USDC,6,8846370000,8846.37,1.00,8846.37,5000,success,fixture
QEuC3dnGR5Fkh25KLtTJs7gXBndvjK5j4EUYMa1RdroFAnorroazeJ356W5vDy3qGnY2gW7aHTvWe4cWXtmFXEh7,254663060,2026-02-22T14:07:04Z,7xKXtg2CW87d97TXJSDpbD5jBkheTqA83TZRuJosgAsU,Counterparty_13_34249d8b,high,out,Es9vMFrzaCERmJfrF4H2FYD4KCoNkY11McCe8BenwNYB,USDT,6,14761440000,14761.44,1.00,14761.44,5000,success,fixture
VdTFjrWF7kz22biko8YauPBA86QocV6cJMBEQujJpzCUyzZtWHJwkiykY48YDiBxiuk2maTsNypuAFzVWV9dUSkM,254683907,2026-02-22T16:26:03Z,7xKXtg2CW87d97TXJSDpbD5jBkheTqA83TZRuJosgAsU,Counterparty_13_34249d8b,high,in,EPjFWdd5AufqSSqeM2qN1xzybapC8G4wEGGkZwyTDt1v,USDC,6,211140000,211.14,1.00,211.14,0,success,fixture
QScyQvTvSWqyz3RFmSA6dZtSQQ4LeKrqsHLi3VUSDkLfrDnFdTP1LifRBWD9wBR9Uyv86KAHEsTj9vpNicmMJkA7,254687307,2026-02-22T16:48:43Z,7xKXtg2CW87d97TXJSDpbD5jBkheTqA83TZRuJosgAsU,Counterparty_21_18aa8f3b,high,out,Es9vMFrzaCERmJfrF4H2FYD4KCoNkY11McCe8BenwNYB,USDT,6,20948050000,20948.05,1.00,20948.05,5000,success,fixture
PCqFkDojoLXN1trqudw5zXcDPoTDiRvJv3hhjQaNZc57bQPVX6X2VvVQXUzU9W54wtnR73KCrq3G2XEnoPFcRaAw,254694472,2026-02-22T17:36:29Z,7xKXtg2CW87d97TXJSDpbD5jBkheTqA83TZRuJosgAsU,Counterparty_16_9911036c,high,in,EPjFWdd5AufqSSqeM2qN1xzybapC8G4wEGGkZwyTDt1v,USDC,6,15399680000,15399.68,1.00,15399.68,0,success,fixture
CUQVa7KgSFtPM26eEQEz5j62y8oMZLQSVvFy6uFX4m3omn5jmWJdD6zVQT2tYF1C7nmwVEWEGvfXthj36vyx17jy,254716837,2026-02-22T20:05:35Z,7xKXtg2CW87d97TXJSDpbD5jBkheTqA83TZRuJosgAsU,Counterparty_09_a71f3d1a,high,out,EPjFWdd5AufqSSqeM2qN1xzybapC8G4wEGGkZwyTDt1v,USDC,6,5227090000,5227.09,1.00,5227.09,5000,success,fixture
w7TUDGJr48Hmy96QSmDHymNCxTESBtxacTCyEDQW3KJJQQtn8pyiLEJxKA657WNHydHKdNXiKBqu6hcbnLCwhrLR,254741315,2026-02-22T22:48:46Z,7xKXtg2CW87d97TXJSDpbD5jBkheTqA83TZRuJosgAsU,Counterparty_07_e9c1b823,high,out,EPjFWdd5AufqSSqeM2qN1xzybapC8G4wEGGkZwyTDt1v,USDC,6,12128090000,12128.09,1.00,12128.09,5000,success,fixture
3nmvTGJiWLhrk6Z1uHyr93kABD1MrxdXyPWGEruUcriqCZwXRPVQoPP9NZTcMRybQ2oUqRJZXaBjSLxZX8F344CN,254763595,2026-02-23T01:17:18Z,7xKXtg2CW87d97TXJSDpbD5jBkheTqA83TZRuJosgAsU,Counterparty_11_b3669cbd,high,out,EPjFWdd5AufqSSqeM2qN1xzybapC8G4wEGGkZwyTDt1v,USDC,6,8784430000,8784.43,1.00,8784.43,5000,success,fixture
G6U8Wgf4LjpjpC81n9m1BYPaasuoHBQ9prxJoy8rz2NtUJa5Hndh5YWZQ4YwdBQBHr7zdko8FpZ13wx1G3XQRACw,254857502,2026-02-23T11:43:21Z,7xKXtg2CW87d97TXJSDpbD5jBkheTqA83TZRuJosgAsU,Counterparty_01_7f31801c,high,out,Es9vMFrzaCERmJfrF4H2FYD4KCoNkY11McCe8BenwNYB,USDT,6,23497940000,23497.94,1.00,23497.94,5000,success,fixture
zKqC74FYfpdcuCz2LibVdnpEYo3q6CFDNrVvmdtpEpYhXnpPf16Cf9evkg9gAy25FEV1pKMyXyJn1jcyM4oXnKfh,254875265,2026-02-23T13:41:46Z,7xKXtg2CW87d97TXJSDpbD5jBkheTqA83TZRuJosgAsU,Counterparty_02_d11a6706,high,in,SOL,SOL,9,43000000000,43.0000,,,0,success,fixture
Xtvjnqve7wa6jiMaddmbaSqbiDKM9VqDKhUSUR6Y2Y7McXgRLYsrKrkm4av3D6LzepzdbCiMp4b24LRDPb4uukxU,254917752,2026-02-23T18:25:01Z,7xKXtg2CW87d97TXJSDpbD5jBkheTqA83TZRuJosgAsU,Counterparty_23_44e61d9a,high,out,EPjFWdd5AufqSSqeM2qN1xzybapC8G4wEGGkZwyTDt1v,USDC,6,5942650000,5942.65,1.00,5942.65,5000,success,fixture
2AenAr8waxQ5QnjSe7NLM9BoUshYiMCncmygsPFjeuCRLomK9Co1mdSwrd3CfMtgFhd7YANp5GPMBhy6unjhoyNV,254995915,2026-02-24T03:06:06Z,7xKXtg2CW87d97TXJSDpbD5jBkheTqA83TZRuJosgAsU,Counterparty_00_9d79b1a3,high,out,EPjFWdd5AufqSSqeM2qN1xzybapC8G4wEGGkZwyTDt1v,USDC,6,22813080000,22813.08,1.00,22813.08,5000,success,fixture
1RJFLMivnetnWkhjvFv6hqXqG3FFCHesTpvooVNqYzHxN8r1LbJzbw3eLmxVotEv8b6PR2wNwKBX4WfrwezQueny,255086935,2026-02-24T13:12:54Z,7xKXtg2CW87d97TXJSDpbD5jBkheTqA83TZRuJosgAsU,Counterparty_09_a71f3d1a,high,out,EPjFWdd5AufqSSqeM2qN1xzybapC8G4wEGGkZwyTDt1v,USDC,6,3945130000,3945.13,1.00,3945.13,5000,success,fixture
eBroqE7dP4XcYG1ywNkDe2w3GqJhoqhECpgByRA2zNkQrnQnPoRuAyZLfYQRsPoVbmFvtFfGferKE52ekP6bZZPq,255132267,2026-02-24T18:15:07Z,7xKXtg2CW87d97TXJSDpbD5jBkheTqA83TZRuJosgAsU,Counterparty_14_829f4116,high,out,EPjFWdd5AufqSSqeM2qN1xzybapC8G4wEGGkZwyTDt1v,USDC,6,6221670000,6221.67,1.00,6221.67,5000,success,fixture
HkuT32aCmpuGSdRojuvAUyd2CkCA4dVQNk2S7Wrf3UiW2o5Nk7C34EewEHLg3WUfXzB8RCo5ciDkGqkuFephwv5p,255177147,2026-02-24T23:14:19Z,7xKXtg2CW87d97TXJSDpbD5jBkheTqA83TZRuJosgAsU,Counterparty_19_5a69fc17,high,in,EPjFWdd5AufqSSqeM2qN1xzybapC8G4wEGGkZwyTDt1v,USDC,6,12483830000,12483.83,1.00,12483.83,0,success,fixture
hHyRyu2cJFANzSj96oRakgxhkFTGdAULfNVb9Ei9ebktDx9Lmnza9UrAidBM5cbo8CMvyAo2qMyTTLVpuzhpJArD,255201750,2026-02-25T01:58:20Z,7xKXtg2CW87d97TXJSDpbD5jBkheTqA83TZRuJosgAsU,Counterparty_03_fb40d6bd,high,in,EPjFWdd5AufqSSqeM2qN1xzybapC8G4wEGGkZwyTDt1v,USDC,6,20153780000,20153.78,1.00,20153.78,0,success,fixture
hHyRyu2cJFANzSj96oRakgxhkFTGdAULfNVb9Ei9ebktDx9Lmnza9UrAidBM5cbo8CMvyAo2qMyTTLVpuzhpJArD,255201750,2026-02-25T01:58:20Z,7xKXtg2CW87d97TXJSDpbD5jBkheTqA83TZRuJosgAsU,Counterparty_03_fb40d6bd,high,in,EPjFWdd5AufqSSqeM2qN1xzybapC8G4wEGGkZwyTDt1v,USDC,6,20153780000,20153.78,1.00,20153.78,0,success,fixture
noXvub6ZcYtNsZq6Qces8ahzU9GfEWaJ4ZiW5dQX6PwSvyCq714v2HzYns5sdqK3UiNzUaNte3t4DzV1ybTy5LUw,255249907,2026-02-25T07:19:23Z,7xKXtg2CW87d97TXJSDpbD5jBkheTqA83TZRuJosgAsU,Counterparty_06_de562439,high,out,EPjFWdd5AufqSSqeM2qN1xzybapC8G4wEGGkZwyTDt1v,USDC,6,4744580000,4744.58,1.00,4744.58,5000,success,fixture
hiyYyGjChTQu9EHhUQmzzQKUp59ujt4FqqbJpTWkCUHLk45xfuqZgCnZzf8zLkEuNENyuhHuCNhnuU9vbjxUtpi1,255284485,2026-02-25T11:09:54Z,7xKXtg2CW87d97TXJSDpbD5jBkheTqA83TZRuJosgAsU,Counterparty_15_69842a97,high,out,SOL,SOL,9,10000000000,10.0000,,,5000,success,fixture
huWmLiT8933LY87Gyb9RWQjpmbTepoAyTi7vYgTJ3mQEVVGwQ7kQbziP4SJD8wuW6jEihf24sNG9sdE5vqcEeEux,255303027,2026-02-25T13:13:31Z,7xKXtg2CW87d97TXJSDpbD5jBkheTqA83TZRuJosgAsU,Counterparty_07_e9c1b823,high,out,Es9vMFrzaCERmJfrF4H2FYD4KCoNkY11McCe8BenwNYB,USDT,6,19629000000,19629.00,1.00,19629.00,5000,success,fixture
EZTYLnyaMYZG4HsNMeRktyMkrVjSiujsQutWZRck14yPN5wp9ShpXiUHhHfHETFBW3QT7HUPDyHtHC34KA6kZUVH,255395705,2026-02-25T23:31:22Z,7xKXtg2CW87d97TXJSDpbD5jBkheTqA83TZRuJosgAsU,Counterparty_14_829f4116,high,out,EPjFWdd5AufqSSqeM2qN1xzybapC8G4wEGGkZwyTDt1v,USDC,6,12180170000,12180.17,1.00,12180.17,5000,success,fixture
iJZyrssmBmHiGTLbN5VaBmVkQpYXD4qR5HxS26YjHr6fRL2zo44uoeAMTkZsDzwkNfiUv9VaGhtcXXXRNH19FLXq,255401430,2026-02-26T00:09:32Z,7xKXtg2CW87d97TXJSDpbD5jBkheTqA83TZRuJosgAsU,Counterparty_03_fb40d6bd,high,out,EPjFWdd5AufqSSqeM2qN1xzybapC8G4wEGGkZwyTDt1v,USDC,6,6432570000,6432.57,1.00,6432.57,5000,success,fixture
dPpZw5sR6agDnAdmbUMDURr8LP2j5c5cXcQx4FuWLqnDRi5CN5KBqjjunRy7afk69L5MunB5A6sishgGstEbWE23,255459485,2026-02-26T06:36:34Z,7xKXtg2CW87d97TXJSDpbD5jBkheTqA83TZRuJosgAsU,Counterparty_21_18aa8f3b,high,out,EPjFWdd5AufqSSqeM2qN1xzybapC8G4wEGGkZwyTDt1v,USDC,6,7797830000,7797.83,1.00,7797.83,5000,success,fixture
1RCfrxJi6dEzVNgs7e9CSV5mF7XQFoS9UwJXMAjwZhSHR7zzAm2ygU8VtrF21deBjpybzJMx9J4DBn75PmFxNP1M,255500117,2026-02-26T11:07:27Z,7xKXtg2CW87d97TXJSDpbD5jBkheTqA83TZRuJosgAsU,Counterparty_03_fb40d6bd,high,out,EPjFWdd5AufqSSqeM2qN1xzybapC8G4wEGGkZwyTDt1v,USDC,6,4673120000,4673.12,1.00,4673.12,5000,success,fixture
DaMwL5F8xnWhiHHbkiNtm8sePHJBjFEHH3CQnciZQsN51aafAhu7V71zajVJbMG6NfvhssxpfUKkuSm1cpVk9uuN,255506197,2026-02-26T11:47:59Z,7xKXtg2CW87d97TXJSDpbD5jBkheTqA83TZRuJosgAsU,Counterparty_08_a96089bc,high,out,Es9vMFrzaCERmJfrF4H2FYD4KCoNkY11McCe8BenwNYB,USDT,6,16432420000,16432.42,1.00,16432.42,5000,success,fixture
i6KPVhbZWtq3miV6PCGzbSVRXDbrjC2gVJRr5g5ohjWYgbYRbAwgdUZYnwAvv9MadDYp3sibMka1SiCkhsGQ4mJy,255537927,2026-02-26T15:19:31Z,7xKXtg2CW87d97TXJSDpbD5jBkheTqA83TZRuJosgAsU,Counterparty_00_9d79b1a3,high,out,Es9vMFrzaCERmJfrF4H2FYD4KCoNkY11McCe8BenwNYB,USDT,6,11908960000,11908.96,1.00,11908.96,5000,success,fixture
ePUMVnAbQGQGGeierqZBKBRSjA7WzrmXNc35kNbuJUUcYfxE1uxrD1AsZNEBzuWCXqRUectiFHM5hQtpn4BM9xaQ,255618172,2026-02-27T00:14:29Z,7xKXtg2CW87d97TXJSDpbD5jBkheTqA83TZRuJosgAsU,Counterparty_09_a71f3d1a,high,out,EPjFWdd5AufqSSqeM2qN1xzybapC8G4wEGGkZwyTDt1v,USDC,6,7916000000,7916.00,1.00,7916.00,5000,success,fixture
fuyLnV6eo1m9jGCYn73umXsG9NVQgv98CGt3tDxLZgdquh4MTnHtEy6V9r6p4iiJvSEru5s5amRqyoWx2i5dbYbw,255636650,2026-02-27T02:17:40Z,7xKXtg2CW87d97TXJSDpbD5jBkheTqA83TZRuJosgAsU,Counterparty_06_de562439,high,out,EPjFWdd5AufqSSqeM2qN1xzybapC8G4wEGGkZwyTDt1v,USDC,6,10568380000,10568.38,1.00,10568.38,5000,success,fixture
axcdY3U4LJRA2EVKKoPX5dg5jUkXDKmAwh5HA67J2Wicr5xFUjRuLf9ue1Y4DatFwdKCW8wpFoHALY4TjzLjjd99,255728485,2026-02-27T12:29:54Z,7xKXtg2CW87d97TXJSDpbD5jBkheTqA83TZRuJosgAsU,Counterparty_26_2906e732,high,in,EPjFWdd5AufqSSqeM2qN1xzybapC8G4wEGGkZwyTDt1v,USDC,6,14684970000,14684.97,1.00,14684.97,0,success,fixture
5TbR87LR2xDyR56afBSpp2sNNNnhJRPHCpSZGRZqHwrwFYV6Jt2DKytkJhkMJNwdPkTsU21F1w66fTi9AYrAFaRt,255741327,2026-02-27T13:55:31Z,7xKXtg2CW87d97TXJSDpbD5jBkheTqA83TZRuJosgAsU,Counterparty_18_6ecaa007,high,out,Es9vMFrzaCERmJfrF4H2FYD4KCoNkY11McCe8BenwNYB,USDT,6,22611160000,22611.16,1.00,22611.16,5000,success,fixture
Pv2rPYtRJKdhWtKX1n419TcWSLLbjqUYSLdVeVLy6TuDRyPUm3HwN32TGPMmFXD3epRJdUgCWV68yhdiP9dmRFME,255809367,2026-02-27T21:29:07Z,7xKXtg2CW87d97TXJSDpbD5jBkheTqA83TZRuJosgAsU,Counterparty_01_7f31801c,high,out,EPjFWdd5AufqSSqeM2qN1xzybapC8G4wEGGkZwyTDt1v,USDC,6,15368920000,15368.92,1.00,15368.92,5000,success,fixture
SAYmYrTP1AxofqKqBP4q6A9uyd8QDQDWMezBX5eWxSpS8RBK9fqsDEa28uj4qqXyk38VWqKLS2bFKcRHd8YpM1Wc,255830077,2026-02-27T23:47:11Z,7xKXtg2CW87d97TXJSDpbD5jBkheTqA83TZRuJosgAsU,Counterparty_24_b30fcb06,high,in,EPjFWdd5AufqSSqeM2qN1xzybapC8G4wEGGkZwyTDt1v,USDC,6,4426260000,4426.26,1.00,4426.26,0,success,fixture
kB6sDJwnMNvVfgf23XCNSRswwqcY9G4RiETPVxaDVm5ikQ7s4K7GSYWXRYfQtejmiDp9o9JxfRXEW6eTXMNrVe8t,255885050,2026-02-28T05:53:40Z,7xKXtg2CW87d97TXJSDpbD5jBkheTqA83TZRuJosgAsU,Counterparty_04_57526846,high,in,Es9vMFrzaCERmJfrF4H2FYD4KCoNkY11McCe8BenwNYB,USDT,6,10118420000,10118.42,1.00,10118.42,0,success,fixture
Uj3t7BthJnw8vc77mT4WSCp72euSgioBToC6RcJXCo2B4RD5sL5t3e9JHECePpzL1jPtUwamRKAdtSp8nYCrJsqW,255887717,2026-02-28T06:11:27Z,7xKXtg2CW87d97TXJSDpbD5jBkheTqA83TZRuJosgAsU,Counterparty_29_8c088ab3,high,in,Es9vMFrzaCERmJfrF4H2FYD4KCoNkY11McCe8BenwNYB,USDT,6,22216260000,22216.26,1.00,22216.26,0,success,fixture
Tfpg6ycX9Jo373YZFiPUXLswyF242rstDbfxRkkp2cX4RrRm9UmUc98V8zgzQPDNU4GF6e1FTpqytsbd3t1xoGu4,255936037,2026-02-28T11:33:35Z,7xKXtg2CW87d97TXJSDpbD5jBkheTqA83TZRuJosgAsU,Counterparty_02_d11a6706,high,in,EPjFWdd5AufqSSqeM2qN1xzybapC8G4wEGGkZwyTDt1v,USDC,6,6017360000,6017.36,1.00,6017.36,0,success,fixture
3pAYi2Xg3Gmi91Ch4zLus7WgBve5uu78YftgF5tDUNtvpkSM8kdb9MvsEq3eCN58JAqTBmQcBVGe397swhgRrB2y,256042605,2026-02-28T23:24:02Z,7xKXtg2CW87d97TXJSDpbD5jBkheTqA83TZRuJosgAsU,Counterparty_15_69842a97,high,in,EPjFWdd5AufqSSqeM2qN1xzybapC8G4wEGGkZwyTDt1v,USDC,6,5979110000,5979.11,1.00,5979.11,0,success,fixture
Sxp3U2W5xMdUdSnhTK8S2MBtgWvmQ6Uw7GUeSa6SxLpNFNrB5Zh8aZDzrPPouiuAG7AHDCfAqqi5CrhYWqdqeVky,256046130,2026-02-28T23:47:32Z,7xKXtg2CW87d97TXJSDpbD5jBkheTqA83TZRuJosgAsU,Counterparty_18_6ecaa007,high,out,Es9vMFrzaCERmJfrF4H2FYD4KCoNkY11McCe8BenwNYB,USDT,6,20564410000,20564.41,1.00,20564.41,5000,success,fixture
BxirKNkGHWHenkxx55S3oZHktWbk8cBABEinJkJhdtKJWstjsLbLaPsjSrgsxpLLN6mHC8hQW9gpe6H9Rn4X5FDs,256117290,2026-03-01T07:41:56Z,7xKXtg2CW87d97TXJSDpbD5jBkheTqA83TZRuJosgAsU,Counterparty_18_6ecaa007,high,in,EPjFWdd5AufqSSqeM2qN1xzybapC8G4wEGGkZwyTDt1v,USDC,6,17633160000,17633.16,1.00,17633.16,0,success,fixture
eLmw3Tnc8CwWPS6o1K3cUXvDAMsaSZJa52RwBJW5RPSgDhwqmssbpTzM5C2NH8Ps9Z2oXZTyqLWrX18TeR92ypAj,256145390,2026-03-01T10:49:16Z,7xKXtg2CW87d97TXJSDpbD5jBkheTqA83TZRuJosgAsU,Counterparty_07_e9c1b823,high,in,EPjFWdd5AufqSSqeM2qN1xzybapC8G4wEGGkZwyTDt1v,USDC,6,16208030000,16208.03,1.00,16208.03,0,success,fixture
pPVThVpvUKqXm9oCoreuZ6Az1eeQkiWRMVCZoeJr7FLYN4dazaeZwUKMRMqCA3upyoEUaJdygM7PKB8KJYVFyBKH,256186810,2026-03-01T15:25:24Z,7xKXtg2CW87d97TXJSDpbD5jBkheTqA83TZRuJosgAsU,Counterparty_19_5a69fc17,high,in,Es9vMFrzaCERmJfrF4H2FYD4KCoNkY11McCe8BenwNYB,USDT,6,21937350000,21937.35,1.00,21937.35,0,success,fixture
mAk5n3c88k3EbYXDoc2y3VpYscfsua7wdmScrV1mTxRUZjZLDuD6UM3fbEFzb5jCY9sKfp37wJ4QLDfFJRgafaHX,256192580,2026-03-01T16:03:52Z,7xKXtg2CW87d97TXJSDpbD5jBkheTqA83TZRuJosgAsU,Counterparty_21_18aa8f3b,high,in,EPjFWdd5AufqSSqeM2qN1xzybapC8G4wEGGkZwyTDt1v,USDC,6,9336310000,9336.31,1.00,9336.31,0,success,fixture
DAjZsBDzFnfA7kbwZoFPzCWpfow5aXMnqpm2SzXYR7i3UqhoQueB1hzba7wiuJGr5g9WfVT8WZm8PeTewbiGbmLP,256239915,2026-03-01T21:19:26Z,7xKXtg2CW87d97TXJSDpbD5jBkheTqA83TZRuJosgAsU,Counterparty_21_18aa8f3b,high,out,EPjFWdd5AufqSSqeM2qN1xzybapC8G4wEGGkZwyTDt1v,USDC,6,22236020000,22236.02,1.00,22236.02,5000,success,fixture
y61dJQokks9SPzqah95TNP6LtUCkyx1w11bZbpaiXiTLps7LGWzVBBCZQMUseokD6vqJdFPKbc5o3oYDAWTxnw5e,256363637,2026-03-02T11:04:15Z,7xKXtg2CW87d97TXJSDpbD5jBkheTqA83TZRuJosgAsU,Counterparty_21_18aa8f3b,high,out,Es9vMFrzaCERmJfrF4H2FYD4KCoNkY11McCe8BenwNYB,USDT,6,7860570000,7860.57,1.00,7860.57,5000,success,fixture
5mNYP3weAzWB4gJZ3osDRemwQViPTCygHDDd7TbRyusW1tabMM2SdqJFreiJJt74sn52LAwYrpeXHgDPJveA817w,256416565,2026-03-02T16:57:06Z,7xKXtg2CW87d97TXJSDpbD5jBkheTqA83TZRuJosgAsU,Counterparty_16_9911036c,high,in,EPjFWdd5AufqSSqeM2qN1xzybapC8G4wEGGkZwyTDt1v,USDC,6,21083780000,21083.78,1.00,21083.78,0,success,fixture
jqarYsWDKjYYZHbNtxbb2q3Uy8RVMwRVW33CcjxrLynBYU9LnRYq8dkYjckbdXXcwBZ4SHYeRgkPrKM42e39vQPt,256418732,2026-03-02T17:11:33Z,7xKXtg2CW87d97TXJSDpbD5jBkheTqA83TZRuJosgAsU,Counterparty_23_44e61d9a,high,out,EPjFWdd5AufqSSqeM2qN1xzybapC8G4wEGGkZwyTDt1v,USDC,6,20585430000,20585.43,1.00,20585.43,5000,success,fixture
g7y1w2g4w1J1LVRodB74QEiDUpyQ5JTi2Lr3z8LAHWytE8hpks2yXC186oGWxyemcJJ2mdX5omAE5SkR23YUvWTC,256515777,2026-03-03T03:58:31Z,7xKXtg2CW87d97TXJSDpbD5jBkheTqA83TZRuJosgAsU,Counterparty_00_9d79b1a3,high,out,Es9vMFrzaCERmJfrF4H2FYD4KCoNkY11McCe8BenwNYB,USDT,6,21615080000,21615.08,1.00,21615.08,5000,success,fixture
sxnC2Rj3MuFeNxsLGqnBzZJPvi59vfjqdEbWmaZJD51VKdz6HaVTvJCVE1y1eB4vq7bcyY4yrThvfphbDAqdAuJ4,256556555,2026-03-03T08:30:22Z,7xKXtg2CW87d97TXJSDpbD5jBkheTqA83TZRuJosgAsU,Counterparty_02_d11a6706,high,in,EPjFWdd5AufqSSqeM2qN1xzybapC8G4wEGGkZwyTDt1v,USDC,6,16804020000,16804.02,1.00,16804.02,0,success,fixture
PcZ5QiXfFVsTFduu9bGrTkej9fHsKNM86TTZAdYhyrDzCyW1B8THqcnXp79x3vU2mB59ZxaRzUP9SmcGnK8NzuzN,256684887,2026-03-03T22:45:55Z,7xKXtg2CW87d97TXJSDpbD5jBkheTqA83TZRuJosgAsU,Counterparty_18_6ecaa007,high,out,Es9vMFrzaCERmJfrF4H2FYD4KCoNkY11McCe8BenwNYB,USDT,6,23764050000,23764.05,1.00,23764.05,5000,success,fixture
JNd1yu2psgjxvodhwBv7VWd4QMAcxUUeEFusQ6hvjMpZbq2qoWp1rvjMD9kS2pp88dGse61Gwb9wdXL9ixMP8GoU,256692965,2026-03-03T23:39:46Z,7xKXtg2CW87d97TXJSDpbD5jBkheTqA83TZRuJosgAsU,Counterparty_01_7f31801c,high,out,EPjFWdd5AufqSSqeM2qN1xzybapC8G4wEGGkZwyTDt1v,USDC,6,17503410000,17503.41,1.00,17503.41,5000,success,fixture
3RorTp3pjs4CxRz1KTe2h7VHgjNDZvhg7uoRzu9zLJ52TRhYbbKMXxFwuA5UP4xCkJAzEradDPJpHwv1W5t5i1kW,256694010,2026-03-03T23:46:44Z,7xKXtg2CW87d97TXJSDpbD5jBkheTqA83TZRuJosgAsU,Counterparty_24_b30fcb06,high,in,Es9vMFrzaCERmJfrF4H2FYD4KCoNkY11McCe8BenwNYB,USDT,6,12383030000,12383.03,1.00,12383.03,0,success,fixture
qiahdbSUpLwnSeEUNRy8cGDyMnfYHhjcWSc1QkW4rCGpmXwXto6bHGw1ti7dCB2fQUYGEDwuAmnfmXEsk9EdxSKH,256706852,2026-03-04T01:12:21Z,7xKXtg2CW87d97TXJSDpbD5jBkheTqA83TZRuJosgAsU,Counterparty_01_7f31801c,high,in,Es9vMFrzaCERmJfrF4H2FYD4KCoNkY11McCe8BenwNYB,USDT,6,4470410000,4470.41,1.00,4470.41,0,success,fixture
5GH6Kycu79Tocd9xuRQbmFMhCXGbEwoigTsZbMT2nTgJMqSZhwJV4fwEy6gQYdjeUNd7ChGfpHxHutirfHgE1Wim,256731845,2026-03-04T03:58:58Z,7xKXtg2CW87d97TXJSDpbD5jBkheTqA83TZRuJosgAsU,Counterparty_17_f3e82208,high,out,EPjFWdd5AufqSSqeM2qN1xzybapC8G4wEGGkZwyTDt1v,USDC,6,16556330000,16556.33,1.00,16556.33,5000,success,fixture
DHp6VTCCb2dPL5YQJk37RGVg3PrcJcBc8VDgEEqwgpSghz72qqybBteUijPU79t4svRKRJoTvXRHWcuPRBNz4cHP,256732805,2026-03-04T04:05:22Z,7xKXtg2CW87d97TXJSDpbD5jBkheTqA83TZRuJosgAsU,Counterparty_01_7f31801c,high,out,Es9vMFrzaCERmJfrF4H2FYD4KCoNkY11McCe8BenwNYB,USDT,6,21358390000,21358.39,1.00,21358.39,5000,success,fixture
PQayPdFxezjBxAxHHMPUNCEC97LpbgLJr6DgtrddQi6VSdfDE4Gc6MUeMe3X1PpjkqUfQn51vUuuETz8is5t9awY,256784515,2026-03-04T09:50:06Z,7xKXtg2CW87d97TXJSDpbD5jBkheTqA83TZRuJosgAsU,Counterparty_09_a71f3d1a,high,in,Es9vMFrzaCERmJfrF4H2FYD4KCoNkY11McCe8BenwNYB,USDT,6,16565820000,16565.82,1.00,16565.82,0,success,fixture
6mDXt7VszbiQ4shpf2oAPMRk8sZiKqKHB6buAfjdbXKYar5ACuqKZgs3MRX3ZUW23f41jHyGRPhN6QoaJaASRd8G,256800072,2026-03-04T11:33:49Z,7xKXtg2CW87d97TXJSDpbD5jBkheTqA83TZRuJosgAsU,Counterparty_13_34249d8b,high,in,Es9vMFrzaCERmJfrF4H2FYD4KCoNkY11McCe8BenwNYB,USDT,6,16866290000,16866.29,1.00,16866.29,0,success,fixture
abfuizBTpX46EU5e6TRVFCsA8mpiWirVPeJt5LHYXpC2rJNFzFVosResWf7mU9WSAsuJGdTjz4qSF33WeaCEnEhr,256800572,2026-03-04T11:37:09Z,7xKXtg2CW87d97TXJSDpbD5jBkheTqA83TZRuJosgAsU,Counterparty_26_2906e732,high,out,EPjFWdd5AufqSSqeM2qN1xzybapC8G4wEGGkZwyTDt1v,USDC,6,2597600000,2597.60,1.00,2597.60,5000,success,fixture
TNq5YSb4aTisSmAcu6uEVB8qxHFG4ikc24ivmFX33FqFAx9ZMMRqhjS2ZqKY2jnmTc53De3EFeY1Pm6eyQZzvBSE,256808085,2026-03-04T12:27:14Z,7xKXtg2CW87d97TXJSDpbD5jBkheTqA83TZRuJosgAsU,Counterparty_04_57526846,high,out,EPjFWdd5AufqSSqeM2qN1xzybapC8G4wEGGkZwyTDt1v,USDC,6,20667950000,20667.95,1.00,20667.95,5000,success,fixture
gNskAnnRHrSXKxHMTmyDoovCAipN2QLiRWpaxavjKZxcvvu1qvzQdNHXKC129bdpAFLtFjVx7KxCwnKDkZjZ4s8G,256856895,2026-03-04T17:52:38Z,7xKXtg2CW87d97TXJSDpbD5jBkheTqA83TZRuJosgAsU,Counterparty_29_8c088ab3,high,out,EPjFWdd5AufqSSqeM2qN1xzybapC8G4wEGGkZwyTDt1v,USDC,6,5936840000,5936.84,1.00,5936.84,5000,success,fixture
8t28ZWWr1FGBMWr4mKjKFsq2WG9LvRjUradgxXjzHfttk4qEhr4HtFZ7tWVgfypZedAHSvdBKW2Kwa87kD46ZUrK,256892435,2026-03-04T21:49:34Z,7xKXtg2CW87d97TXJSDpbD5jBkheTqA83TZRuJosgAsU,Counterparty_07_e9c1b823,high,in,EPjFWdd5AufqSSqeM2qN1xzybapC8G4wEGGkZwyTDt1v,USDC,6,8760450000,8760.45,1.00,8760.45,0,success,fixture
XD7beEfYLd1eUxz8oyVriDethgqW1HqTfJYhCNZXZKiLHxbGNJkcZLhV8qCY1MzZXYBC5qUkL7xVNhkbuCDr7qFE,256994940,2026-03-05T09:12:56Z,7xKXtg2CW87d97TXJSDpbD5jBkheTqA83TZRuJosgAsU,Counterparty_09_a71f3d1a,high,out,EPjFWdd5AufqSSqeM2qN1xzybapC8G4wEGGkZwyTDt1v,USDC,6,17480600000,17480.60,1.00,17480.60,5000,success,fixture
npdnAKoxjAJ8twBfUFPtfYQB9ZmZFA2qgFeYrHgc3u2usfCgFTVVbQv6JPNJrpfLKJoLAsfziWFYAUcDBsFEtHbE,256996715,2026-03-05T09:24:46Z,7xKXtg2CW87d97TXJSDpbD5jBkheTqA83TZRuJosgAsU,Counterparty_06_de562439,high,out,Es9vMFrzaCERmJfrF4H2FYD4KCoNkY11McCe8BenwNYB,USDT,6,12286880000,12286.88,1.00,12286.88,5000,success,fixture
HgtfYvoLWNJoYDkxiVwW3Jqeg3dTWb5fLQusRxNdXVFgR7r3jDrkH2NXEzSbzwoe74axp2Kt8nkYyMUghJyE3Xwn,257053747,2026-03-05T15:44:59Z,7xKXtg2CW87d97TXJSDpbD5jBkheTqA83TZRuJosgAsU,Counterparty_29_8c088ab3,high,in,Es9vMFrzaCERmJfrF4H2FYD4KCoNkY11McCe8BenwNYB,USDT,6,22536640000,22536.64,1.00,22536.64,0,success,fixture
8ZLQbBUj1GL3azsKjbV9dYmMaPfbZEm7ju3G3DALwvE9fcEePJ9ogU5cHHRizBSW6HkUmAbE5hoJhmiDnQdjiuZf,257097627,2026-03-05T20:37:31Z,7xKXtg2CW87d97TXJSDpbD5jBkheTqA83TZRuJosgAsU,Counterparty_05_903bb13e,high,out,Es9vMFrzaCERmJfrF4H2FYD4KCoNkY11McCe8BenwNYB,USDT,6,10466550000,10466.55,1.00,10466.55,5000,success,fixture
k9M8GL8CQmAZRTf9dRUCYhbmiCcBYK9CMvVg4xP1Y9DuRcZiYTkYTnvVYB6d2sqFK3JFbKBrWdprrYcZ8d8JrbuQ,257109510,2026-03-05T21:56:44Z,7xKXtg2CW87d97TXJSDpbD5jBkheTqA83TZRuJosgAsU,Counterparty_17_f3e82208,high,in,Es9vMFrzaCERmJfrF4H2FYD4KCoNkY11McCe8BenwNYB,USDT,6,14562690000,14562.69,1.00,14562.69,0,success,fixture
rTbs3yWGBa7udWyQhiio3WYA5Zvcg2UTzPi4jNUQyQFJz24tAUkyY6T5W9tWVMFkgwdNHyEk6mhhiU7v5bTea8yJ,257365657,2026-03-07T02:24:23Z,7xKXtg2CW87d97TXJSDpbD5jBkheTqA83TZRuJosgAsU,Counterparty_24_b30fcb06,high,out,Es9vMFrzaCERmJfrF4H2FYD4KCoNkY11McCe8BenwNYB,USDT,6,21465140000,21465.14,1.00,21465.14,5000,success,fixture
7kDsVetcF2nLqNWTAVxHMrxk76R1cdzwPadW3tq7yPjBC8rEDRnafrR41ZDJWUkp59jZhdyaegoF1kYJRz7p8pGo,257404062,2026-03-07T06:40:25Z,7xKXtg2CW87d97TXJSDpbD5jBkheTqA83TZRuJosgAsU,Counterparty_26_2906e732,high,out,Es9vMFrzaCERmJfrF4H2FYD4KCoNkY11McCe8BenwNYB,USDT,6,21040610000,21040.61,1.00,21040.61,5000,success,fixture
ucz3QnvjBPXdMed4n2KuXfH69tiGzAMLT16czf6s8EtLpoFHtZnQX5DEfrkgUmCzWUbT6CYGKu98r8A2rBg6ymnE,257427867,2026-03-07T09:19:07Z,7xKXtg2CW87d97TXJSDpbD5jBkheTqA83TZRuJosgAsU,Counterparty_16_9911036c,high,in,SOL,SOL,9,7000000000,7.0000,,,0,success,fixture
vQyDCGZbL4wdgNQN1tUvBY8c84RD5fbQKJpb4URVzoRJnU9hgsk3jxrnTM5SP69SMxxHXvDX3JBsi5sL8QAGcVVt,257462165,2026-03-07T13:07:46Z,7xKXtg2CW87d97TXJSDpbD5jBkheTqA83TZRuJosgAsU,Counterparty_24_b30fcb06,high,out,EPjFWdd5AufqSSqeM2qN1xzybapC8G4wEGGkZwyTDt1v,USDC,6,2048980000,2048.98,1.00,2048.98,5000,success,fixture
Z8Bjz7suRPCkjQ4ck8QdNf2LG7N2Vxvw5rYH5hUkJXtXwrojRyDurvu7h3mzFruBmG8eWSX4BQLR7TZHKJReTKQq,257480700,2026-03-07T15:11:20Z,7xKXtg2CW87d97TXJSDpbD5jBkheTqA83TZRuJosgAsU,Counterparty_20_8ba8f837,high,out,Es9vMFrzaCERmJfrF4H2FYD4KCoNkY11McCe8BenwNYB,USDT,6,24974230000,24974.23,1.00,24974.23,5000,success,fixture
idFbpow3CTyvC3vSsYCpxKy31Ldf7NKWibaYy9wZWJDt8NBoWiHnC1pNsKdkqDCgwhzSuUZM6Sj7C9XMG1HRGVqJ,257504507,2026-03-07T17:50:03Z,7xKXtg2CW87d97TXJSDpbD5jBkheTqA83TZRuJosgAsU,Counterparty_10_6d2d3cad,high,out,EPjFWdd5AufqSSqeM2qN1xzybapC8G4wEGGkZwyTDt1v,USDC,6,18872010000,18872.01,1.00,18872.01,5000,success,fixture
SZWGEeP44KYfyvikXKb1w7U9yHoQqSQ3S4dcDQcK5RZVqcJugkg897SQsNcQqADfZSZ3339nNtXaWAfzZ9MgMBSg,257553865,2026-03-07T23:19:06Z,7xKXtg2CW87d97TXJSDpbD5jBkheTqA83TZRuJosgAsU,Counterparty_23_44e61d9a,high,out,EPjFWdd5AufqSSqeM2qN1xzybapC8G4wEGGkZwyTDt1v,USDC,6,16723650000,16723.65,1.00,16723.65,5000,success,fixture
VuUjAwFk8ExyDsT81isgHKn6UL9Dn7RPJzuK8pDWCWXjzRaQXTzq3UwmEsHfKCg3uJyUt5XMwN7ZcV26vwYggdDC,257560795,2026-03-08T00:05:18Z,7xKXtg2CW87d97TXJSDpbD5jBkheTqA83TZRuJosgAsU,Counterparty_09_a71f3d1a,high,out,EPjFWdd5AufqSSqeM2qN1xzybapC8G4wEGGkZwyTDt1v,USDC,6,5627360000,5627.36,1.00,5627.36,5000,success,fixture
n71EX59eFakV11mNu8xUm9X5FR6ot77MQyL9Rruqx9ikA5ad1giBVPoEhpATgkVxE6z79q8eoRPUMs9GJi6Gcffo,257650340,2026-03-08T10:02:16Z,7xKXtg2CW87d97TXJSDpbD5jBkheTqA83TZRuJosgAsU,Counterparty_19_5a69fc17,high,out,Es9vMFrzaCERmJfrF4H2FYD4KCoNkY11McCe8BenwNYB,USDT,6,22725030000,22725.03,1.00,22725.03,5000,success,fixture
2ZTqn4KD6X6QNkXcMrB6hneWeFFScRy3rgkGx5jkT3adyaZbPik263QQsqcDf667QvEC3BSK43gnDkkoGnEdUGYe,257688812,2026-03-08T14:18:45Z,7xKXtg2CW87d97TXJSDpbD5jBkheTqA83TZRuJosgAsU,Counterparty_01_7f31801c,high,in,Es9vMFrzaCERmJfrF4H2FYD4KCoNkY11McCe8BenwNYB,USDT,6,21913850000,21913.85,1.00,21913.85,0,success,fixture
LQPzfv4ERNFPpwyKBvEVBHUUVxRpw9BTmXR5YLiVe1JtPqNBqAKoqBm3QfsUHAQKfVb4RJFX6gviS3miDKwqtZgY,257737855,2026-03-08T19:45:42Z,7xKXtg2CW87d97TXJSDpbD5jBkheTqA83TZRuJosgAsU,Counterparty_29_8c088ab3,high,in,EPjFWdd5AufqSSqeM2qN1xzybapC8G4wEGGkZwyTDt1v,USDC,6,14131050000,14131.05,1.00,14131.05,0,success,fixture
KewLc3Bgaf4cbian5eRkTLtQBD8ud7kdxe3ZA5jEDMScoumE7VAFqUyxhSY4Lnym5X61wiEmczd6g8yZsqXK3Mux,257739910,2026-03-08T19:59:24Z,7xKXtg2CW87d97TXJSDpbD5jBkheTqA83TZRuJosgAsU,Counterparty_00_9d79b1a3,high,in,EPjFWdd5AufqSSqeM2qN1xzybapC8G4wEGGkZwyTDt1v,USDC,6,6848200000,6848.20,1.00,6848.20,0,success,fixture
9rDNkeevwmbeUiCMcSfAxSGMU23RiCNjP5Q6XtqexqVmQ5xeDXyaHeNE5vCWtDJqxHtxNai2j5gYUmB8DJTq6SJk,257768677,2026-03-08T23:11:11Z,7xKXtg2CW87d97TXJSDpbD5jBkheTqA83TZRuJosgAsU,Counterparty_12_50e165e4,high,in,EPjFWdd5AufqSSqeM2qN1xzybapC8G4wEGGkZwyTDt1v,USDC,6,23034550000,23034.55,1.00,23034.55,0,success,fixture
SZpJmyQWYMe1xrwo6oWhjmPw5sbSEUuEYJMvKNcd9dwYsNzkq437hsvW28wBVW1UDm9yiLBxyJ6iQH6QjziB4ShL,257809355,2026-03-09T03:42:22Z,7xKXtg2CW87d97TXJSDpbD5jBkheTqA83TZRuJosgAsU,Counterparty_23_44e61d9a,high,out,Es9vMFrzaCERmJfrF4H2FYD4KCoNkY11McCe8BenwNYB,USDT,6,14165830000,14165.83,1.00,14165.83,5000,success,fixture
N1DVr38X4fAThL3Vy4E2Zhb3ahzxw5WBSAaBfTcCixrKvLvaMq2jw2WAaZjeNdCiiWhJ65Tb1Uek8ofyzRw8BtXS,257814290,2026-03-09T04:15:16Z,7xKXtg2CW87d97TXJSDpbD5jBkheTqA83TZRuJosgAsU,Counterparty_12_50e165e4,high,in,EPjFWdd5AufqSSqeM2qN1xzybapC8G4wEGGkZwyTDt1v,USDC,6,1184670000,1184.67,1.00,1184.67,0,success,fixture
V7J8797Cg3PaZoZK5eDShhoBRhwrmE6rFmLeHU2WZ5oZBgNz97ejGbNB9BgE85LCwF66QxLXuzemVhoxu1Hxgohk,257848957,2026-03-09T08:06:23Z,7xKXtg2CW87d97TXJSDpbD5jBkheTqA83TZRuJosgAsU,Counterparty_18_6ecaa007,high,out,Es9vMFrzaCERmJfrF4H2FYD4KCoNkY11McCe8BenwNYB,USDT,6,21630290000,21630.29,1.00,21630.29,5000,success,fixture
wbP8LpWPU8Tp3sEbKeMmAS2uTZyCvBZWdMnS5Lr6q1dRR5kQgBgyDBoNVaf3cZNsy3Ud1D4unyrFKppXpvuoqp56,257887195,2026-03-09T12:21:18Z,7xKXtg2CW87d97TXJSDpbD5jBkheTqA83TZRuJosgAsU,Counterparty_05_903bb13e,high,in,EPjFWdd5AufqSSqeM2qN1xzybapC8G4wEGGkZwyTDt1v,USDC,6,7065030000,7065.03,1.00,7065.03,0,success,fixture
5AyvsvXut1oKA9mQdoFGin9Eqc6tLFE8Tz5USpxgyjXLkLyTeY3Y88fatneNz5s88QYbzW9Ge4DY8MiQaS1CSL9E,257981787,2026-03-09T22:51:55Z,7xKXtg2CW87d97TXJSDpbD5jBkheTqA83TZRuJosgAsU,Counterparty_12_50e165e4,high,in,Es9vMFrzaCERmJfrF4H2FYD4KCoNkY11McCe8BenwNYB,USDT,6,10006430000,10006.43,1.00,10006.43,0,success,fixture
9oj6AL5DdGqnUzgSWbdiWS3daXE5BUYzXF6tfrC9ViRkq2WNmdabgXibTPGvhEhkdzmmLD8f6hrRNLD2ZkosehNC,258060947,2026-03-10T07:39:39Z,7xKXtg2CW87d97TXJSDpbD5jBkheTqA83TZRuJosgAsU,Counterparty_07_e9c1b823,high,in,EPjFWdd5AufqSSqeM2qN1xzybapC8G4wEGGkZwyTDt1v,USDC,6,5295150000,5295.15,1.00,5295.15,0,success,fixture
8XTcBwvMz8MyAzsvZZ23LfT2uQJTd2Qv3ZLiiepNj6Xp1H9t4qKXEv2yavVcbuVN9RFBBxpaxHK8FFkDMci4xCk5,258110085,2026-03-10T13:07:14Z,7xKXtg2CW87d97TXJSDpbD5jBkheTqA83TZRuJosgAsU,Counterparty_01_7f31801c,high,in,EPjFWdd5AufqSSqeM2qN1xzybapC8G4wEGGkZwyTDt1v,USDC,6,15717010000,15717.01,1.00,15717.01,0,success,fixture
ToyK4s2JwZzndQuBH8JFhJsvznnmQULTSEfX6uZ3v69o3REGPYPhegnXgJfWMzSWPTJRjUYRSVtHdn6FLmZ7Seqs,258159325,2026-03-10T18:35:30Z,7xKXtg2CW87d97TXJSDpbD5jBkheTqA83TZRuJosgAsU,Counterparty_23_44e61d9a,high,out,Es9vMFrzaCERmJfrF4H2FYD4KCoNkY11McCe8BenwNYB,USDT,6,7063210000,7063.21,1.00,7063.21,5000,success,fixture
Y3n8btrivFwhs7GYYkJEH3Fy4vNpjXdBNnth6YFFGPa8FTZBqB46hyNwAgmYgTcQKSC66RV1h4TB3Z97u9J1Wvrj,258178660,2026-03-10T20:44:24Z,7xKXtg2CW87d97TXJSDpbD5jBkheTqA83TZRuJosgAsU,Counterparty_12_50e165e4,high,out,EPjFWdd5AufqSSqeM2qN1xzybapC8G4wEGGkZwyTDt1v,USDC,6,20963810000,20963.81,1.00,20963.81,5000,success,fixture
dCZD9KdQu781enUymvnV2ktCyKg55qTdxfFsLoWicrVWTAfXJpRVfE1mzWA8rpzYvcC5iemk9Xfs2nt4SpZiHwSK,258187337,2026-03-10T21:42:15Z,7xKXtg2CW87d97TXJSDpbD5jBkheTqA83TZRuJosgAsU,Counterparty_05_903bb13e,high,out,EPjFWdd5AufqSSqeM2qN1xzybapC8G4wEGGkZwyTDt1v,USDC,6,8226380000,8226.38,1.00,8226.38,5000,success,fixture
LRYtevReoprEZeAQkBwg7tKifFXEqNhijBg4aF6qo6mSmjZTVmHyuHruVaUvaVD91W5b67SgHHv8jcASqfYj6Znq,258189122,2026-03-10T21:54:09Z,7xKXtg2CW87d97TXJSDpbD5jBkheTqA83TZRuJosgAsU,Counterparty_14_829f4116,high,out,EPjFWdd5AufqSSqeM2qN1xzybapC8G4wEGGkZwyTDt1v,USDC,6,3832430000,3832.43,1.00,3832.43,5000,success,fixture
VomVM5L3tn82wNi7ktBpGaCcBNcUWFtShCChjUS2pgyDVeUR1nEEJqnts5d7txbCQMDW8HjxYahMfRgSe8PPwWgC,258189212,2026-03-10T21:54:45Z,7xKXtg2CW87d97TXJSDpbD5jBkheTqA83TZRuJosgAsU,Counterparty_26_2906e732,high,out,Es9vMFrzaCERmJfrF4H2FYD4KCoNkY11McCe8BenwNYB,USDT,6,9846780000,9846.78,1.00,9846.78,5000,success,fixture
UFv5NfrgfSrM2hJsVYFPcRUCkejR6rgKtGn56JARnshApRMQ761LVQqJ796CUVccZT726Pc6ffsMxR1KTRr6ozcz,258194477,2026-03-10T22:29:51Z,7xKXtg2CW87d97TXJSDpbD5jBkheTqA83TZRuJosgAsU,Counterparty_07_e9c1b823,high,out,EPjFWdd5AufqSSqeM2qN1xzybapC8G4wEGGkZwyTDt1v,USDC,6,22556480000,22556.48,1.00,22556.48,5000,success,fixture
toxDcR1JXveJjqVzy6qdg1EZ2EN8qooHwaetqMoGcBndKL5enq8HWtdo4QFLV9cGePy6pTXEh4udNoF9joSY1tcH,258194570,2026-03-10T22:30:28Z,7xKXtg2CW87d97TXJSDpbD5jBkheTqA83TZRuJosgAsU,Counterparty_27_b10f4db7,high,out,Es9vMFrzaCERmJfrF4H2FYD4KCoNkY11McCe8BenwNYB,USDT,6,13338800000,13338.80,1.00,13338.80,5000,success,fixture
euWqicT3rp7yhqRyAqPkngq4oZH7eiKwhWuaNxQ1h85EVNFNaBn82XBcakxvVap1X9rWfq4nFW8T7U2cmZ8rgXvA,258296452,2026-03-11T09:49:41Z,7xKXtg2CW87d97TXJSDpbD5jBkheTqA83TZRuJosgAsU,Counterparty_04_57526846,high,in,Es9vMFrzaCERmJfrF4H2FYD4KCoNkY11McCe8BenwNYB,USDT,6,24943750000,24943.75,1.00,24943.75,0,success,fixture
iworVpxtERtaFbQjsx4eMvkhV2seDH2rnfd6TkQ3b85DTtmsHwzqr2GJuahHcJDxpXuW31mTCtYdNnjdNyn8LtCf,258303435,2026-03-11T10:36:14Z,7xKXtg2CW87d97TXJSDpbD5jBkheTqA83TZRuJosgAsU,Counterparty_11_b3669cbd,high,out,EPjFWdd5AufqSSqeM2qN1xzybapC8G4wEGGkZwyTDt1v,USDC,6,24638490000,24638.49,1.00,24638.49,5000,success,fixture
srGN3T954aK35MxXwgyeYi2S9ngya53dgXiPCxUaSTQ4bETc6qSctkB8K3VFXD4akW6JqDe2Dg1fzA24NwspjSCS,258329835,2026-03-11T13:32:14Z,7xKXtg2CW87d97TXJSDpbD5jBkheTqA83TZRuJosgAsU,Counterparty_25_a6c1ad8f,high,in,EPjFWdd5AufqSSqeM2qN1xzybapC8G4wEGGkZwyTDt1v,USDC,6,20825220000,20825.22,1.00,20825.22,0,success,fixture
USHeW12kbKKspNc27Noi7YTLAeTvmBa1e9K78P1Mu2igtTgdnT7oorD8NvBnNQBmGmB9jsc4MZvcDWiVhLGPJp4m,258354230,2026-03-11T16:14:52Z,7xKXtg2CW87d97TXJSDpbD5jBkheTqA83TZRuJosgAsU,Counterparty_27_b10f4db7,high,out,EPjFWdd5AufqSSqeM2qN1xzybapC8G4wEGGkZwyTDt1v,USDC,6,13357220000,13357.22,1.00,13357.22,5000,success,fixture
9V7mSa71daz7wjxWTzUFQ96NATXDuiV851Vq1SbTaiUJTpvL7KXyGPxfvLUcdNDhWKCNCMWVRbevdhmYnXtqFkvd,258382202,2026-03-11T19:21:21Z,7xKXtg2CW87d97TXJSDpbD5jBkheTqA83TZRuJosgAsU,Counterparty_11_b3669cbd,high,in,EPjFWdd5AufqSSqeM2qN1xzybapC8G4wEGGkZwyTDt1v,USDC,6,12740040000,12740.04,1.00,12740.04,0,success,fixture
LtpNVYpPbHjYHQW1uPLnNzarjwxzvfX8Jkaoh2ATwFjAPY2GdpmUQEp6DRh7JyhkbzVyaCHkPyNSeTJLD3eamNvg,258387975,2026-03-11T19:59:50Z,7xKXtg2CW87d97TXJSDpbD5jBkheTqA83TZRuJosgAsU,Counterparty_03_fb40d6bd,high,out,Es9vMFrzaCERmJfrF4H2FYD4KCoNkY11McCe8BenwNYB,USDT,6,18668440000,18668.44,1.00,18668.44,5000,success,fixture
KjuZWaE52D7HttPqRJMX9qAWMjXfJs4WoJ2FEwVHHghegaV1fFGf7nFSpgK6CuhSL51vR2FBUqtVPF5mic3PYSG6,258395947,2026-03-11T20:52:59Z,7xKXtg2CW87d97TXJSDpbD5jBkheTqA83TZRuJosgAsU,Counterparty_21_18aa8f3b,high,in,EPjFWdd5AufqSSqeM2qN1xzybapC8G4wEGGkZwyTDt1v,USDC,6,17592770000,17592.77,1.00,17592.77,0,success,fixture
5B1qdgUSwXUFVB2DiVFKrHZFzRQTX1Wh7ehm1PSjwMYtKvxwDeTYX3MHSuVDfG5SHof1epNJUzcibYpGnj4qPaZU,258405205,2026-03-11T21:54:42Z,7xKXtg2CW87d97TXJSDpbD5jBkheTqA83TZRuJosgAsU,Counterparty_17_f3e82208,high,in,EPjFWdd5AufqSSqeM2qN1xzybapC8G4wEGGkZwyTDt1v,USDC,6,5370420000,5370.42,1.00,5370.42,0,success,fixture
UJgbCaqkqGariNjdXJVVUPRrMez3X2QMLogHisnEhvLFrUbXjY7NxTtdCAo1veJrgwz4YSmGLx8PEQeWW84j488N,258414632,2026-03-11T22:57:33Z,7xKXtg2CW87d97TXJSDpbD5jBkheTqA83TZRuJosgAsU,Counterparty_20_8ba8f837,high,out,EPjFWdd5AufqSSqeM2qN1xzybapC8G4wEGGkZwyTDt1v,USDC,6,7594980000,7594.98,1.00,7594.98,5000,success,fixture
jS8tuyUuQTkSqMzWSL1SEGRPNZS8V864UduTWdRfFgyCJzeiTAFLKDUfCZM6PTCnaEYfrKVVhK5YpEFmGTp484Xb,258511060,2026-03-12T09:40:24Z,7xKXtg2CW87d97TXJSDpbD5jBkheTqA83TZRuJosgAsU,Counterparty_13_34249d8b,high,out,EPjFWdd5AufqSSqeM2qN1xzybapC8G4wEGGkZwyTDt1v,USDC,6,22495050000,22495.05,1.00,22495.05,5000,success,fixture
ts9814vrF9DuSQkhi6eeHu525DziVt96zwvtN83W4BdUuoSY2RkUCPECJJVyA3gggGiKYTycX46JR9TDiytaGhtb,258548607,2026-03-12T13:50:43Z,7xKXtg2CW87d97TXJSDpbD5jBkheTqA83TZRuJosgAsU,Counterparty_25_a6c1ad8f,high,in,SOL,SOL,9,50000000000,50.0000,,,0,success,fixture
UNGrVJTpRqVcNuTEkV7RKGS5in87StaQetQy9L5zY8UaYLYcBMThGJopECM618w62BjtcaDm8sJdjr5J5466p93t,258595355,2026-03-12T19:02:22Z,7xKXtg2CW87d97TXJSDpbD5jBkheTqA83TZRuJosgAsU,Counterparty_02_d11a6706,high,out,EPjFWdd5AufqSSqeM2qN1xzybapC8G4wEGGkZwyTDt1v,USDC,6,10110590000,10110.59,1.00,10110.59,5000,success,fixture
SvV6hJajdPWgANWbQmCDMAfZ42sgDKq5FrVGHNJ9KXvxuq75PyMaCwC5c8udN6V6sf1Vu2UWXiUjfDux8E7swSzx,258598325,2026-03-12T19:22:10Z,7xKXtg2CW87d97TXJSDpbD5jBkheTqA83TZRuJosgAsU,Counterparty_09_a71f3d1a,high,out,EPjFWdd5AufqSSqeM2qN1xzybapC8G4wEGGkZwyTDt1v,USDC,6,6537240000,6537.24,1.00,6537.24,5000,success,fixture
kLgEdkAMBDrSsBwBgjBMaXifsTroJFHXwvLQALNoPvpMVLUdSqT1qS4TPit9WrJ2unDEjnHKvQ2MUsRMccpDtEgZ,258633312,2026-03-12T23:15:25Z,7xKXtg2CW87d97TXJSDpbD5jBkheTqA83TZRuJosgAsU,Counterparty_14_829f4116,high,out,EPjFWdd5AufqSSqeM2qN1xzybapC8G4wEGGkZwyTDt1v,USDC,6,8067200000,8067.20,1.00,8067.20,5000,success,fixture
GQnD3zrq9Z6TNy4THSD1ku4PnsfFvVWWPSze7gbF9r5k2iBf6Tkyukp5XLRxf3xBepaE8s2HGvpbuJ5gRSBAd6tx,258660012,2026-03-13T02:13:25Z,7xKXtg2CW87d97TXJSDpbD5jBkheTqA83TZRuJosgAsU,Counterparty_06_de562439,high,in,EPjFWdd5AufqSSqeM2qN1xzybapC8G4wEGGkZwyTDt1v,USDC,6,558640000,558.64,1.00,558.64,0,success,fixture
s8pj4zqxQPpTCiL5AUjTVTziZ2siduH4pMdSLX3GDUuJBvKvrMqDnA2UMJwooF9Th5KFLx4mjzzvrvEX5PAyvnJD,258665720,2026-03-13T02:51:28Z,7xKXtg2CW87d97TXJSDpbD5jBkheTqA83TZRuJosgAsU,Counterparty_25_a6c1ad8f,high,in,EPjFWdd5AufqSSqeM2qN1xzybapC8G4wEGGkZwyTDt1v,USDC,6,2228420000,2228.42,1.00,2228.42,0,success,fixture
tcBsZdDRiDjhBrvWciUa2Xyp3JCiyFPzWriF6agfQeG5u6oUkeeCk6iDMGLnWo4P1uXwi1YXQ1occrzLdKjdggsS,258673657,2026-03-13T03:44:23Z,7xKXtg2CW87d97TXJSDpbD5jBkheTqA83TZRuJosgAsU,Counterparty_06_de562439,high,out,EPjFWdd5AufqSSqeM2qN1xzybapC8G4wEGGkZwyTDt1v,USDC,6,16633530000,16633.53,1.00,16633.53,5000,success,fixture
Ypqgb7hVZet3jKwTEFrWcR8DwX8PsWTuinspS1QsFZKJyjHLvzsTkG1zT312AsQvuaupfMNBdUGcSDgiSv4tdU9h,258696912,2026-03-13T06:19:25Z,7xKXtg2CW87d97TXJSDpbD5jBkheTqA83TZRuJosgAsU,Counterparty_12_50e165e4,high,out,EPjFWdd5AufqSSqeM2qN1xzybapC8G4wEGGkZwyTDt1v,USDC,6,10524660000,10524.66,1.00,10524.66,5000,success,fixture
gQ6j6Dh3E2VrRwR5X1Rm7RkoScoJwTLsmbk9si2faY9aLravy5Z7bRdSf9FrJHzH4MQVAwLYqWB6sFrdTwDiSA2n,258723527,2026-03-13T09:16:51Z,7xKXtg2CW87d97TXJSDpbD5jBkheTqA83TZRuJosgAsU,Counterparty_18_6ecaa007,high,in,EPjFWdd5AufqSSqeM2qN1xzybapC8G4wEGGkZwyTDt1v,USDC,6,21760340000,21760.34,1.00,21760.34,0,success,fixture
yy25CwKtPwW7b6Qc4Rpit6fKfdre8DShsoQ3yPN8d7jupteFvdTbV6ZUsjY5X1b1iLgAfwEnBqvwcnswQ2Ym7fU6,258885885,2026-03-14T03:19:14Z,7xKXtg2CW87d97TXJSDpbD5jBkheTqA83TZRuJosgAsU,Counterparty_04_57526846,high,out,EPjFWdd5AufqSSqeM2qN1xzybapC8G4wEGGkZwyTDt1v,USDC,6,4703090000,4703.09,1.00,4703.09,5000,success,fixture
YkXMqFrtosG7zyCozRqT54gH83wp5VqQfhv2CM7mVR9hdcDDHYVkKFDpBUuatsD6e2hj7E3t9z1QrTdbx5NCkooi,258910415,2026-03-14T06:02:46Z,7xKXtg2CW87d97TXJSDpbD5jBkheTqA83TZRuJosgAsU,Counterparty_16_9911036c,high,out,EPjFWdd5AufqSSqeM2qN1xzybapC8G4wEGGkZwyTDt1v,USDC,6,6898730000,6898.73,1.00,6898.73,5000,success,fixture
ACzHxLH5rZegXK1AtwvDDaTbU2ZrFvMuXx3o5V2GTD3ygLtJAEZiT4C3tmNo4bgpbF2frxJp5EJje1erUh5ufXfY,258934820,2026-03-14T08:45:28Z,7xKXtg2CW87d97TXJSDpbD5jBkheTqA83TZRuJosgAsU,Counterparty_27_b10f4db7,high,out,Es9vMFrzaCERmJfrF4H2FYD4KCoNkY11McCe8BenwNYB,USDT,6,4521340000,4521.34,1.00,4521.34,5000,success,fixture
NrT8c9vfa1GmRNXhmYHoKuf8oT1ygkESQgsP9y45Lf5t8xahrdK7bKFFSaXNv2e9qTDBuoBEffZA5GVJNNT56H3m,258954485,2026-03-14T10:56:34Z,7xKXtg2CW87d97TXJSDpbD5jBkheTqA83TZRuJosgAsU,Counterparty_23_44e61d9a,high,out,EPjFWdd5AufqSSqeM2qN1xzybapC8G4wEGGkZwyTDt1v,USDC,6,17128680000,17128.68,1.00,17128.68,5000,success,fixture
4XdXSLyVQKkpPTNWAZdsWABRkdEKZNJk2qEe1fZHkRawPpT1vURoeofCxinxT5Ea9TscX3grxVyVyWVfQW3qiEdd,259017967,2026-03-14T17:59:47Z,7xKXtg2CW87d97TXJSDpbD5jBkheTqA83TZRuJosgAsU,Counterparty_28_89d35ea6,high,out,EPjFWdd5AufqSSqeM2qN1xzybapC8G4wEGGkZwyTDt1v,USDC,6,7401630000,7401.63,1.00,7401.63,5000,success,fixture
XeaSXnYc9Dx6CdfyPVsz1tJV9nTsHwBhtU5Ao8B4EaHFpqyXNFUPmeoRxqb4WcPuhBQHZCL98jcmqFZMyHQtqJ43,259088875,2026-03-15T01:52:30Z,7xKXtg2CW87d97TXJSDpbD5jBkheTqA83TZRuJosgAsU,Counterparty_21_18aa8f3b,high,out,EPjFWdd5AufqSSqeM2qN1xzybapC8G4wEGGkZwyTDt1v,USDC,6,21491470000,21491.47,1.00,21491.47,5000,success,fixture
hukXzLqhLtVQUqopFSN8wZEsrX2LW3nBDxWq8imBQ2RsZC8o91FwQZ8rGrghjVgjN6gswzkUhCmHQAH3QQZdWCFu,259159767,2026-03-15T09:45:07Z,7xKXtg2CW87d97TXJSDpbD5jBkheTqA83TZRuJosgAsU,Counterparty_24_b30fcb06,high,out,EPjFWdd5AufqSSqeM2qN1xzybapC8G4wEGGkZwyTDt1v,USDC,6,18722850000,18722.85,1.00,18722.85,5000,success,fixture
Y7CCAzYRpHGFcWCB2QwKAA8RCRkMktHeyiRwDDpp1mbuDDKKLVyzv2LZvaYZfeN1JW2tB1xQgkRrZkP5grxMDskV,259176462,2026-03-15T11:36:25Z,7xKXtg2CW87d97TXJSDpbD5jBkheTqA83TZRuJosgAsU,Counterparty_15_69842a97,high,out,Es9vMFrzaCERmJfrF4H2FYD4KCoNkY11McCe8BenwNYB,USDT,6,6052500000,6052.50,1.00,6052.50,5000,success,fixture
d3YKgwd96UL34SdpoqaurzDSfoh9vDsMFJbJZUJV3ZB8FdaTMJUCAnw1B5BDpoYkpAx1PzN1yEqE1422caRGsKpn,259188500,2026-03-15T12:56:40Z,7xKXtg2CW87d97TXJSDpbD5jBkheTqA83TZRuJosgAsU,Counterparty_12_50e165e4,high,out,EPjFWdd5AufqSSqeM2qN1xzybapC8G4wEGGkZwyTDt1v,USDC,6,3744780000,3744.78,1.00,3744.78,5000,success,fixture
9DYWHQfieaLk7mpEGYTZV1NmZr1Ye5q3htqSwiQ8y2uUJ3Y3WaEqbkiLVaoJZDt1FHavrPWEUxNjKmk1xKyHg9XC,259209632,2026-03-15T15:17:33Z,7xKXtg2CW87d97TXJSDpbD5jBkheTqA83TZRuJosgAsU,Counterparty_16_9911036c,high,in,Es9vMFrzaCERmJfrF4H2FYD4KCoNkY11McCe8BenwNYB,USDT,6,6297150000,6297.15,1.00,6297.15,0,success,fixture
oWimRR1KMTcevFd6z7SkupLQViSYsujVquSQuXoURSxHXS3cP91ZjpNwi9eULNyMC5YQ4KdgbaYa9ecZYAWQLpJA,259266305,2026-03-15T21:35:22Z,7xKXtg2CW87d97TXJSDpbD5jBkheTqA83TZRuJosgAsU,Counterparty_05_903bb13e,high,in,EPjFWdd5AufqSSqeM2qN1xzybapC8G4wEGGkZwyTDt1v,USDC,6,22609890000,22609.89,1.00,22609.89,0,success,fixture
npby11zVXcHCZKQQWU7ahUXXt3UUY9m6foBtuCcqFLex8HE1hesA8QBVCpQgYbFDUvWJsm4zakd7Bkr3PeetJtKm,259301450,2026-03-16T01:29:40Z,7xKXtg2CW87d97TXJSDpbD5jBkheTqA83TZRuJosgAsU,Counterparty_14_829f4116,high,out,Es9vMFrzaCERmJfrF4H2FYD4KCoNkY11McCe8BenwNYB,USDT,6,12914750000,12914.75,1.00,12914.75,5000,success,fixture
NExoCyPtikkeHVhygN3VK3vY7qVnDw9Wfc4PnpekQi2Fjqv541SKkgELro1Emze81JP93yEU3ZgmqK55bLhg7FiN,259310832,2026-03-16T02:32:13Z,7xKXtg2CW87d97TXJSDpbD5jBkheTqA83TZRuJosgAsU,Counterparty_28_89d35ea6,high,out,Es9vMFrzaCERmJfrF4H2FYD4KCoNkY11McCe8BenwNYB,USDT,6,5810690000,5810.69,1.00,5810.69,5000,success,fixture
8cnK9xPLVUc6xZCSuyZDAvkFr2DopPafrAdxaa4tbQbFmaBQB7kBhhwgFvqnAbgUwDJ4SKRzaTzXWM9oL15HncjL,259322842,2026-03-16T03:52:17Z,7xKXtg2CW87d97TXJSDpbD5jBkheTqA83TZRuJosgAsU,Counterparty_06_de562439,high,out,Es9vMFrzaCERmJfrF4H2FYD4KCoNkY11McCe8BenwNYB,USDT,6,2289070000,2289.07,1.00,2289.07,5000,success,fixture
jR8sdKBGiA8PKy45nG6NEN4TfjUjCR5TcHuPNBMCqiYpLz519hQKYot5nWebfngJaaPURfKZdfF42Q7ehmoNUVPj,259328025,2026-03-16T04:26:50Z,7xKXtg2CW87d97TXJSDpbD5jBkheTqA83TZRuJosgAsU,Counterparty_29_8c088ab3,high,out,EPjFWdd5AufqSSqeM2qN1xzybapC8G4wEGGkZwyTDt1v,USDC,6,12029990000,12029.99,1.00,12029.99,5000,success,fixture
dQXi7jLzP7LeP7JewmiPMbrDbYwERc3xWCfSUo5wxa4bHGzaay5RubLa9wWnBDiy2uff3W2sLoRJHN1G2j1Rj1HP,259334490,2026-03-16T05:09:56Z,7xKXtg2CW87d97TXJSDpbD5jBkheTqA83TZRuJosgAsU,Counterparty_22_d1f65e81,high,out,EPjFWdd5AufqSSqeM2qN1xzybapC8G4wEGGkZwyTDt1v,USDC,6,20095780000,20095.78,1.00,20095.78,5000,success,fixture
TWGKvWahNESoebtb7RKreb2HKM1sfBjhZtSy1MB8vy3BS9W3SSKcfz42vbCJbvHPa7rF1cybdcDxjt3NXLjubcGg,259440920,2026-03-16T16:59:28Z,7xKXtg2CW87d97TXJSDpbD5jBkheTqA83TZRuJosgAsU,Counterparty_19_5a69fc17,high,out,EPjFWdd5AufqSSqeM2qN1xzybapC8G4wEGGkZwyTDt1v,USDC,6,24463130000,24463.13,1.00,24463.13,5000,success,fixture
PDZuhxT2Cb9S9PHsB3H5iwBxxFz6g3oiPVW91JqJ524nmYmevnJ7dEBJQrGvci54gXngL7hAAqJbW2eopcXApRHx,259455392,2026-03-16T18:35:57Z,7xKXtg2CW87d97TXJSDpbD5jBkheTqA83TZRuJosgAsU,Counterparty_29_8c088ab3,high,out,EPjFWdd5AufqSSqeM2qN1xzybapC8G4wEGGkZwyTDt1v,USDC,6,6107220000,6107.22,1.00,6107.22,5000,success,fixture
MbUXkGJysAQXnQuL2izf3vpjt4msjGHcRLhmQztk8bxGwVR1SHL6uqGLExyBVhMytriTs3Jx6urYXpTvNnUyu7uB,259475882,2026-03-16T20:52:33Z,7xKXtg2CW87d97TXJSDpbD5jBkheTqA83TZRuJosgAsU,Counterparty_22_d1f65e81,high,out,EPjFWdd5AufqSSqeM2qN1xzybapC8G4wEGGkZwyTDt1v,USDC,6,11629530000,11629.53,1.00,11629.53,5000,success,fixture
5WuD2kRdsfFvaA5JM9bVytaefqeydS9ZdG1riCcK4QA5ZP4MRx4cDp7d7AiT4HmobPpadTMHgc5cJJ1fxGbvUPLW,259485295,2026-03-16T21:55:18Z,7xKXtg2CW87d97TXJSDpbD5jBkheTqA83TZRuJosgAsU,Counterparty_02_d11a6706,high,out,Es9vMFrzaCERmJfrF4H2FYD4KCoNkY11McCe8BenwNYB,USDT,6,16470820000,16470.82,1.00,16470.82,5000,success,fixture
bczk2YejSrLok3Ghhs7PyYtMZNgDd7rbhMGjSo93QzJuLfDrGeCV6kdMH2TFaMwTzW194pWh5rPDWcjJC4kzPPki,259518487,2026-03-17T01:36:35Z,7xKXtg2CW87d97TXJSDpbD5jBkheTqA83TZRuJosgAsU,Counterparty_11_b3669cbd,high,out,EPjFWdd5AufqSSqeM2qN1xzybapC8G4wEGGkZwyTDt1v,USDC,6,7277860000,7277.86,1.00,7277.86,5000,success,fixture
korNbaHJjP9ESHeH57zp2t3sykB3bdRYSp3L4sTAGC7vQ8mvWM8fRXesCydT2NaUPF6JksEJzCC3Yu3zKE6sk3WW,259522277,2026-03-17T02:01:51Z,7xKXtg2CW87d97TXJSDpbD5jBkheTqA83TZRuJosgAsU,Counterparty_05_903bb13e,high,in,EPjFWdd5AufqSSqeM2qN1xzybapC8G4wEGGkZwyTDt1v,USDC,6,15395320000,15395.32,1.00,15395.32,0,success,fixture
Xx6LXvByCuk9fsmtKND7dSntM6RKsKyu7cj1sNJw12aMoFaptt1jjfJrB2ryWqgSm7mge3xhgWebseUNpdm6F77c,259540230,2026-03-17T04:01:32Z,7xKXtg2CW87d97TXJSDpbD5jBkheTqA83TZRuJosgAsU,Counterparty_28_89d35ea6,high,out,EPjFWdd5AufqSSqeM2qN1xzybapC8G4wEGGkZwyTDt1v,USDC,6,21842660000,21842.66,1.00,21842.66,5000,success,fixture
BzsY5CbMBpHknmSKbKKwdH7q8SuyyD6cwYD9a3XX78F3vRC6qmt5GUgQVpAVfr3jZrDrEoM3d1ANxHCPWDzi4SRA,259670252,2026-03-17T18:28:21Z,7xKXtg2CW87d97TXJSDpbD5jBkheTqA83TZRuJosgAsU,Counterparty_09_a71f3d1a,high,out,EPjFWdd5AufqSSqeM2qN1xzybapC8G4wEGGkZwyTDt1v,USDC,6,6128800000,6128.80,1.00,6128.80,5000,success,fixture
oaiV2ZyTmGEuLqoJPFeVQxy3cCdzi2mDZoMRmwfZ39cLJ1AVaDTm9jRcnJgzK7kykyKtWf4HKWM6PGzYhfBSzh2v,259742132,2026-03-18T02:27:33Z,7xKXtg2CW87d97TXJSDpbD5jBkheTqA83TZRuJosgAsU,Counterparty_24_b30fcb06,high,out,EPjFWdd5AufqSSqeM2qN1xzybapC8G4wEGGkZwyTDt1v,USDC,6,17790980000,17790.98,1.00,17790.98,5000,success,fixture
bJ2qGfsnbAC6tb2kEeRSrBrpo3GZQubcSkJhmp2jVbb1ASMBfmN6zRKmUnfExEoGNoT9D4DfWLHw2ZZz4qrvUY3Z,259833935,2026-03-18T12:39:34Z,7xKXtg2CW87d97TXJSDpbD5jBkheTqA83TZRuJosgAsU,Counterparty_23_44e61d9a,high,out,EPjFWdd5AufqSSqeM2qN1xzybapC8G4wEGGkZwyTDt1v,USDC,6,1494760000,1494.76,1.00,1494.76,5000,success,fixture
tPJtsv4tCkWEB28AxhfPE6cM12K9D6jb9m3qmwRa9t4Lax8sm3dG4PLaKnVEaPVquYfVyEetapAJvnNhkMGav7Qw,259843145,2026-03-18T13:40:58Z,7xKXtg2CW87d97TXJSDpbD5jBkheTqA83TZRuJosgAsU,Counterparty_02_d11a6706,high,out,EPjFWdd5AufqSSqeM2qN1xzybapC8G4wEGGkZwyTDt1v,USDC,6,4862860000,4862.86,1.00,4862.86,5000,success,fixture
tS246E78GuskhYZV5tbXjfsWjnaiweBdwG4d4rVXAuMcL4us4fi1wTChN2erJTnRjS1Nyx1Tad2tzCuQpQoBxZar,259846410,2026-03-18T14:02:44Z,7xKXtg2CW87d97TXJSDpbD5jBkheTqA83TZRuJosgAsU,Counterparty_24_b30fcb06,high,out,EPjFWdd5AufqSSqeM2qN1xzybapC8G4wEGGkZwyTDt1v,USDC,6,15175810000,15175.81,1.00,15175.81,5000,success,fixture
ANQeFNz2BrVUVHgos2RL8sArAYAkXSQDt5KuQ8mhDJ7Yhu44NKQNcGsKPPgNyvQUtC8UcjEEQsjXmxqTTZ4cusgP,259849302,2026-03-18T14:22:01Z,7xKXtg2CW87d97TXJSDpbD5jBkheTqA83TZRuJosgAsU,Counterparty_24_b30fcb06,high,in,EPjFWdd5AufqSSqeM2qN1xzybapC8G4wEGGkZwyTDt1v,USDC,6,24473740000,24473.74,1.00,24473.74,0,success,fixture
c9EWYB74g4XHKHXdmFd7m5X8YHwn12DnHPSakyZmJaSNkYqEXKrJfRSR1V9FSRo4rKwysXH7A1c7b1DUafEZhAPv,259891715,2026-03-18T19:04:46Z,7xKXtg2CW87d97TXJSDpbD5jBkheTqA83TZRuJosgAsU,Counterparty_27_b10f4db7,high,in,Es9vMFrzaCERmJfrF4H2FYD4KCoNkY11McCe8BenwNYB,USDT,6,22329740000,22329.74,1.00,22329.74,0,success,fixture
mW4HiwcUqmq5bxSkoV2TSECv4q5SqBdkzy1XDteeCrvZvg6kdubBY8cATmMyrErtFW6Wp1bUuvLgHBSeKB2Enmeb,259894215,2026-03-18T19:21:26Z,7xKXtg2CW87d97TXJSDpbD5jBkheTqA83TZRuJosgAsU,Counterparty_21_18aa8f3b,high,out,EPjFWdd5AufqSSqeM2qN1xzybapC8G4wEGGkZwyTDt1v,USDC,6,2954860000,2954.86,1.00,2954.86,5000,success,fixture
QjZPGN1wxU9fAQvbj3opftfJg5diwrHrGVDGE5CuvgxEmaRpxwPNSrcNxj4wBz91hb2QDbnLqYukkdymAVfQ5EwC,259923092,2026-03-18T22:33:57Z,7xKXtg2CW87d97TXJSDpbD5jBkheTqA83TZRuJosgAsU,Counterparty_24_b30fcb06,high,out,EPjFWdd5AufqSSqeM2qN1xzybapC8G4wEGGkZwyTDt1v,USDC,6,10759090000,10759.09,1.00,10759.09,5000,success,fixture
Urku86NhQhRU6FiK2nJVjiP333xvLNcL3ice99hX2Sxzdgk3iRLfsLgGNUiPpmwziuZ3kFsiSEcESKY9xBLQMrZp,259972590,2026-03-19T04:03:56Z,7xKXtg2CW87d97TXJSDpbD5jBkheTqA83TZRuJosgAsU,Counterparty_03_fb40d6bd,high,out,EPjFWdd5AufqSSqeM2qN1xzybapC8G4wEGGkZwyTDt1v,USDC,6,24005280000,24005.28,1.00,24005.28,5000,success,fixture
SwT95yPmUhwvXJscpREYKuY4Gi2ETSGwaUjn49RhZWu8kWNZH2NFq5bhcTNbMCCZZhXRo8VBWJyT41GyK61qQxcs,260016002,2026-03-19T08:53:21Z,7xKXtg2CW87d97TXJSDpbD5jBkheTqA83TZRuJosgAsU,Counterparty_17_f3e82208,high,in,Es9vMFrzaCERmJfrF4H2FYD4KCoNkY11McCe8BenwNYB,USDT,6,14877030000,14877.03,1.00,14877.03,0,success,fixture
iDPYWdh1vpwussazFpDQj3Sh7NZ5Jcbwpbx6t4VdaGGHtpCmiwGFmnWC3fJcJ6pDov5zz9aL4EFGeqeXW7bys4Ms,260032055,2026-03-19T10:40:22Z,7xKXtg2CW87d97TXJSDpbD5jBkheTqA83TZRuJosgAsU,Counterparty_20_8ba8f837,high,in,EPjFWdd5AufqSSqeM2qN1xzybapC8G4wEGGkZwyTDt1v,USDC,6,3914560000,3914.56,1.00,3914.56,0,success,fixture
SsG13esmXmfAQr6GBY6kgNqh44PiAmbs79YFMcsiqPtzVoD2mRPo9Hz3YnVcKbmYDdCbPMoWJxvfxcB5aAVKuHbQ,260036935,2026-03-19T11:12:54Z,7xKXtg2CW87d97TXJSDpbD5jBkheTqA83TZRuJosgAsU,Counterparty_14_829f4116,high,in,Es9vMFrzaCERmJfrF4H2FYD4KCoNkY11McCe8BenwNYB,USDT,6,16679480000,16679.48,1.00,16679.48,0,success,fixture
c9o8YoYHZVKYVfGQxggjkNicLEbGQRfeeXq8CPAr3v6gD4mRzHUhd8ARtY8d6dTedDEQGk3Eh5GqcXcE3MiSa9Zt,260120657,2026-03-19T20:31:03Z,7xKXtg2CW87d97TXJSDpbD5jBkheTqA83TZRuJosgAsU,Counterparty_23_44e61d9a,high,out,Es9vMFrzaCERmJfrF4H2FYD4KCoNkY11McCe8BenwNYB,USDT,6,12352290000,12352.29,1.00,12352.29,5000,success,fixture
4n9Dp6C6n61UskFE4n6RMhaDXuDnYfnCXKokexx4VCZ16CDHAybdDm8mq5DCwMqFBShveKfTZhKEUHuPpGa1iykH,260232287,2026-03-20T08:55:15Z,7xKXtg2CW87d97TXJSDpbD5jBkheTqA83TZRuJosgAsU,Counterparty_09_a71f3d1a,high,in,EPjFWdd5AufqSSqeM2qN1xzybapC8G4wEGGkZwyTDt1v,USDC,6,2157630000,2157.63,1.00,2157.63,0,success,fixture
icMA1yj5FrRCSj4ZsKjSFdvoXjQR5MoJsX3QMHd5tChj5Q6UoJ55drkNNUJ2dj6doReEeMVcYPtC4Xt1t92HBUBj,260236170,2026-03-20T09:21:08Z,7xKXtg2CW87d97TXJSDpbD5jBkheTqA83TZRuJosgAsU,Counterparty_00_9d79b1a3,high,in,Es9vMFrzaCERmJfrF4H2FYD4KCoNkY11McCe8BenwNYB,USDT,6,21465630000,21465.63,1.00,21465.63,0,success,fixture
QRtHqiXbiqFXjo4E7YMLFa2rCyVKu5vLZwMnWjCR4BdCNHrqSkaSAzVCcavL3VTUH91VizRkEAX5xvnENEocSXTm,260276300,2026-03-20T13:48:40Z,7xKXtg2CW87d97TXJSDpbD5jBkheTqA83TZRuJosgAsU,Counterparty_04_57526846,high,out,Es9vMFrzaCERmJfrF4H2FYD4KCoNkY11McCe8BenwNYB,USDT,6,7239670000,7239.67,1.00,7239.67,5000,success,fixture
ZTX4jeUZGwmnptX9y25rUHbiyMHW6GF9jMc6menTEHcy6F2v3LkGyRyAQiSd8jNGpiofxkG1Ncs6bYmRBK1JUR62,260283497,2026-03-20T14:36:39Z,7xKXtg2CW87d97TXJSDpbD5jBkheTqA83TZRuJosgAsU,Counterparty_26_2906e732,high,in,EPjFWdd5AufqSSqeM2qN1xzybapC8G4wEGGkZwyTDt1v,USDC,6,22592890000,22592.89,1.00,22592.89,0,success,fixture
Aju8WeNf9ycAruyBEG6CNRYY9P1umnvEawPqzU8UCmWm8H6DJsCYinYDADMiYFmYxHCs7kzLoA1fHC3VfGzXH8Qi,260296020,2026-03-20T16:00:08Z,7xKXtg2CW87d97TXJSDpbD5jBkheTqA83TZRuJosgAsU,Counterparty_16_9911036c,high,out,EPjFWdd5AufqSSqeM2qN1xzybapC8G4wEGGkZwyTDt1v,USDC,6,23329780000,23329.78,1.00,23329.78,5000,success,fixture
PRwNGyydfQC67rphokMJtCH16P2kpHEvhWgs4naTvc2atZGNanpQzPZiFUHMHhcVQqgVddrqnXH9PoKBhei4orwL,260306360,2026-03-20T17:09:04Z,7xKXtg2CW87d97TXJSDpbD5jBkheTqA83TZRuJosgAsU,Counterparty_06_de562439,high,out,EPjFWdd5AufqSSqeM2qN1xzybapC8G4wEGGkZwyTDt1v,USDC,6,15744410000,15744.41,1.00,15744.41,5000,success,fixture
XKknRyaMe19skR9ftVR68qRR9robSU1rDLfa9JtSycfhskTXi38SQRBvYpYukK3B5zQuY9E6nAMAJCDNANupRv31,260356807,2026-03-20T22:45:23Z,7xKXtg2CW87d97TXJSDpbD5jBkheTqA83TZRuJosgAsU,Counterparty_16_9911036c,high,out,Es9vMFrzaCERmJfrF4H2FYD4KCoNkY11McCe8BenwNYB,USDT,6,17220790000,17220.79,1.00,17220.79,5000,success,fixture
AaB5h7s5CSLhA7jZ6MHHrYcZeErWhW4Y4Qw2V2gQio2hS9RjECVSCHnjxqyD9UNVA1rYfa4HpY3XZgspwiGVfaYY,260360940,2026-03-20T23:12:56Z,7xKXtg2CW87d97TXJSDpbD5jBkheTqA83TZRuJosgAsU,Counterparty_21_18aa8f3b,high,out,EPjFWdd5AufqSSqeM2qN1xzybapC8G4wEGGkZwyTDt1v,USDC,6,21457240000,21457.24,1.00,21457.24,5000,success,fixture
ehwKqRbVhnWqKekAdKJfgDs5DTYPhyYBxvoqySTZHnufy1kNFSiUzViZEqC3D5S8znnrEx7XVf1NGL3EckbFDD7i,260370090,2026-03-21T00:13:56Z,7xKXtg2CW87d97TXJSDpbD5jBkheTqA83TZRuJosgAsU,Counterparty_10_6d2d3cad,high,out,Es9vMFrzaCERmJfrF4H2FYD4KCoNkY11McCe8BenwNYB,USDT,6,23957120000,23957.12,1.00,23957.12,5000,success,fixture
AXwJoEfhAAMrzN7VtJ5vfmpCMcyy5hpvzvHvYxTzCz7unCnDSt38mbSFdfHPH7uEorcHMF7MREr4fG1zrtXfSajp,260373550,2026-03-21T00:37:00Z,7xKXtg2CW87d97TXJSDpbD5jBkheTqA83TZRuJosgAsU,Counterparty_10_6d2d3cad,high,out,EPjFWdd5AufqSSqeM2qN1xzybapC8G4wEGGkZwyTDt1v,USDC,6,19339540000,19339.54,1.00,19339.54,5000,success,fixture
LGpUqGg649QYKDAREi3GofVpyN9JMisq3asTiuKq2FwoNNGEb4jGtkmoFfxRaMCVh15xY5D4hAE96CecvsEGZ6Uo,260406585,2026-03-21T04:17:14Z,7xKXtg2CW87d97TXJSDpbD5jBkheTqA83TZRuJosgAsU,Counterparty_14_829f4116,high,out,EPjFWdd5AufqSSqeM2qN1xzybapC8G4wEGGkZwyTDt1v,USDC,6,6572310000,6572.31,1.00,6572.31,5000,success,fixture
vgSYbxVYcZt3rv6k8hPqf7ECUbLCDCnkSDNPsJTgk3EDnRupdnD63yywNV6dWGCDnc7PKNN9WcoXUhrBhR1yCyEN,260455245,2026-03-21T09:41:38Z,7xKXtg2CW87d97TXJSDpbD5jBkheTqA83TZRuJosgAsU,Counterparty_13_34249d8b,high,out,EPjFWdd5AufqSSqeM2qN1xzybapC8G4wEGGkZwyTDt1v,USDC,6,22248740000,22248.74,1.00,22248.74,5000,success,fixture
YkyWhGhTwzQMoT5f995rac9y92TEq6aoSuK8XR5hhhnFv2ADTHq8mhUfGUZDMhge5TwWUJ1vGAFsdj5ndoFjCN9s,260474765,2026-03-21T11:51:46Z,7xKXtg2CW87d97TXJSDpbD5jBkheTqA83TZRuJosgAsU,Counterparty_28_89d35ea6,high,out,EPjFWdd5AufqSSqeM2qN1xzybapC8G4wEGGkZwyTDt1v,USDC,6,20909510000,20909.51,1.00,20909.51,5000,success,fixture
qcqSYkzZN6Pk4UySaZ5PPpW8mMQvTkT6xTTcezL3dGTpGRHTh1NdyQM8mT8x5FEeNTDC9HQ5ZAQSfS5e96AinUzd,260527877,2026-03-21T17:45:51Z,7xKXtg2CW87d97TXJSDpbD5jBkheTqA83TZRuJosgAsU,Counterparty_14_829f4116,high,out,Es9vMFrzaCERmJfrF4H2FYD4KCoNkY11McCe8BenwNYB,USDT,6,18385970000,18385.97,1.00,18385.97,5000,success,fixture
4m6wGoq1wSvMrDDBGfmSvf5u7jcRRLykq85N6pRKvmrjuHTtNfxADgTrQfXcAUe24a11KW1DCBT3p1uaZrxbLwjD,260529775,2026-03-21T17:58:30Z,7xKXtg2CW87d97TXJSDpbD5jBkheTqA83TZRuJosgAsU,Counterparty_29_8c088ab3,high,out,EPjFWdd5AufqSSqeM2qN1xzybapC8G4wEGGkZwyTDt1v,USDC,6,22846340000,22846.34,1.00,22846.34,5000,success,fixture
ShR1dkK1LHWyQ27WtM1NTkvSPsMafqghp3iSMbSxeYxspnn9BDBKC3HG24SGm5d7x3uUwdXvw7pwGRqGNe6qjtt6,260550652,2026-03-21T20:17:41Z,7xKXtg2CW87d97TXJSDpbD5jBkheTqA83TZRuJosgAsU,Counterparty_27_b10f4db7,high,out,SOL,SOL,9,14000000000,14.0000,,,5000,success,fixture
mwrSNAKwwgKsbf5ZPBtofZGZZzB1n5M8JeWVYTJd6GSo6TwPVTvP9ZzB9ntqR7vdiMjJndju2yw9dLcwHerKDjwp,260553007,2026-03-21T20:33:23Z,7xKXtg2CW87d97TXJSDpbD5jBkheTqA83TZRuJosgAsU,Counterparty_26_2906e732,high,out,Es9vMFrzaCERmJfrF4H2FYD4KCoNkY11McCe8BenwNYB,USDT,6,10580580000,10580.58,1.00,10580.58,5000,success,fixture
CZoLUqwS8fedV63Zn7rZSDA8GiFVqmMnkwC6rHPjPuLHV9AX2n4xHagkhgYtHrHBCjNgkxVD3EYHZxtQi4aEsVvJ,260645477,2026-03-22T06:49:51Z,7xKXtg2CW87d97TXJSDpbD5jBkheTqA83TZRuJosgAsU,Counterparty_27_b10f4db7,high,in,EPjFWdd5AufqSSqeM2qN1xzybapC8G4wEGGkZwyTDt1v,USDC,6,1751960000,1751.96,1.00,1751.96,0,success,fixture
wZAxq5XZ5dBGhqTvhQFuHT4qU3xMrS2DjoQSVfvxFp9XgsZyTixqhBGfaKYr5Uf2T5c6nzrAri3QJSJWitNLvbfM,260649805,2026-03-22T07:18:42Z,7xKXtg2CW87d97TXJSDpbD5jBkheTqA83TZRuJosgAsU,Counterparty_29_8c088ab3,high,out,Es9vMFrzaCERmJfrF4H2FYD4KCoNkY11McCe8BenwNYB,USDT,6,15498650000,15498.65,1.00,15498.65,5000,success,fixture
936WFubCw9hUr3tSbShxcmpiTTF1qX2ggTtKbbTtFfpgZwVMUc7dBgdqNds6629gaLeiEaxDM1udGAVQD9goRfKw,260743742,2026-03-22T17:44:57Z,7xKXtg2CW87d97TXJSDpbD5jBkheTqA83TZRuJosgAsU,Counterparty_16_9911036c,high,out,EPjFWdd5AufqSSqeM2qN1xzybapC8G4wEGGkZwyTDt1v,USDC,6,22619840000,22619.84,1.00,22619.84,5000,success,fixture
GkaA1k21khCfXb1ThXosc9hJUMhMD1gAACB89Zc7Sg2EsMubuErzCnzAFBYAFLH9J5zrySw4aEcaij6HqbeifJbj,260835345,2026-03-23T03:55:38Z,7xKXtg2CW87d97TXJSDpbD5jBkheTqA83TZRuJosgAsU,Counterparty_05_903bb13e,high,out,EPjFWdd5AufqSSqeM2qN1xzybapC8G4wEGGkZwyTDt1v,USDC,6,22571240000,22571.24,1.00,22571.24,5000,success,fixture
WoEC4nCCiAX77q5vWvQiyYUf8Y7UB4rKBgybQ8KJvcSdcF3QC7vUe1EewtCC2zCpTdsc17yJCkSJYv54Ub2x5VWy,260925147,2026-03-23T13:54:19Z,7xKXtg2CW87d97TXJSDpbD5jBkheTqA83TZRuJosgAsU,Counterparty_28_89d35ea6,high,in,Es9vMFrzaCERmJfrF4H2FYD4KCoNkY11McCe8BenwNYB,USDT,6,2734510000,2734.51,1.00,2734.51,0,success,fixture
Nuj8nfVk48c5pxQcd7DSbAeSW1WJC8NG5fGhzSo9rxNBSs19C8Udpq2cnZWQsJZ1AxvfFDrQbFqZuLDkvgh61TQV,260962935,2026-03-23T18:06:14Z,7xKXtg2CW87d97TXJSDpbD5jBkheTqA83TZRuJosgAsU,Counterparty_07_e9c1b823,high,out,Es9vMFrzaCERmJfrF4H2FYD4KCoNkY11McCe8BenwNYB,USDT,6,15829390000,15829.39,1.00,15829.39,5000,success,fixture
1NncJfcKHVQFgDU42XKa7DwkDQGEmGUgJ5xVP8Z2k1VjPRQbANMHZpGZUcpwtR6ADzkNraYg1N1XtE3mpf4Xx9dH,260999192,2026-03-23T22:07:57Z,7xKXtg2CW87d97TXJSDpbD5jBkheTqA83TZRuJosgAsU,Counterparty_21_18aa8f3b,high,out,EPjFWdd5AufqSSqeM2qN1xzybapC8G4wEGGkZwyTDt1v,USDC,6,12760310000,12760.31,1.00,12760.31,5000,success,fixture
Pj7vQZDYVyRXJdfU6qUtQgCUhU63ZNWkFiknAYahia6KWU6tXLA9kzLvGaUKd4c53Z7ZUT7WjoduHPHe6rZ28pjW,261013122,2026-03-23T23:40:49Z,7xKXtg2CW87d97TXJSDpbD5jBkheTqA83TZRuJosgAsU,Counterparty_05_903bb13e,high,in,Es9vMFrzaCERmJfrF4H2FYD4KCoNkY11McCe8BenwNYB,USDT,6,1583100000,1583.10,1.00,1583.10,0,success,fixture
FXrAecARcfzFFJznZjwUjLfzW3GnM3TYMWZgTxasoxFDNPmV1tYVGp7rBvtjzyE7MNNh3kwrMVkz3P9i6aXgfkyp,261069200,2026-03-24T05:54:40Z,7xKXtg2CW87d97TXJSDpbD5jBkheTqA83TZRuJosgAsU,Counterparty_07_e9c1b823,high,out,EPjFWdd5AufqSSqeM2qN1xzybapC8G4wEGGkZwyTDt1v,USDC,6,9280330000,9280.33,1.00,9280.33,5000,success,fixture
qWMU8xVnGzVA46Xwomv258VMhNNmSWWxKXGQ83yTWnLxLHmfsfsZd3snY8mSYhYazvpnZ4G2tBKqdw9Fkko11cEF,261142690,2026-03-24T14:04:36Z,7xKXtg2CW87d97TXJSDpbD5jBkheTqA83TZRuJosgAsU,Counterparty_09_a71f3d1a,high,in,Es9vMFrzaCERmJfrF4H2FYD4KCoNkY11McCe8BenwNYB,USDT,6,15822150000,15822.15,1.00,15822.15,0,success,fixture
sjjZV3AHQSLtmMyqFz8kv4XShem4X21rkdR3cdUWLHFiMterFJQiY5Tmk8xQyiivUEGR2Tk62qmk6wGkBE5CD2Fy,261166615,2026-03-24T16:44:06Z,7xKXtg2CW87d97TXJSDpbD5jBkheTqA83TZRuJosgAsU,Counterparty_12_50e165e4,high,out,EPjFWdd5AufqSSqeM2qN1xzybapC8G4wEGGkZwyTDt1v,USDC,6,16606360000,16606.36,1.00,16606.36,5000,success,fixture
v2Gg8W4hqtCTDkzyHJJEMtfRhiCiHNakuyYz16C1ppKtjjALBjyQETf2e6AFWQG1CcJdVSuun4GgRiqV19qKGRM9,261196180,2026-03-24T20:01:12Z,7xKXtg2CW87d97TXJSDpbD5jBkheTqA83TZRuJosgAsU,Counterparty_27_b10f4db7,high,out,EPjFWdd5AufqSSqeM2qN1xzybapC8G4wEGGkZwyTDt1v,USDC,6,11632450000,11632.45,1.00,11632.45,5000,success,fixture
y78wcCbd5G2umM52AW6g2Pzia6HWxhdTj4nNR9GzE3eHWdpnVSZaNoJDHsiRtxvJMZAgMHSvExwXEGF13Fo1JW7R,261226507,2026-03-24T23:23:23Z,7xKXtg2CW87d97TXJSDpbD5jBkheTqA83TZRuJosgAsU,Counterparty_21_18aa8f3b,high,out,Es9vMFrzaCERmJfrF4H2FYD4KCoNkY11McCe8BenwNYB,USDT,6,5066300000,5066.30,1.00,5066.30,5000,success,fixture
tp8SbATuZ9Ak6htYPhSBisRvgdrRA2aDhJYdtn6p11PdF9jthhhPY9q9chW4nDBA23ijWwJcNgYp9HtDcW8AgP6K,261240532,2026-03-25T00:56:53Z,7xKXtg2CW87d97TXJSDpbD5jBkheTqA83TZRuJosgAsU,Counterparty_10_6d2d3cad,high,in,Es9vMFrzaCERmJfrF4H2FYD4KCoNkY11McCe8BenwNYB,USDT,6,1564420000,1564.42,1.00,1564.42,0,success,fixture
VrzTYXsJCEgEMmHEqFuhyWDos9nVaEfTrpeC6uP8319R1YVqB5HDzhhHmaRydjsRsvNExY5QzPXG82PC1cdcD5cW,261310515,2026-03-25T08:43:26Z,7xKXtg2CW87d97TXJSDpbD5jBkheTqA83TZRuJosgAsU,Counterparty_07_e9c1b823,high,in,Es9vMFrzaCERmJfrF4H2FYD4KCoNkY11McCe8BenwNYB,USDT,6,18723460000,18723.46,1.00,18723.46,0,success,fixture
zFxahuQhdvNmxu7mk9ehA3WAAD3sEGQpcAFFdbgkP57m8GhqgeYqpXsGbujWfBVcWRVbuBGS1hcnKC9erRtxqwvT,261657987,2026-03-26T23:19:55Z,7xKXtg2CW87d97TXJSDpbD5jBkheTqA83TZRuJosgAsU,Counterparty_10_6d2d3cad,high,in,EPjFWdd5AufqSSqeM2qN1xzybapC8G4wEGGkZwyTDt1v,USDC,6,22588330000,22588.33,1.00,22588.33,0,success,fixture
H77JqB3oVTQw7tFENCvdKfQXU4GnhqdTxm52bJshkdBqneX4LrMEaUbVS5AmqdVTYRA8hwDNLhMSq5JoFw8PpDjZ,261728142,2026-03-27T07:07:37Z,7xKXtg2CW87d97TXJSDpbD5jBkheTqA83TZRuJosgAsU,Counterparty_20_8ba8f837,high,in,Es9vMFrzaCERmJfrF4H2FYD4KCoNkY11McCe8BenwNYB,USDT,6,10067710000,10067.71,1.00,10067.71,0,success,fixture
htbqLNgQbqVUdMQdxv7hBTa6F3YaGVxE7sammGPeL7BpGqpHMenCDCtQma4pCKPMvY57rRCtmWJrEN7sKf9ZuTD9,261739157,2026-03-27T08:21:03Z,7xKXtg2CW87d97TXJSDpbD5jBkheTqA83TZRuJosgAsU,Counterparty_15_69842a97,high,out,EPjFWdd5AufqSSqeM2qN1xzybapC8G4wEGGkZwyTDt1v,USDC,6,6834120000,6834.12,1.00,6834.12,5000,success,fixture
8iTUStYt4va4ZQ2dU3ZxtMsbYKdNh5p5d6cr8bBtZww6dWgiDq5rkUuJWVyypAiN5CidNWarmpuUy2SdK1gvR21F,261766695,2026-03-27T11:24:38Z,7xKXtg2CW87d97TXJSDpbD5jBkheTqA83TZRuJosgAsU,Counterparty_10_6d2d3cad,high,out,EPjFWdd5AufqSSqeM2qN1xzybapC8G4wEGGkZwyTDt1v,USDC,6,7403740000,7403.74,1.00,7403.74,5000,success,fixture
8dY3QwKSTwgk9VQZwgMQ6kTZVHyyk3gi4psGmuc1Aw7KRBdSw5FRxWj6PWWibzuW76Co7SrUDSN5MNfYEmpX8JW3,261781567,2026-03-27T13:03:47Z,7xKXtg2CW87d97TXJSDpbD5jBkheTqA83TZRuJosgAsU,Counterparty_17_f3e82208,high,in,Es9vMFrzaCERmJfrF4H2FYD4KCoNkY11McCe8BenwNYB,USDT,6,4868810000,4868.81,1.00,4868.81,0,success,fixture
7EcvZqB2fz3zbbtD1Yvu2QEKdUoVa9vWK8nnw8VyUYH6x9Joj8Pt6psFo5MBZNJWhpZkr5nmMz3U7nsaMDvcjvyh,261828197,2026-03-27T18:14:39Z,7xKXtg2CW87d97TXJSDpbD5jBkheTqA83TZRuJosgAsU,Counterparty_01_7f31801c,high,out,Es9vMFrzaCERmJfrF4H2FYD4KCoNkY11McCe8BenwNYB,USDT,6,8158170000,8158.17,1.00,8158.17,5000,success,fixture
3QvK92pm66aTSxZCXBSFpL36rZb6KdVtnVoH7c5uZmx9W6iPzspy7rDq8eJaBpbcq9WTmFJEsfHUFQVo7btmtaSh,261830867,2026-03-27T18:32:27Z,7xKXtg2CW87d97TXJSDpbD5jBkheTqA83TZRuJosgAsU,Counterparty_17_f3e82208,high,in,EPjFWdd5AufqSSqeM2qN1xzybapC8G4wEGGkZwyTDt1v,USDC,6,9277600000,9277.60,1.00,9277.60,0,success,fixture
13zmxkcRQbRCmmDFHcYa5gFLwBz65zKViKSWMwzYFBmM6nhH7NyT5WDx6CJFA8oeWdAHXtmmS8WJ4FMhnEn33rNR,261832747,2026-03-27T18:44:59Z,7xKXtg2CW87d97TXJSDpbD5jBkheTqA83TZRuJosgAsU,Counterparty_16_9911036c,high,out,EPjFWdd5AufqSSqeM2qN1xzybapC8G4wEGGkZwyTDt1v,USDC,6,14811190000,14811.19,1.00,14811.19,5000,success,fixture
eL2SGQXCHWSwEfcPXqAtSjmaM31W9cknLvFZinmParxs12egteZUUzkmdBsmJityMm2M5xJg2LZqWpFPofYQJFvK,261847320,2026-03-27T20:22:08Z,7xKXtg2CW87d97TXJSDpbD5jBkheTqA83TZRuJosgAsU,Counterparty_25_a6c1ad8f,high,out,EPjFWdd5AufqSSqeM2qN1xzybapC8G4wEGGkZwyTDt1v,USDC,6,12607370000,12607.37,1.00,12607.37,5000,success,fixture
2bSj46LjpRs2M6e2crNJEuAYy8SiDo4yimoDGMzTwiERfnqvzDt1644o3e4aufeG5cVa8o1tLwub3CaiFNmJ5Nby,261848927,2026-03-27T20:32:51Z,7xKXtg2CW87d97TXJSDpbD5jBkheTqA83TZRuJosgAsU,Counterparty_19_5a69fc17,high,in,Es9vMFrzaCERmJfrF4H2FYD4KCoNkY11McCe8BenwNYB,USDT,6,1757790000,1757.79,1.00,1757.79,0,success,fixture
9mBWmvyV9U72NJrisw3BoR2pwCaiLwsTPoNeAz6naeMRbZtSzHxgdzEwDjeVJPDyf5b3CFbKcVT6shLLHFonwFjk,261853957,2026-03-27T21:06:23Z,7xKXtg2CW87d97TXJSDpbD5jBkheTqA83TZRuJosgAsU,Counterparty_24_b30fcb06,high,out,Es9vMFrzaCERmJfrF4H2FYD4KCoNkY11McCe8BenwNYB,USDT,6,12477980000,12477.98,1.00,12477.98,5000,success,fixture
8t2t2s3BYaULjgrdPyuuajqxyW4r1P8h9MFZzi4xisTD7gm1NzEyYvzRfEBocWhdukBnxYKkvsRrCCSZkgXMD65p,261953592,2026-03-28T08:10:37Z,7xKXtg2CW87d97TXJSDpbD5jBkheTqA83TZRuJosgAsU,Counterparty_28_89d35ea6,high,out,EPjFWdd5AufqSSqeM2qN1xzybapC8G4wEGGkZwyTDt1v,USDC,6,8624970000,8624.97,1.00,8624.97,5000,success,fixture
F1KsrPotE9pF6RihWWsbr5KNRKVoKvGV1sp8gKqPDkgm76jVYUTnUN4PCjXizqT592sdBc6umiMXc4Tj5tog4A9G,261964377,2026-03-28T09:22:31Z,7xKXtg2CW87d97TXJSDpbD5jBkheTqA83TZRuJosgAsU,Counterparty_02_d11a6706,high,out,EPjFWdd5AufqSSqeM2qN1xzybapC8G4wEGGkZwyTDt1v,USDC,6,15778800000,15778.80,1.00,15778.80,5000,success,fixture
uk4xTr9qVyTnYCfFpMm2gVerEHkyJx959d8LUxsjQz1CAsDKzYWcwmwmjom1KPYodWwy9Q8xaKmi4W2EFiga96KV,261995250,2026-03-28T12:48:20Z,7xKXtg2CW87d97TXJSDpbD5jBkheTqA83TZRuJosgAsU,Counterparty_17_f3e82208,high,out,Es9vMFrzaCERmJfrF4H2FYD4KCoNkY11McCe8BenwNYB,USDT,6,4819990000,4819.99,1.00,4819.99,5000,success,fixture
t4WzjraiZBrq5SiM7x5ghnC6LvQYKnKMA4tE3stj9XhRqgyHWD2ZorcAL4DuoQkwGCo6sBpKyK1pmCeDrUFKivss,262030285,2026-03-28T16:41:54Z,7xKXtg2CW87d97TXJSDpbD5jBkheTqA83TZRuJosgAsU,Counterparty_00_9d79b1a3,high,out,EPjFWdd5AufqSSqeM2qN1xzybapC8G4wEGGkZwyTDt1v,USDC,6,5868910000,5868.91,1.00,5868.91,5000,success,fixture
6jvBCFhPMkB6SkxjQ1rNbV7kHSdAo5airC5d9MdSWqf3cebrkJGUgfbKsbx2B9z3wNt3fmoFjvbUofnmHZKi9Lyf,262048512,2026-03-28T18:43:25Z,7xKXtg2CW87d97TXJSDpbD5jBkheTqA83TZRuJosgAsU,Counterparty_10_6d2d3cad,high,out,Es9vMFrzaCERmJfrF4H2FYD4KCoNkY11McCe8BenwNYB,USDT,6,18238800000,18238.80,1.00,18238.80,5000,success,fixture
fNbhvpBwtd9usEumS6uTy8Zb3a7d1HcjBpFknsNY8MovtQcSajuSFdPpTmq7FhiWAvmzqDn1zsZt7YA5mLGqSLuE,262167715,2026-03-29T07:58:06Z,7xKXtg2CW87d97TXJSDpbD5jBkheTqA83TZRuJosgAsU,Counterparty_17_f3e82208,high,out,EPjFWdd5AufqSSqeM2qN1xzybapC8G4wEGGkZwyTDt1v,USDC,6,6358030000,6358.03,1.00,6358.03,5000,success,fixture
2tDuFduzp4QfRUkUieHAEdKuDckEoXPyxkpyKyBaZLRGXoXGLhchrM4pG1uoCxVXs9ks6WdEu5SBP3vNPDBUVgfA,262170627,2026-03-29T08:17:31Z,7xKXtg2CW87d97TXJSDpbD5jBkheTqA83TZRuJosgAsU,Counterparty_08_a96089bc,high,out,Es9vMFrzaCERmJfrF4H2FYD4KCoNkY11McCe8BenwNYB,USDT,6,22237990000,22237.99,1.00,22237.99,5000,success,fixture
81wNF2X6BCT3x4zc9yAZFiWVpJCWr4MKgcMYpbbyVsBzcA4SDABmjavmpp26BTdc4zKHTnTQZeM9pyJYT1wdTumu,262306585,2026-03-29T23:23:54Z,7xKXtg2CW87d97TXJSDpbD5jBkheTqA83TZRuJosgAsU,Counterparty_00_9d79b1a3,high,out,EPjFWdd5AufqSSqeM2qN1xzybapC8G4wEGGkZwyTDt1v,USDC,6,8792560000,8792.56,1.00,8792.56,5000,success,fixture
Nd7K2rZyLdgswDCyD7CvrtuFKrArUSdc4Tgm2cXASh8WqTz2iVCpELcoFafFMjjfQiGza9jzcq2vuKu1zPTyj8Az,262325535,2026-03-30T01:30:14Z,7xKXtg2CW87d97TXJSDpbD5jBkheTqA83TZRuJosgAsU,Counterparty_22_d1f65e81,high,out,Es9vMFrzaCERmJfrF4H2FYD4KCoNkY11McCe8BenwNYB,USDT,6,11285030000,11285.03,1.00,11285.03,5000,success,fixture
o5KrNmMeGnXUT8ijjcoeLnEzXi3QBSDP543vwtHRCuYWjSsnxMV9uMpnUjMqdxmC1xsBHT6YyNA3y9GZfYJDoCT3,262526440,2026-03-30T23:49:36Z,7xKXtg2CW87d97TXJSDpbD5jBkheTqA83TZRuJosgAsU,Counterparty_24_b30fcb06,high,in,Es9vMFrzaCERmJfrF4H2FYD4KCoNkY11McCe8BenwNYB,USDT,6,23410430000,23410.43,1.00,23410.43,0,success,fixture
dVv1vJdiwDqXeNZBe7NbhQMt85UvEtfiV6KfB2zsWNvWLmw8sLCLctWuGeTBR9Pf6abGm5CLidsXoVGqiUnsWXBy,262532125,2026-03-31T00:27:30Z,7xKXtg2CW87d97TXJSDpbD5jBkheTqA83TZRuJosgAsU,Counterparty_24_b30fcb06,high,out,EPjFWdd5AufqSSqeM2qN1xzybapC8G4wEGGkZwyTDt1v,USDC,6,20919390000,20919.39,1.00,20919.39,5000,failed,fixture
MXP1vJBCLSxHq4ReyHjpmZTq8roqYNwHy7paBYrY7s8Lccus7R4Qc25dYjsxNPY3cBSYpcRwMy3HJoK6zLzJp9gH,262555155,2026-03-31T03:01:02Z,7xKXtg2CW87d97TXJSDpbD5jBkheTqA83TZRuJosgAsU,Counterparty_24_b30fcb06,high,in,Es9vMFrzaCERmJfrF4H2FYD4KCoNkY11McCe8BenwNYB,USDT,6,16277800000,16277.80,1.00,16277.80,0,success,fixture
mxit7Krs63rPCWRga8meaXc4fov9qX1JQ9GwZacwrPSBy9NcttrUT4MxreZTsqVbVJLxB9YnNZNpzjJbhNoeUQsx,262556612,2026-03-31T03:10:45Z,7xKXtg2CW87d97TXJSDpbD5jBkheTqA83TZRuJosgAsU,Counterparty_10_6d2d3cad,high,out,Es9vMFrzaCERmJfrF4H2FYD4KCoNkY11McCe8BenwNYB,USDT,6,9538220000,9538.22,1.00,9538.22,5000,success,fixture
N6ejAPLimjS9fn6LcRisNu9jmvpka6ijUZQ2QLCENrYDF9A5Kws7Zrbvpya3jNyrg9fRABCvmrgtzBoV3TQkoGVg,262614227,2026-03-31T09:34:51Z,7xKXtg2CW87d97TXJSDpbD5jBkheTqA83TZRuJosgAsU,Counterparty_09_a71f3d1a,high,out,Es9vMFrzaCERmJfrF4H2FYD4KCoNkY11McCe8BenwNYB,USDT,6,7767680000,7767.68,1.00,7767.68,5000,success,fixture
xEah2KTkb9XPTVpi2KD52xtFvaiNTeNiisMYejmavcVWLd9zsLBsHFXQKrw4APKWBgBnbKCCvnmzjsABG83Md9VH,262624692,2026-03-31T10:44:37Z,7xKXtg2CW87d97TXJSDpbD5jBkheTqA83TZRuJosgAsU,Counterparty_11_b3669cbd,high,in,EPjFWdd5AufqSSqeM2qN1xzybapC8G4wEGGkZwyTDt1v,USDC,6,23271040000,23271.04,1.00,23271.04,0,success,fixture
mSRQmuSbRqBgxPdv79MVELgZedzBNMFfJjUhh1qVpLy9exf2VJhXAqgTUeL5qVdgSY2c1csfWLkkYHcPkgwdKSJ5,262639557,2026-03-31T12:23:43Z,7xKXtg2CW87d97TXJSDpbD5jBkheTqA83TZRuJosgAsU,Counterparty_16_9911036c,high,in,Es9vMFrzaCERmJfrF4H2FYD4KCoNkY11McCe8BenwNYB,USDT,6,16617380000,16617.38,1.00,16617.38,0,success,fixture
3dKap7TZvPD6yezejf1maXu35qLR8ZXy4shnBXmuFyg9JtRWbrF6LmsRJBNr2ZtaoCGArHhDgTvdUwhoLnjVkuYE,262641625,2026-03-31T12:37:30Z,7xKXtg2CW87d97TXJSDpbD5jBkheTqA83TZRuJosgAsU,Counterparty_04_57526846,high,in,EPjFWdd5AufqSSqeM2qN1xzybapC8G4wEGGkZwyTDt1v,USDC,6,8479750000,8479.75,1.00,8479.75,0,success,fixture
xXjtRcWj6Hm6GJdDs8zqXfRV3U1QQci7XxFuMWf98yn8R9N2SmtecgDyQqHSLSEuebmfV17KjhiMQY1wxFfnGHj9,262870962,2026-04-01T14:06:25Z,7xKXtg2CW87d97TXJSDpbD5jBkheTqA83TZRuJosgAsU,Counterparty_15_69842a97,high,out,Es9vMFrzaCERmJfrF4H2FYD4KCoNkY11McCe8BenwNYB,USDT,6,3345920000,3345.92,1.00,3345.92,5000,success,fixture
b9DxTeUpLgGbvArUcF6Gc1m2nkEGcDvGUpWprvDmS5Lo4KYkT5fKyQyzT6zjoMb7Z8i51SmgfKjzAtzseCBG5pgY,263037120,2026-04-02T08:34:08Z,7xKXtg2CW87d97TXJSDpbD5jBkheTqA83TZRuJosgAsU,Counterparty_23_44e61d9a,high,out,EPjFWdd5AufqSSqeM2qN1xzybapC8G4wEGGkZwyTDt1v,USDC,6,11337910000,11337.91,1.00,11337.91,5000,success,fixture
mhHuNCQWEVcWmHXYczbH1V1tmmfJTMXWWrx4U6AzgZZfWAbLASa4sf9ZsAzSko5niqRH8V21NDxY5iaU3NRonSbZ,263055315,2026-04-02T10:35:26Z,7xKXtg2CW87d97TXJSDpbD5jBkheTqA83TZRuJosgAsU,Counterparty_00_9d79b1a3,high,in,EPjFWdd5AufqSSqeM2qN1xzybapC8G4wEGGkZwyTDt1v,USDC,6,21112510000,21112.51,1.00,21112.51,0,success,fixture
muSqtBx9N4UxsELaEWGzpkp9zFw15HzTHUXQr2Ga4sfMpKzz6bMmB4EeY7w3uz8m2JqJEE3Qq3eb4ueeztGuH3je,263085072,2026-04-02T13:53:49Z,7xKXtg2CW87d97TXJSDpbD5jBkheTqA83TZRuJosgAsU,Counterparty_26_2906e732,high,out,Es9vMFrzaCERmJfrF4H2FYD4KCoNkY11McCe8BenwNYB,USDT,6,1897930000,1897.93,1.00,1897.93,5000,success,fixture
FZmHgA4F5XhPg5HM1f3fi2iDgkQrX9azRgGgNGdhsyv62RwnXFFEaCVRMuEqKbj4wCmLdRSagdnBGcQcPoNpC251,263154187,2026-04-02T21:34:35Z,7xKXtg2CW87d97TXJSDpbD5jBkheTqA83TZRuJosgAsU,Counterparty_21_18aa8f3b,high,in,SOL,SOL,9,49000000000,49.0000,,,0,success,fixture
4Z6wC5f5kxGS8ydGef3g6TjedaMHEjnMGHS9jiLWMq51Wgd75bEZH9Py5yGQKBVvbnLgtia1jucLj7y9H8y7pcAJ,263206412,2026-04-03T03:22:45Z,7xKXtg2CW87d97TXJSDpbD5jBkheTqA83TZRuJosgAsU,Counterparty_09_a71f3d1a,high,out,EPjFWdd5AufqSSqeM2qN1xzybapC8G4wEGGkZwyTDt1v,USDC,6,11335260000,11335.26,1.00,11335.26,5000,success,fixture
UF7nt9Z8hdsSvqhHvcBME662U1hreA2gnb6dR2po9WhhrPCGizFLDbvGortsRrHj4J6Ah2hex78Wf87AKHzC65Yw,263291215,2026-04-03T12:48:06Z,7xKXtg2CW87d97TXJSDpbD5jBkheTqA83TZRuJosgAsU,Counterparty_11_b3669cbd,high,in,EPjFWdd5AufqSSqeM2qN1xzybapC8G4wEGGkZwyTDt1v,USDC,6,16190020000,16190.02,1.00,16190.02,0,success,fixture
YkYqBsjDTQnVT5HWmUTPmtpXh8TH2zBBS8njp9uDHxenHuNoVCJmHf6WUJbnCU7Ltah52efzNiXZt5cGEahq2Y1F,263317820,2026-04-03T15:45:28Z,7xKXtg2CW87d97TXJSDpbD5jBkheTqA83TZRuJosgAsU,Counterparty_20_8ba8f837,high,in,Es9vMFrzaCERmJfrF4H2FYD4KCoNkY11McCe8BenwNYB,USDT,6,11592500000,11592.50,1.00,11592.50,0,success,fixture
GWo51p3kkTxaXxR5sTHynb8nrfibn2VXuo4KtSvuor3QSnZhiVUs87AwHqueqs8oBQTjNAGsXEH7Nim5WznYqGqH,263360247,2026-04-03T20:28:19Z,7xKXtg2CW87d97TXJSDpbD5jBkheTqA83TZRuJosgAsU,Counterparty_10_6d2d3cad,high,out,Es9vMFrzaCERmJfrF4H2FYD4KCoNkY11McCe8BenwNYB,USDT,6,10935570000,10935.57,1.00,10935.57,5000,success,fixture
e4hEQ13T7tZLZdXLA9GMxJtEL4LoTypqRcA8A6NshUvHfpqPBPHdsC2SjmJtKiu6r87jngYrDbc6aAWG1wjUFLFN,263391882,2026-04-03T23:59:13Z,7xKXtg2CW87d97TXJSDpbD5jBkheTqA83TZRuJosgAsU,Counterparty_21_18aa8f3b,high,out,Es9vMFrzaCERmJfrF4H2FYD4KCoNkY11McCe8BenwNYB,USDT,6,16498640000,16498.64,1.00,16498.64,5000,success,fixture
utZeVfsmPWFWpWQUppmhKi72cewLQ93X9rNfJp1DYRHeLm6DG2eZxyHoMQAn9uQMKxgnHt9BZNx5H6zGqSpDAPyM,263398257,2026-04-04T00:41:43Z,7xKXtg2CW87d97TXJSDpbD5jBkheTqA83TZRuJosgAsU,Counterparty_16_9911036c,high,out,Es9vMFrzaCERmJfrF4H2FYD4KCoNkY11McCe8BenwNYB,USDT,6,7806270000,7806.27,1.00,7806.27,5000,success,fixture
1v3GnSDtZjPhwstSysHTo5KdVJMfYieE7aEemrdkYpdvbnJvfs5HfnZU3epgyMuM1xKfmtjEAuTrxUKE99pFeHzR,263413470,2026-04-04T02:23:08Z,7xKXtg2CW87d97TXJSDpbD5jBkheTqA83TZRuJosgAsU,Counterparty_03_fb40d6bd,high,in,EPjFWdd5AufqSSqeM2qN1xzybapC8G4wEGGkZwyTDt1v,USDC,6,23647700000,23647.70,1.00,23647.70,0,success,fixture
Usvbf42gZwUk4hUua5zvKLx6UzhUxoR77XqWkAvfJB1TyxX4c2NpapPcAJk1HgiXYnkemMmXCK13F4D6Q5psaxT6,263466587,2026-04-04T08:17:15Z,7xKXtg2CW87d97TXJSDpbD5jBkheTqA83TZRuJosgAsU,Counterparty_14_829f4116,high,out,EPjFWdd5AufqSSqeM2qN1xzybapC8G4wEGGkZwyTDt1v,USDC,6,20051550000,20051.55,1.00,20051.55,5000,success,fixture
g88TJqYigCzHjRKCefyZVCHVoEMEiggayYQqidt8QGw14WMt8HQi5taFwJXydCkzG4NWuycBHMpD52oZ69HSLzGp,263540890,2026-04-04T16:32:36Z,7xKXtg2CW87d97TXJSDpbD5jBkheTqA83TZRuJosgAsU,Counterparty_15_69842a97,high,out,Es9vMFrzaCERmJfrF4H2FYD4KCoNkY11McCe8BenwNYB,USDT,6,12680210000,12680.21,1.00,12680.21,5000,success,fixture
nJvBebQpAY4KgVhjFJLLuRyEtjKRHXHdUwNd8G7615rQ9vBo5xha6PyqePbb5BDUtocaTR3ZjcCFAGQ75GjeNnBC,263548850,2026-04-04T17:25:40Z,7xKXtg2CW87d97TXJSDpbD5jBkheTqA83TZRuJosgAsU,Counterparty_10_6d2d3cad,high,out,EPjFWdd5AufqSSqeM2qN1xzybapC8G4wEGGkZwyTDt1v,USDC,6,22459360000,22459.36,1.00,22459.36,5000,success,fixture
ZwrtZkygjNUDbDUYTUPrW4E6p16B9h5GFiqmaYPsEirksHC5LKpZEusNKkrqNqsWKdZanhFgUyaDcm9QAQxKE3gw,263622555,2026-04-05T01:37:02Z,7xKXtg2CW87d97TXJSDpbD5jBkheTqA83TZRuJosgAsU,Counterparty_06_de562439,high,out,Es9vMFrzaCERmJfrF4H2FYD4KCoNkY11McCe8BenwNYB,USDT,6,24857430000,24857.43,1.00,24857.43,5000,success,fixture
Mwv7YXKhbPUMAiSLAqypJEVLAZp9sA2C94J51TKzdS3WBRNBn4vyk7oJZWT4gTVFVBQ34dGB8pdNRovgDsC4Qo1U,263638442,2026-04-05T03:22:57Z,7xKXtg2CW87d97TXJSDpbD5jBkheTqA83TZRuJosgAsU,Counterparty_23_44e61d9a,high,out,EPjFWdd5AufqSSqeM2qN1xzybapC8G4wEGGkZwyTDt1v,USDC,6,18722490000,18722.49,1.00,18722.49,5000,success,fixture
8VMbdCucEdm2MDW28pFiXnSmp2jWC1jvEAzoJafDvrAFiWzXQTYXgJRRxbMEvCJ8qKZKATicfZco3yYVPXxhKUsP,263737557,2026-04-05T14:23:43Z,7xKXtg2CW87d97TXJSDpbD5jBkheTqA83TZRuJosgAsU,Counterparty_16_9911036c,high,out,Es9vMFrzaCERmJfrF4H2FYD4KCoNkY11McCe8BenwNYB,USDT,6,14484700000,14484.70,1.00,14484.70,5000,success,fixture
fBi6GF9L1S5aSkgiKS2PSeuAVHQ2QomTgPjaBR6wyUpe7DJFhqakq5AqNc4CMxSB6fVJXU4LoL4LAJ7KAmkTMRAU,263814500,2026-04-05T22:56:40Z,7xKXtg2CW87d97TXJSDpbD5jBkheTqA83TZRuJosgAsU,Counterparty_02_d11a6706,high,out,EPjFWdd5AufqSSqeM2qN1xzybapC8G4wEGGkZwyTDt1v,USDC,6,13334380000,13334.38,1.00,13334.38,5000,success,fixture
43VF6Rc3b3RscCJAGghfXhVSmXMD9gddbFd7cXmNfd4QZaL8eqiqnLZCJTuKkyr85xaa1vFoJSV3m2U7qUfEbsHY,263859847,2026-04-06T03:58:59Z,7xKXtg2CW87d97TXJSDpbD5jBkheTqA83TZRuJosgAsU,Counterparty_07_e9c1b823,high,out,EPjFWdd5AufqSSqeM2qN1xzybapC8G4wEGGkZwyTDt1v,USDC,6,22744500000,22744.50,1.00,22744.50,5000,success,fixture
DVR6uc9MofwzvE2bYaxrYd2f5CZ5C6BzSEMtnsc8QUX53CzRBBnMqvp7fDDMT9trZxKKFYkCtbCyZH2oz7xBPym9,263866405,2026-04-06T04:42:42Z,7xKXtg2CW87d97TXJSDpbD5jBkheTqA83TZRuJosgAsU,Counterparty_01_7f31801c,high,in,EPjFWdd5AufqSSqeM2qN1xzybapC8G4wEGGkZwyTDt1v,USDC,6,6201050000,6201.05,1.00,6201.05,0,success,fixture
MMyGmdRAMvQU6JJ7AjnqmrodbV45v4gDj98NAeH7YtU887ywLZFBHqn3fSpNq9kTu598RusTndLa6mwh4155BnEF,263875890,2026-04-06T05:45:56Z,7xKXtg2CW87d97TXJSDpbD5jBkheTqA83TZRuJosgAsU,Counterparty_22_d1f65e81,high,in,EPjFWdd5AufqSSqeM2qN1xzybapC8G4wEGGkZwyTDt1v,USDC,6,15001740000,15001.74,1.00,15001.74,0,success,fixture
GooG82Z7ZPiJobo2uMpks6HGjaanCXFYhrvJze3edHjJY6bxirzx5oDuxAKq3TAy5oKT7FEPHVDsoGX4BxrMMPqu,263882932,2026-04-06T06:32:53Z,7xKXtg2CW87d97TXJSDpbD5jBkheTqA83TZRuJosgAsU,Counterparty_24_b30fcb06,high,out,EPjFWdd5AufqSSqeM2qN1xzybapC8G4wEGGkZwyTDt1v,USDC,6,9628800000,9628.80,1.00,9628.80,5000,success,fixture
n2dhsrnLci8ic6Dgbdq4daDqXZz28jbC2JsEGvnvyeV6tbfMSe3Yx2NUCT2xaMRH687bBKACHr6ALTkB4gMC2n4L,263892772,2026-04-06T07:38:29Z,7xKXtg2CW87d97TXJSDpbD5jBkheTqA83TZRuJosgAsU,Counterparty_12_50e165e4,high,in,EPjFWdd5AufqSSqeM2qN1xzybapC8G4wEGGkZwyTDt1v,USDC,6,13627410000,13627.41,1.00,13627.41,0,success,fixture
sEoYUyVUfpJuMg7fRUDdPQzhu5VBy3ZHeTKfuyiaPS28CtMUsCPG5EjQQArM81Mm1nNEWdsMzFc5RKfEaE7cJnfy,263895990,2026-04-06T07:59:56Z,7xKXtg2CW87d97TXJSDpbD5jBkheTqA83TZRuJosgAsU,Counterparty_25_a6c1ad8f,high,out,EPjFWdd5AufqSSqeM2qN1xzybapC8G4wEGGkZwyTDt1v,USDC,6,21276530000,21276.53,1.00,21276.53,5000,success,fixture
3TZ7uMMchDgEbSU8FE7PMC1SiM1REWF5juJigQ35yETLrfY7nbswdBH7fMhmRkrm9NChqymMwjX5N2feVRZhpFZe,264012937,2026-04-06T20:59:35Z,7xKXtg2CW87d97TXJSDpbD5jBkheTqA83TZRuJosgAsU,Counterparty_22_d1f65e81,high,in,EPjFWdd5AufqSSqeM2qN1xzybapC8G4wEGGkZwyTDt1v,USDC,6,20296970000,20296.97,1.00,20296.97,0,success,fixture
XRTc4dharHUim46thxZ3J1sEDLc15vwNxFVpGQsyaSSpY7PMHJTy2PGeAzS3gyUYwJpuShm9Y94hNpESmwsLgd57,264041940,2026-04-07T00:12:56Z,7xKXtg2CW87d97TXJSDpbD5jBkheTqA83TZRuJosgAsU,Counterparty_19_5a69fc17,high,out,EPjFWdd5AufqSSqeM2qN1xzybapC8G4wEGGkZwyTDt1v,USDC,6,17490440000,17490.44,1.00,17490.44,5000,success,fixture
3kn8fmg6bvoumhyKxF66DkwAtRR77NbJcNc4NBtSGCj88fiS3KWtkkBA2MFfzXk1XXJQnJKXoms4xbkzkr9hzD6V,264108597,2026-04-07T07:37:19Z,7xKXtg2CW87d97TXJSDpbD5jBkheTqA83TZRuJosgAsU,Counterparty_24_b30fcb06,high,in,EPjFWdd5AufqSSqeM2qN1xzybapC8G4wEGGkZwyTDt1v,USDC,6,24541090000,24541.09,1.00,24541.09,0,success,fixture
Gjj2Php2vUUV7HbNFFjDr8Yq6HWdqMPHpt5BdtxcmBKqqeCB1usCZjzc5PsiC4ZexkP98wVxSc18uBTfUBN3wMq4,264170935,2026-04-07T14:32:54Z,7xKXtg2CW87d97TXJSDpbD5jBkheTqA83TZRuJosgAsU,Counterparty_15_69842a97,high,out,EPjFWdd5AufqSSqeM2qN1xzybapC8G4wEGGkZwyTDt1v,USDC,6,23445170000,23445.17,1.00,23445.17,5000,success,fixture
YLT4632ShfiuVXK41fmW45ZE9QhkmsSRpx5b1R71aNsGtW31Y4v271Aq99o8BmScvExg3M7wp38v5qzb5oRdDsJo,264209715,2026-04-07T18:51:26Z,7xKXtg2CW87d97TXJSDpbD5jBkheTqA83TZRuJosgAsU,Counterparty_18_6ecaa007,high,in,EPjFWdd5AufqSSqeM2qN1xzybapC8G4wEGGkZwyTDt1v,USDC,6,12618590000,12618.59,1.00,12618.59,0,success,fixture
9JLJYA5BUJTLXs5QHGohYfgDW79L1SNvgRtxNVNUuuxif9LMfmDXMCSMKpmhYdsGMRJusSQ8dDebCkrc2oWnEVtK,264218835,2026-04-07T19:52:14Z,7xKXtg2CW87d97TXJSDpbD5jBkheTqA83TZRuJosgAsU,Counterparty_26_2906e732,high,out,EPjFWdd5AufqSSqeM2qN1xzybapC8G4wEGGkZwyTDt1v,USDC,6,13506860000,13506.86,1.00,13506.86,5000,failed,fixture
ZYNyW96MnaUAH8M39YxvJpQUKzyHgvqHaMUzBMpYqAcwjhtV4DA4FC3XHBnWU8zY3VPncYWY8woxA8P6ExKCvBpZ,264249432,2026-04-07T23:16:13Z,7xKXtg2CW87d97TXJSDpbD5jBkheTqA83TZRuJosgAsU,Counterparty_26_2906e732,high,out,EPjFWdd5AufqSSqeM2qN1xzybapC8G4wEGGkZwyTDt1v,USDC,6,21829740000,21829.74,1.00,21829.74,5000,success,fixture
WLeGkdu3ea6k6A93Cq5Ni79ikZP6ERZJ3MKv7nRjNBFY11rbxzVYXQ5g4q3ECBoU2XGKqxWZpKGBUWHybLUJhF5r,264491892,2026-04-09T02:12:37Z,7xKXtg2CW87d97TXJSDpbD5jBkheTqA83TZRuJosgAsU,Counterparty_01_7f31801c,high,in,EPjFWdd5AufqSSqeM2qN1xzybapC8G4wEGGkZwyTDt1v,USDC,6,7700690000,7700.69,1.00,7700.69,0,success,fixture
BEtD93U6kUDuhAvfHMot56RcScMwJaWx1smgeasT8TAAdeeq77dr7sKxbyPyTHRiYdfX3CJSAgfkmS3SyyNmG4pX,264502137,2026-04-09T03:20:55Z,7xKXtg2CW87d97TXJSDpbD5jBkheTqA83TZRuJosgAsU,Counterparty_29_8c088ab3,high,out,Es9vMFrzaCERmJfrF4H2FYD4KCoNkY11McCe8BenwNYB,USDT,6,762430000,762.43,1.00,762.43,5000,success,fixture
5P5YDkKsRTw2sUbodhdtnpApHX7PXrMTz72b3j53tEu2BCy7n9EeNQ7C7xuTfZF9DAcPH7H9BTuFh9Tpp98KHMDX,264502165,2026-04-09T03:21:06Z,7xKXtg2CW87d97TXJSDpbD5jBkheTqA83TZRuJosgAsU,Counterparty_03_fb40d6bd,high,out,Es9vMFrzaCERmJfrF4H2FYD4KCoNkY11McCe8BenwNYB,USDT,6,8838410000,8838.41,1.00,8838.41,5000,success,fixture
gdLScv1LKEUsefiMWVVkEZXszspBj6KZjhgN6uqGkLFtDA23GXgwr5WTyhdDnmRYSGAim1zqxry7rUFCtmaW4cGw,264598470,2026-04-09T14:03:08Z,7xKXtg2CW87d97TXJSDpbD5jBkheTqA83TZRuJosgAsU,Counterparty_03_fb40d6bd,high,out,EPjFWdd5AufqSSqeM2qN1xzybapC8G4wEGGkZwyTDt1v,USDC,6,15325850000,15325.85,1.00,15325.85,5000,success,fixture
MN3nQL8Ny8f4dEWQvVqW1vwVvseRjz2wkS6jUeJ8EqQu7BubHsxcERwfMrsQevQbBYWp4mTegw9y9Tfvj8uQRdkj,264601910,2026-04-09T14:26:04Z,7xKXtg2CW87d97TXJSDpbD5jBkheTqA83TZRuJosgAsU,Counterparty_28_89d35ea6,high,out,EPjFWdd5AufqSSqeM2qN1xzybapC8G4wEGGkZwyTDt1v,USDC,6,14352020000,14352.02,1.00,14352.02,5000,success,fixture
xoXw7HEqQgDH83S7iwTM1hHmxYCMPE8wm3YDYz5CA1VAMo3biLMuopCL2caUos3pgUke9MrFuGT37k1epigdGs5v,264610097,2026-04-09T15:20:39Z,7xKXtg2CW87d97TXJSDpbD5jBkheTqA83TZRuJosgAsU,Counterparty_27_b10f4db7,high,out,SOL,SOL,9,50000000000,50.0000,,,5000,success,fixture
1Nkm2juvMXbKSCAu5SEHrTN6boSwMr8PF695Kz5kwFna9hgZivXg4bpvoUjZUMs7hHUvTt4ss7Y1trpPdGgTW37z,264656320,2026-04-09T20:28:48Z,7xKXtg2CW87d97TXJSDpbD5jBkheTqA83TZRuJosgAsU,Counterparty_26_2906e732,high,out,EPjFWdd5AufqSSqeM2qN1xzybapC8G4wEGGkZwyTDt1v,USDC,6,22775210000,22775.21,1.00,22775.21,5000,success,fixture
3hCGXRnRUejUfCrBdPFFbR6dH6v5hubsqDfk2vgsFssL9JihwAK1RUkCZpDJTDDtLkabfFGHEXQ7paRUzgHo3ZUr,264716000,2026-04-10T03:06:40Z,7xKXtg2CW87d97TXJSDpbD5jBkheTqA83TZRuJosgAsU,Counterparty_25_a6c1ad8f,high,out,Es9vMFrzaCERmJfrF4H2FYD4KCoNkY11McCe8BenwNYB,USDT,6,5858360000,5858.36,1.00,5858.36,5000,success,fixture
P37Rf5PUgXa4XgZAE4Xj32a5DEqwpLupe2AErXLFCvUdxnCqrJgK7c16mRkdhPgg88imCdwLTzH3G57bAcWfz7HU,264758240,2026-04-10T07:48:16Z,7xKXtg2CW87d97TXJSDpbD5jBkheTqA83TZRuJosgAsU,Counterparty_29_8c088ab3,high,out,EPjFWdd5AufqSSqeM2qN1xzybapC8G4wEGGkZwyTDt1v,USDC,6,3242100000,3242.10,1.00,3242.10,5000,success,fixture
z8PkGeCzSRfEXwv1SF9uPq3E8vFeBZ3LbruP1CA3T7je47dGiGEQgFYfY6f414i2CneiNU7RACvNRnnkJmY5ZpQP,264833865,2026-04-10T16:12:26Z,7xKXtg2CW87d97TXJSDpbD5jBkheTqA83TZRuJosgAsU,Counterparty_19_5a69fc17,high,out,EPjFWdd5AufqSSqeM2qN1xzybapC8G4wEGGkZwyTDt1v,USDC,6,14829740000,14829.74,1.00,14829.74,5000,success,fixture
MxJQ3tc2RgJ2gVctWuEuzixcY7uvbDhyKz8q44h1URMbKZKGwnqtsdF2q1JU4FmtMvinT1nbfmwhYy3RJdxwkGXQ,264914015,2026-04-11T01:06:46Z,7xKXtg2CW87d97TXJSDpbD5jBkheTqA83TZRuJosgAsU,Counterparty_19_5a69fc17,high,in,EPjFWdd5AufqSSqeM2qN1xzybapC8G4wEGGkZwyTDt1v,USDC,6,15418780000,15418.78,1.00,15418.78,0,success,fixture
rAkLgLhWTHi7gJevPxZECQ5fd3619xxtSFEHgv9AVqYmqX4bMdLwkBUZCGgjpQpQHDmJHbsC6Gah188MiwNXSfJr,264937870,2026-04-11T03:45:48Z,7xKXtg2CW87d97TXJSDpbD5jBkheTqA83TZRuJosgAsU,Counterparty_03_fb40d6bd,high,out,SOL,SOL,9,11000000000,11.0000,,,5000,success,fixture
ixSzJg7DMjeXHwaePSJ9QAYNpE6VYqe51QrFVCPTPRFzEYDHDwLbcf5g42qvuq22BHC2s5t9VWRs2RSy9QjeQqXb,264988422,2026-04-11T09:22:49Z,7xKXtg2CW87d97TXJSDpbD5jBkheTqA83TZRuJosgAsU,Counterparty_15_69842a97,high,out,EPjFWdd5AufqSSqeM2qN1xzybapC8G4wEGGkZwyTDt1v,USDC,6,3283160000,3283.16,1.00,3283.16,5000,success,fixture
o5aaJetTb2SSHxr2Pw7u73C6BuyQLDjpJ6toCGx28nS4LgpaU1uGYA7noixZR44DB4mD7fVcuegf466tJ31ELXu8,264996322,2026-04-11T10:15:29Z,7xKXtg2CW87d97TXJSDpbD5jBkheTqA83TZRuJosgAsU,Counterparty_07_e9c1b823,high,in,Es9vMFrzaCERmJfrF4H2FYD4KCoNkY11McCe8BenwNYB,USDT,6,16365950000,16365.95,1.00,16365.95,0,success,fixture
hYU3Xtb8kxfM8SLaHeyWXdhXDaDGxv2U6HHEyMVxiQJnXaeEwN2tPjqrikCT3CqW2oSxaXNUqX4X6hwmbk8BfCGy,265018900,2026-04-11T12:46:00Z,7xKXtg2CW87d97TXJSDpbD5jBkheTqA83TZRuJosgAsU,Counterparty_23_44e61d9a,high,out,Es9vMFrzaCERmJfrF4H2FYD4KCoNkY11McCe8BenwNYB,USDT,6,7257720000,7257.72,1.00,7257.72,5000,success,fixture
dDxopV2rUyqBhhQxZWoER2a4QPb9uk9TAqDnj6TWQw256QDw9hVp2rEvLr7vzxKVXNqRwmbZmkTEpY6GVeebX1a2,265074307,2026-04-11T18:55:23Z,7xKXtg2CW87d97TXJSDpbD5jBkheTqA83TZRuJosgAsU,Counterparty_27_b10f4db7,high,out,SOL,SOL,9,26000000000,26.0000,,,5000,success,fixture
c7Q47RHMHTRAQVF8AxPFT79VSeZVSCrxBsqyePYspheLYJQ3c4hdiZgsV8WzFiF6qNrY7U3zJCRu6HvrHV6zTN3w,265152602,2026-04-12T03:37:21Z,7xKXtg2CW87d97TXJSDpbD5jBkheTqA83TZRuJosgAsU,Counterparty_08_a96089bc,high,out,Es9vMFrzaCERmJfrF4H2FYD4KCoNkY11McCe8BenwNYB,USDT,6,12223230000,12223.23,1.00,12223.23,5000,success,fixture
6sp6TkCC3vnSwiokMf631nJvHDSHyESJKHEuBprdtsTe6HABmqn1h4WhAByVSnZGMBWZ4whZzyVbMjX74fEDbqQE,265163222,2026-04-12T04:48:09Z,7xKXtg2CW87d97TXJSDpbD5jBkheTqA83TZRuJosgAsU,Counterparty_01_7f31801c,high,in,EPjFWdd5AufqSSqeM2qN1xzybapC8G4wEGGkZwyTDt1v,USDC,6,1521070000,1521.07,1.00,1521.07,0,success,fixture
CcAK1bJXMxAaDPfefL31J63oqcJVft8FQys7n8GPj2uwrMDMrVABriae9u1sUK8hmjQYc3fqWaG29b2w52zL7gKx,265181810,2026-04-12T06:52:04Z,7xKXtg2CW87d97TXJSDpbD5jBkheTqA83TZRuJosgAsU,Counterparty_22_d1f65e81,high,out,EPjFWdd5AufqSSqeM2qN1xzybapC8G4wEGGkZwyTDt1v,USDC,6,2629780000,2629.78,1.00,2629.78,5000,success,fixture
t95nrW3KD3sDy3MLZSubXH3qiDKPxr4xiNJ8tQUySpVzRNCYmYQtaJt6oU6UfuCbKM76MjKLVfnUBmVPV3oxPgUJ,265290585,2026-04-12T18:57:14Z,7xKXtg2CW87d97TXJSDpbD5jBkheTqA83TZRuJosgAsU,Counterparty_20_8ba8f837,high,in,EPjFWdd5AufqSSqeM2qN1xzybapC8G4wEGGkZwyTDt1v,USDC,6,20990510000,20990.51,1.00,20990.51,0,success,fixture
t95nrW3KD3sDy3MLZSubXH3qiDKPxr4xiNJ8tQUySpVzRNCYmYQtaJt6oU6UfuCbKM76MjKLVfnUBmVPV3oxPgUJ,265290585,2026-04-12T18:57:14Z,7xKXtg2CW87d97TXJSDpbD5jBkheTqA83TZRuJosgAsU,Counterparty_20_8ba8f837,high,in,EPjFWdd5AufqSSqeM2qN1xzybapC8G4wEGGkZwyTDt1v,USDC,6,20990510000,20990.51,1.00,20990.51,0,success,fixture
NnKtMWRGKKtVjcB347DYjRZGQzxBopka5GY9kHCyq3KTpQFyMB5iYh4NtwuX9RsYWdcDy3tw4Aop4D3JDD4sYWdv,265374367,2026-04-13T04:15:47Z,7xKXtg2CW87d97TXJSDpbD5jBkheTqA83TZRuJosgAsU,Counterparty_00_9d79b1a3,high,out,EPjFWdd5AufqSSqeM2qN1xzybapC8G4wEGGkZwyTDt1v,USDC,6,3116160000,3116.16,1.00,3116.16,5000,success,fixture
e4hCjdmrAFsFLNw751ps3d3izzTvk3PG1hqbcTZHG1Ayz86RSVFs9g1KzkNWNqydcsbVMwdxC6BeperULBS3FvGT,265415765,2026-04-13T08:51:46Z,7xKXtg2CW87d97TXJSDpbD5jBkheTqA83TZRuJosgAsU,Counterparty_21_18aa8f3b,high,in,Es9vMFrzaCERmJfrF4H2FYD4KCoNkY11McCe8BenwNYB,USDT,6,22848180000,22848.18,1.00,22848.18,0,success,fixture
RL5p9HRzQNAmjpfQnYcVsDM8RbG91uCBtyWn86Ei6Z44A6pJfa43oqbHVkMuwNQVkYGKkiEAcCFyf5D9jn5csuhG,265433105,2026-04-13T10:47:22Z,7xKXtg2CW87d97TXJSDpbD5jBkheTqA83TZRuJosgAsU,Counterparty_13_34249d8b,high,out,EPjFWdd5AufqSSqeM2qN1xzybapC8G4wEGGkZwyTDt1v,USDC,6,23902330000,23902.33,1.00,23902.33,5000,success,fixture
z8mCHKWj5hWJrUmzjrrMHBr5Jr4RRN4HuHCV5YDgSCiY7AbrUEgi7VnH7355doHrV2zYAih13jRJAmNzSd1ZnrYX,265499512,2026-04-13T18:10:05Z,7xKXtg2CW87d97TXJSDpbD5jBkheTqA83TZRuJosgAsU,Counterparty_13_34249d8b,high,out,Es9vMFrzaCERmJfrF4H2FYD4KCoNkY11McCe8BenwNYB,USDT,6,2397690000,2397.69,1.00,2397.69,5000,success,fixture
3eLFHCC2a9Lx6kfciQWWoZXEK8jnGVAE3nmWFMY7hERp5ZVWHdYZweQEpxxkQBMbMxGtMMhpgdN8MJ7KGT4KGcY9,265557175,2026-04-14T00:34:30Z,7xKXtg2CW87d97TXJSDpbD5jBkheTqA83TZRuJosgAsU,Counterparty_28_89d35ea6,high,out,EPjFWdd5AufqSSqeM2qN1xzybapC8G4wEGGkZwyTDt1v,USDC,6,17813650000,17813.65,1.00,17813.65,5000,success,fixture
y2gwQrgGMo5jbuRDakYrcAgKMTiM87aj53v9Cx3D7YD73divRjYagmeH4QFfn51EiYyv6Wth4QcpyTuQsn4ugJa3,265563742,2026-04-14T01:18:17Z,7xKXtg2CW87d97TXJSDpbD5jBkheTqA83TZRuJosgAsU,Counterparty_23_44e61d9a,high,in,Es9vMFrzaCERmJfrF4H2FYD4KCoNkY11McCe8BenwNYB,USDT,6,2653270000,2653.27,1.00,2653.27,0,success,fixture
KZF8fSbpTEyTHX2vHRMRbdReZzX2ERccrF12JbFYkfiFSoFmv6qPdCpArnf8jiBX4RNfFJ53H4RpkAe76bVB9ZBJ,265566640,2026-04-14T01:37:36Z,7xKXtg2CW87d97TXJSDpbD5jBkheTqA83TZRuJosgAsU,Counterparty_15_69842a97,high,in,EPjFWdd5AufqSSqeM2qN1xzybapC8G4wEGGkZwyTDt1v,USDC,6,769110000,769.11,1.00,769.11,0,success,fixture
WUY6GVVokt8mqkZZTqAwUGePS79pSqvRrVbF2QQYEW7DbwwaXpKu3Bo9EkinqKjR5LLsSyRCYUEoE1Kk85tWTr7k,265608210,2026-04-14T06:14:44Z,7xKXtg2CW87d97TXJSDpbD5jBkheTqA83TZRuJosgAsU,Counterparty_09_a71f3d1a,high,in,Es9vMFrzaCERmJfrF4H2FYD4KCoNkY11McCe8BenwNYB,USDT,6,3451470000,3451.47,1.00,3451.47,0,success,fixture
VoBVwtVZsEK4YevkhtD9Z6c6RjX6zYVj781FK3C4YxFU5YLMWqH7Xhg5ZJha12s42q1yu6FG4vvkhBo8Juce2H16,265638355,2026-04-14T09:35:42Z,7xKXtg2CW87d97TXJSDpbD5jBkheTqA83TZRuJosgAsU,Counterparty_02_d11a6706,high,out,Es9vMFrzaCERmJfrF4H2FYD4KCoNkY11McCe8BenwNYB,USDT,6,8201980000,8201.98,1.00,8201.98,5000,success,fixture
qZx9UJw9ePx7ZNCxQQiWkTrasajo6NzNe3G4Z8dUoowvgNwLHpZWR7ktN1unqKZcKep8ynwMp2Zd9iHKTnK3GN2V,265753292,2026-04-14T22:21:57Z,7xKXtg2CW87d97TXJSDpbD5jBkheTqA83TZRuJosgAsU,Counterparty_29_8c088ab3,high,out,EPjFWdd5AufqSSqeM2qN1xzybapC8G4wEGGkZwyTDt1v,USDC,6,11932440000,11932.44,1.00,11932.44,5000,success,fixture
w5zvtXkQC1kYk7SVajk68ASSme7pzB5QDNDfwS8FvUoYJqnreeJqstiSPXjfSYZJArW78HYYFh927p4v5Yk2CRfk,265836430,2026-04-15T07:36:12Z,7xKXtg2CW87d97TXJSDpbD5jBkheTqA83TZRuJosgAsU,Counterparty_10_6d2d3cad,high,in,EPjFWdd5AufqSSqeM2qN1xzybapC8G4wEGGkZwyTDt1v,USDC,6,20522120000,20522.12,1.00,20522.12,0,success,fixture
iJd8H7x2kP9RfhSDuTLBWAo5CxSHkMKDRYTZirXgUXjLRXhwCRfZTnD1zs6mFEF9Ygrcptoc9t7vV1BiTjxX8fdR,265902467,2026-04-15T14:56:27Z,7xKXtg2CW87d97TXJSDpbD5jBkheTqA83TZRuJosgAsU,Counterparty_02_d11a6706,high,out,Es9vMFrzaCERmJfrF4H2FYD4KCoNkY11McCe8BenwNYB,USDT,6,9377790000,9377.79,1.00,9377.79,5000,success,fixture
iE1PU7tzhzF758jimGY9EmxvTXnmg4ZCp8EpxQohCpA5u857ae2dcEjo4ZXedEyFE3fiu5Datif6hifctUu2B2wq,265919412,2026-04-15T16:49:25Z,7xKXtg2CW87d97TXJSDpbD5jBkheTqA83TZRuJosgAsU,Counterparty_26_2906e732,high,out,EPjFWdd5AufqSSqeM2qN1xzybapC8G4wEGGkZwyTDt1v,USDC,6,18574520000,18574.52,1.00,18574.52,5000,success,fixture
wRUMrQtks9ajfeF7S1bwWMAuKvFYkWAfKApjwtum3fMLZm8JwndXhvEYKnR4tNAunEwotFmp4xrCwYoSLujwB2cS,265926415,2026-04-15T17:36:06Z,7xKXtg2CW87d97TXJSDpbD5jBkheTqA83TZRuJosgAsU,Counterparty_10_6d2d3cad,high,out,Es9vMFrzaCERmJfrF4H2FYD4KCoNkY11McCe8BenwNYB,USDT,6,11513960000,11513.96,1.00,11513.96,5000,success,fixture
NisH9uVwy16jvc9EDirw9ih44BMxkF3JvxoSXoL2rW7brnsQFF8q5NSKmZFMwTCvpcyWNDk7rZHbwGGRKdA8PAun,265930957,2026-04-15T18:06:23Z,7xKXtg2CW87d97TXJSDpbD5jBkheTqA83TZRuJosgAsU,Counterparty_27_b10f4db7,high,out,EPjFWdd5AufqSSqeM2qN1xzybapC8G4wEGGkZwyTDt1v,USDC,6,12022660000,12022.66,1.00,12022.66,5000,success,fixture
gHkqorjkv9h7zhi3LsV3eQo96KMpTCD9sbyQaZJvBHuXtKpxNt8W5AqFxkokSwtcQ6sS1Hb8WQkpkHeRuhQ7kFX2,265949425,2026-04-15T20:09:30Z,7xKXtg2CW87d97TXJSDpbD5jBkheTqA83TZRuJosgAsU,Counterparty_19_5a69fc17,high,out,EPjFWdd5AufqSSqeM2qN1xzybapC8G4wEGGkZwyTDt1v,USDC,6,20091280000,20091.28,1.00,20091.28,5000,success,fixture
E6tZQXHZ8W21RtTSw7PQLv5UwiLFm6iitRyX2JoizM3AwGCd19aA9mXq34ftExpjKQgTuBTCCaApttjCQy8sB2YE,266020657,2026-04-16T04:04:23Z,7xKXtg2CW87d97TXJSDpbD5jBkheTqA83TZRuJosgAsU,Counterparty_09_a71f3d1a,high,out,Es9vMFrzaCERmJfrF4H2FYD4KCoNkY11McCe8BenwNYB,USDT,6,8789790000,8789.79,1.00,8789.79,5000,success,fixture
m5ovtKdC2KdfE2nTK4yH6954W3jwJkE52tPQs1E6QoaZWcM3RT1rUVtPi8J8HaFP5NS2dP8Jo9WX4kA5NrFbR87N,266134857,2026-04-16T16:45:43Z,7xKXtg2CW87d97TXJSDpbD5jBkheTqA83TZRuJosgAsU,Counterparty_03_fb40d6bd,high,in,EPjFWdd5AufqSSqeM2qN1xzybapC8G4wEGGkZwyTDt1v,USDC,6,23344550000,23344.55,1.00,23344.55,0,success,fixture
TLBFPW21K6Bg7rc9cmN7c8kT5hCshMPd2KjxzS8y34WfCF4HUT2469cGaAW626oypCDz9dphU5P692izHbnQ1YpU,266160937,2026-04-16T19:39:35Z,7xKXtg2CW87d97TXJSDpbD5jBkheTqA83TZRuJosgAsU,Counterparty_13_34249d8b,high,out,EPjFWdd5AufqSSqeM2qN1xzybapC8G4wEGGkZwyTDt1v,USDC,6,24037960000,24037.96,1.00,24037.96,5000,success,fixture
bSDx71Mh3MtCJGyazGcn1PcmBTvtgBjrdrg44VSbmUBuWqUGwFCwcyEyxZgzRksyEEuXTzp6ZNh8yhbtqurSCSW7,266222877,2026-04-17T02:32:31Z,7xKXtg2CW87d97TXJSDpbD5jBkheTqA83TZRuJosgAsU,Counterparty_07_e9c1b823,high,out,EPjFWdd5AufqSSqeM2qN1xzybapC8G4wEGGkZwyTDt1v,USDC,6,3660000000,3660.00,1.00,3660.00,5000,success,fixture
R4vHbg1xeaNfAV7HFkTdrJXHfEhLrXRmabeEnZT6Shp6majXtWRLoMak4bKD6sgThMBo5zmVvdp3hs2xMDj59T2Q,266246787,2026-04-17T05:11:55Z,7xKXtg2CW87d97TXJSDpbD5jBkheTqA83TZRuJosgAsU,Counterparty_10_6d2d3cad,high,out,Es9vMFrzaCERmJfrF4H2FYD4KCoNkY11McCe8BenwNYB,USDT,6,9903070000,9903.07,1.00,9903.07,5000,success,fixture
BBzNwwxrFN2CCVVHiShe1DFaHYx8FXy1NayYyknYoN9BCs6wkyhjBo33oL1hAEjJ94DFkubXhEcLQrvEPv3s497M,266260085,2026-04-17T06:40:34Z,7xKXtg2CW87d97TXJSDpbD5jBkheTqA83TZRuJosgAsU,Counterparty_21_18aa8f3b,high,out,EPjFWdd5AufqSSqeM2qN1xzybapC8G4wEGGkZwyTDt1v,USDC,6,17894250000,17894.25,1.00,17894.25,5000,success,fixture
Vyr3yNk13KeDECTvWCHJRdFw8xtVBdJsVUGc1bFd3pSqMH4ByPgogucM7mfFpfF9WmBqYCbx6Bzd8uRFPi4LrduU,266275420,2026-04-17T08:22:48Z,7xKXtg2CW87d97TXJSDpbD5jBkheTqA83TZRuJosgAsU,Counterparty_01_7f31801c,high,in,Es9vMFrzaCERmJfrF4H2FYD4KCoNkY11McCe8BenwNYB,USDT,6,23644530000,23644.53,1.00,23644.53,0,success,fixture
NjoV2xV5vGfaKcBAcM48k5Tab2goBoMQ3Az7kF1R1d4uRrd8wFqh3db52iuXdiRKkgRVpGkYgHPhWXzAWbyQFAKh,266302342,2026-04-17T11:22:17Z,7xKXtg2CW87d97TXJSDpbD5jBkheTqA83TZRuJosgAsU,Counterparty_23_44e61d9a,high,in,SOL,SOL,9,29000000000,29.0000,,,0,success,fixture
z9MshdFnegGuuGYdXy2MZy7RqAgM6aYWfzzoJ5VRrDsrJnAQwr4XGFh1MPugXcAsJMYMfybDutiDff8Ko4pyDatZ,266305587,2026-04-17T11:43:55Z,7xKXtg2CW87d97TXJSDpbD5jBkheTqA83TZRuJosgAsU,Counterparty_09_a71f3d1a,high,in,Es9vMFrzaCERmJfrF4H2FYD4KCoNkY11McCe8BenwNYB,USDT,6,13960890000,13960.89,1.00,13960.89,0,success,fixture
2a7ZDTGBmqdjEhgxkuVn1CRqRGZBy1X8PLc6cM8FFux75uXZT4NVvVSvVY5e9nsxujccf9q3xF4AaVMtVJ3PZgqC,266309500,2026-04-17T12:10:00Z,7xKXtg2CW87d97TXJSDpbD5jBkheTqA83TZRuJosgAsU,Counterparty_07_e9c1b823,high,out,Es9vMFrzaCERmJfrF4H2FYD4KCoNkY11McCe8BenwNYB,USDT,6,6955530000,6955.53,1.00,6955.53,5000,success,fixture
JdPB93dxxrtH3j4uEXxk5XYQacPRAnVHb1RS75mzCzTsp9o3iF4RevQ5UMYk6B88cU4vi5b6z8jo9xjnirFxkgwf,266333732,2026-04-17T14:51:33Z,7xKXtg2CW87d97TXJSDpbD5jBkheTqA83TZRuJosgAsU,Counterparty_29_8c088ab3,high,in,EPjFWdd5AufqSSqeM2qN1xzybapC8G4wEGGkZwyTDt1v,USDC,6,6067410000,6067.41,1.00,6067.41,0,success,fixture
BryYW188kNLkg7vWkYEhtCovwT1ueUZNTZcmbxikcTq53qaNkfXDPZRXxvuveKvEmDwTJJyY4BRDAYSvYjUytqxP,266397147,2026-04-17T21:54:19Z,7xKXtg2CW87d97TXJSDpbD5jBkheTqA83TZRuJosgAsU,Counterparty_19_5a69fc17,high,out,Es9vMFrzaCERmJfrF4H2FYD4KCoNkY11McCe8BenwNYB,USDT,6,8745940000,8745.94,1.00,8745.94,5000,success,fixture
roDKVCk5CCpZ8R3UJcH9BewH1NWnA3AMf4rhgvjLYsdcP5snMaFCa5sZBTbbS6PFyEjNNQKEqgaXcuqi18jPVGzi,266481020,2026-04-18T07:13:28Z,7xKXtg2CW87d97TXJSDpbD5jBkheTqA83TZRuJosgAsU,Counterparty_19_5a69fc17,high,out,EPjFWdd5AufqSSqeM2qN1xzybapC8G4wEGGkZwyTDt1v,USDC,6,1406870000,1406.87,1.00,1406.87,5000,success,fixture
ZseRyvPKrdgyYkWd6nXchhAtxs923cni82s27pHCZuTjTf4SCM6MYMeN7Hxerqq3dmSV7hmsjt1jZ11nHhPZmXzC,266500565,2026-04-18T09:23:46Z,7xKXtg2CW87d97TXJSDpbD5jBkheTqA83TZRuJosgAsU,Counterparty_08_a96089bc,high,in,Es9vMFrzaCERmJfrF4H2FYD4KCoNkY11McCe8BenwNYB,USDT,6,15952860000,15952.86,1.00,15952.86,0,success,fixture
mrTUo8XTQZZ6asZytuGtWvR2T5imV59PNm4zVPbHdDg8tjXbBvvzTJ4scDJjJLEJ4CyaaNmwMef64ZWV7YMvURok,266534482,2026-04-18T13:09:53Z,7xKXtg2CW87d97TXJSDpbD5jBkheTqA83TZRuJosgAsU,Counterparty_07_e9c1b823,high,out,EPjFWdd5AufqSSqeM2qN1xzybapC8G4wEGGkZwyTDt1v,USDC,6,132240000,132.24,1.00,132.24,5000,success,fixture
UFTa79F2MmFAvM9U435h6bh7yCzG2XEaaucj4u5hAB69HhDprqksuTP9u7453VthJNCx4oPn43ed65fhoW8MZ2Zt,266541877,2026-04-18T13:59:11Z,7xKXtg2CW87d97TXJSDpbD5jBkheTqA83TZRuJosgAsU,Counterparty_11_b3669cbd,high,out,EPjFWdd5AufqSSqeM2qN1xzybapC8G4wEGGkZwyTDt1v,USDC,6,22832080000,22832.08,1.00,22832.08,5000,success,fixture
AuUoAv6EbH8xmQP5v1djPJ9xhQrAxXN1QSzbZh4ZzJiyaCm1VBX5ASDEL3mjCjgEYa7osGATXBVGGAyT9VVoUVKU,266563897,2026-04-18T16:25:59Z,7xKXtg2CW87d97TXJSDpbD5jBkheTqA83TZRuJosgAsU,Counterparty_28_89d35ea6,high,out,EPjFWdd5AufqSSqeM2qN1xzybapC8G4wEGGkZwyTDt1v,USDC,6,16700650000,16700.65,1.00,16700.65,5000,success,fixture
hyNxLgzWaYBfxRQX8NzSqnwLFzaxki3vBgd4qtFJbi2iK9KXexT4h2o4dK1f5TmPXFXT9KyBSRmrmv99QHfA3FTs,266571942,2026-04-18T17:19:37Z,7xKXtg2CW87d97TXJSDpbD5jBkheTqA83TZRuJosgAsU,Counterparty_19_5a69fc17,high,in,EPjFWdd5AufqSSqeM2qN1xzybapC8G4wEGGkZwyTDt1v,USDC,6,2869910000,2869.91,1.00,2869.91,0,success,fixture
w1LorQievUdBjq3zSSjS3yJbPF7CDHiHENatoJeyc68ajLxtUP7AHC82xRpGWck6Xqn2LcnoFsRHha76mToNePQp,266572647,2026-04-18T17:24:19Z,7xKXtg2CW87d97TXJSDpbD5jBkheTqA83TZRuJosgAsU,Counterparty_26_2906e732,high,out,Es9vMFrzaCERmJfrF4H2FYD4KCoNkY11McCe8BenwNYB,USDT,6,23357470000,23357.47,1.00,23357.47,5000,success,fixture
5emvhG7mrLwkft8sds3PbUjQ5ZiN1wTuY7UQhzvWnAUCoaiJgtbrXWUuoeJMwGv6JyVGqWdgjRN2YwMCYEPtHNJy,266637107,2026-04-19T00:34:03Z,7xKXtg2CW87d97TXJSDpbD5jBkheTqA83TZRuJosgAsU,Counterparty_19_5a69fc17,high,out,Es9vMFrzaCERmJfrF4H2FYD4KCoNkY11McCe8BenwNYB,USDT,6,18312010000,18312.01,1.00,18312.01,5000,success,fixture
LL6LdhWbCRsyvU79aVmMZknPWPUWTTW2c2rT6q9gLsGeZQ9gbzdyK4qwS9Sj1WtqxaWv464Jvi7Nf7uKdXmNx48p,266737215,2026-04-19T11:41:26Z,7xKXtg2CW87d97TXJSDpbD5jBkheTqA83TZRuJosgAsU,Counterparty_18_6ecaa007,high,out,EPjFWdd5AufqSSqeM2qN1xzybapC8G4wEGGkZwyTDt1v,USDC,6,23593060000,23593.06,1.00,23593.06,5000,success,fixture
uWPLusxFF2jDSNJx5rJPiZSkvbN28yHCeH37fUPosMUfZ8RzdDH3nU1atbkoppjDQU5jNgMjw8ozLZLjTMSmKc9D,266741380,2026-04-19T12:09:12Z,7xKXtg2CW87d97TXJSDpbD5jBkheTqA83TZRuJosgAsU,Counterparty_13_34249d8b,high,out,Es9vMFrzaCERmJfrF4H2FYD4KCoNkY11McCe8BenwNYB,USDT,6,22294950000,22294.95,1.00,22294.95,5000,success,fixture
CjP26AwpJePPBwZrogGZd57ueq1aEnDKBzqb1o7EZwnXQmeCVk7CvPRUEZFT8qM8W8a9YqQnKco36MY8RKWfpLkv,266779265,2026-04-19T16:21:46Z,7xKXtg2CW87d97TXJSDpbD5jBkheTqA83TZRuJosgAsU,Counterparty_14_829f4116,high,in,EPjFWdd5AufqSSqeM2qN1xzybapC8G4wEGGkZwyTDt1v,USDC,6,9622540000,9622.54,1.00,9622.54,0,success,fixture
NTdzWAMxnCr6YNhCMh41VJEqrBdqBYsqr69gUhUSUXR13bDoQ1zMqvaD2k1hoGFmyPL97RZeLB5u3LKWoafaNUyk,266802095,2026-04-19T18:53:58Z,7xKXtg2CW87d97TXJSDpbD5jBkheTqA83TZRuJosgAsU,Counterparty_04_57526846,high,out,SOL,SOL,9,36000000000,36.0000,,,5000,success,fixture
s5NDjXmmWfmNwedNgLTNB7Wys3YF1hFmFWgEGXpruNtpRESCu1Q15P2c8AKVDheqQ32DDKCFyHoCNwcGCD2CvH72,266883015,2026-04-20T03:53:26Z,7xKXtg2CW87d97TXJSDpbD5jBkheTqA83TZRuJosgAsU,Counterparty_26_2906e732,high,out,EPjFWdd5AufqSSqeM2qN1xzybapC8G4wEGGkZwyTDt1v,USDC,6,21558140000,21558.14,1.00,21558.14,5000,success,fixture
Prpo87z49RgEdMQEGu4bgoq9DmGDiy6EQkp5LiaMNps2W2ARH2U9tsU1RVKn7Mh8puLLuZXUB7zTKcGpHj9Wmyvz,266948540,2026-04-20T11:10:16Z,7xKXtg2CW87d97TXJSDpbD5jBkheTqA83TZRuJosgAsU,Counterparty_18_6ecaa007,high,out,EPjFWdd5AufqSSqeM2qN1xzybapC8G4wEGGkZwyTDt1v,USDC,6,5810740000,5810.74,1.00,5810.74,5000,success,fixture
8mMgDa4fsSAipzWZqSyr86apd5dBcFknJrrnkJ3v9Uinu3jZyzFNjczobpdWKhhEQiL4wrZsMrcKBw1LgqQhHgCZ,266991955,2026-04-20T15:59:42Z,7xKXtg2CW87d97TXJSDpbD5jBkheTqA83TZRuJosgAsU,Counterparty_15_69842a97,high,out,Es9vMFrzaCERmJfrF4H2FYD4KCoNkY11McCe8BenwNYB,USDT,6,22045430000,22045.43,1.00,22045.43,5000,success,fixture
bUj8To45buU5e7ywGurowqwUkJ4mTeNb3sQp5ZuL3KiYYGP3Gt8ZsaLeWvK5RFCBaMPTwFuFUTuwyj1uyCFNAxzo,267024192,2026-04-20T19:34:37Z,7xKXtg2CW87d97TXJSDpbD5jBkheTqA83TZRuJosgAsU,Counterparty_25_a6c1ad8f,high,in,EPjFWdd5AufqSSqeM2qN1xzybapC8G4wEGGkZwyTDt1v,USDC,6,18900840000,18900.84,1.00,18900.84,0,success,fixture
S5bRDX7NdVhzL6B7kcC3umfY2CD5RKEFKja5W4Qa1BMxTSB89bTXp5RzxE9xELUunjXBfdLeDZnkWJD1AV5uSftG,267129922,2026-04-21T07:19:29Z,7xKXtg2CW87d97TXJSDpbD5jBkheTqA83TZRuJosgAsU,Counterparty_16_9911036c,high,out,Es9vMFrzaCERmJfrF4H2FYD4KCoNkY11McCe8BenwNYB,USDT,6,16187580000,16187.58,1.00,16187.58,5000,success,fixture
qY3nSAWAFN9SJnsER68GwasybX4nMX7zwUBvgZJYoQLZY3pt4dUHT8JRdgJZGtsZxzhPSo38UtUZNcqTWsVafNFo,267132997,2026-04-21T07:39:59Z,7xKXtg2CW87d97TXJSDpbD5jBkheTqA83TZRuJosgAsU,Counterparty_04_57526846,high,out,Es9vMFrzaCERmJfrF4H2FYD4KCoNkY11McCe8BenwNYB,USDT,6,11112270000,11112.27,1.00,11112.27,5000,success,fixture
jSjG7rdSCxVNSmLHFexq3eM5hfvNSySE24iSDRAn8s4Pk5RH4VZWxptnwi4xLvZ76EpiQqxzqDxmoXphjhGfTQBX,267163892,2026-04-21T11:05:57Z,7xKXtg2CW87d97TXJSDpbD5jBkheTqA83TZRuJosgAsU,Counterparty_29_8c088ab3,high,out,Es9vMFrzaCERmJfrF4H2FYD4KCoNkY11McCe8BenwNYB,USDT,6,19619400000,19619.40,1.00,19619.40,5000,success,fixture
o7Fibqw33JdbwwFnwB5ui6CwA7vCs5QpKZjy8nQbAxUbTbYSLz17qe8aMHcb4RLLq9vvk13sRCdZYVhaXGvMaMrp,267176740,2026-04-21T12:31:36Z,7xKXtg2CW87d97TXJSDpbD5jBkheTqA83TZRuJosgAsU,Counterparty_12_50e165e4,high,out,EPjFWdd5AufqSSqeM2qN1xzybapC8G4wEGGkZwyTDt1v,USDC,6,13184950000,13184.95,1.00,13184.95,5000,success,fixture
aAcpY9FzkhwALhLo1tYgmD851Afy8a7GE7X2vZVS48LSXCuGvwbHugkVwjg8UAh2CAupjGBZpmbDXXKKj7eYQjJS,267202052,2026-04-21T15:20:21Z,7xKXtg2CW87d97TXJSDpbD5jBkheTqA83TZRuJosgAsU,Counterparty_12_50e165e4,high,out,Es9vMFrzaCERmJfrF4H2FYD4KCoNkY11McCe8BenwNYB,USDT,6,15303530000,15303.53,1.00,15303.53,5000,success,fixture
xYJcdSvYct9UvFzYRf9HS51NodhfiG8b2KjLrYfK2M3tpmMs7NeJf1Tq4GNThsBW1zR52jQ34rf7Yt7ghQGVAcy7,267223632,2026-04-21T17:44:13Z,7xKXtg2CW87d97TXJSDpbD5jBkheTqA83TZRuJosgAsU,Counterparty_14_829f4116,high,out,SOL,SOL,9,21000000000,21.0000,,,5000,success,fixture
QBoKnVqZYox7AiQNu98wDVTrr1GvtXNKZB6JQnqTQhjGAqqaTsF9tUTTzWwaskQ2VAr1nta56NMSrBU4Sq3jiAzd,267229045,2026-04-21T18:20:18Z,7xKXtg2CW87d97TXJSDpbD5jBkheTqA83TZRuJosgAsU,Counterparty_01_7f31801c,high,out,SOL,SOL,9,47000000000,47.0000,,,5000,success,fixture
bY9wj2VMVfDo7LxiLHifJtst8endRjJMkdqqiRChHjDcJ1dnvArYVj5wPVwFjhTaN1iV4Mk8zbAP6i8s2D6ibUV9,267314580,2026-04-22T03:50:32Z,7xKXtg2CW87d97TXJSDpbD5jBkheTqA83TZRuJosgAsU,Counterparty_00_9d79b1a3,high,out,EPjFWdd5AufqSSqeM2qN1xzybapC8G4wEGGkZwyTDt1v,USDC,6,3554350000,3554.35,1.00,3554.35,5000,success,fixture
RdjCJpkdrAiSdstDATMWGxp9qYMgqgaphy3k7s5621xx4Nw6MzPDpAELv5QgMezvVXNnCKL7tcBzyABT8bgTBcch,267318555,2026-04-22T04:17:02Z,7xKXtg2CW87d97TXJSDpbD5jBkheTqA83TZRuJosgAsU,Counterparty_15_69842a97,high,out,SOL,SOL,9,49000000000,49.0000,,,5000,success,fixture
DRtWV4PAdYe9PFbL7nrAvmVeh7sFAQFG9mPaqcZsHrirm2Lq6UCYJC979ju86pvqvMLiJLiZqP1AkLqTm52km5Rv,267346302,2026-04-22T07:22:01Z,7xKXtg2CW87d97TXJSDpbD5jBkheTqA83TZRuJosgAsU,Counterparty_17_f3e82208,high,in,Es9vMFrzaCERmJfrF4H2FYD4KCoNkY11McCe8BenwNYB,USDT,6,16312130000,16312.13,1.00,16312.13,0,success,fixture
SLTynDN6pLMBCZqh9E9yMkEvLZjMoCunfVqgdEnHfwTPVWMcGiFPC8jfY1kRK1UK6ADmspi5MJ3ALHWZE1yVyN17,267377457,2026-04-22T10:49:43Z,7xKXtg2CW87d97TXJSDpbD5jBkheTqA83TZRuJosgAsU,Counterparty_12_50e165e4,high,in,EPjFWdd5AufqSSqeM2qN1xzybapC8G4wEGGkZwyTDt1v,USDC,6,20887020000,20887.02,1.00,20887.02,0,success,fixture
jeCQmZbG3C6DSY5T4iGGZL5oXqaWS1AZYLf1XBTmkHaZ51Nm2Ge6TXb5CaZjGVghFfibNzhdFq4rczAsCsVia7JU,267409950,2026-04-22T14:26:20Z,7xKXtg2CW87d97TXJSDpbD5jBkheTqA83TZRuJosgAsU,Counterparty_18_6ecaa007,high,out,EPjFWdd5AufqSSqeM2qN1xzybapC8G4wEGGkZwyTDt1v,USDC,6,10477310000,10477.31,1.00,10477.31,5000,success,fixture
mXNG11j68vdjYA6rZ5oo7zHiFWKHW47uCx3wKQtkMUp87wqy31w9jiBNPzVgJyo6QuNC8SSWJvRmwXtTiytB89mo,267422632,2026-04-22T15:50:53Z,7xKXtg2CW87d97TXJSDpbD5jBkheTqA83TZRuJosgAsU,Counterparty_01_7f31801c,high,in,EPjFWdd5AufqSSqeM2qN1xzybapC8G4wEGGkZwyTDt1v,USDC,6,19457610000,19457.61,1.00,19457.61,0,success,fixture
e2hSuHbHXYDgB3ALhsHuzrJ1kXGh7dX6bigpk185C4qDqSYCgki5pSgthH9zU6hrSTjTJX52YmdFPCVNTQ9mn2bG,267461485,2026-04-22T20:09:54Z,7xKXtg2CW87d97TXJSDpbD5jBkheTqA83TZRuJosgAsU,Counterparty_03_fb40d6bd,high,out,Es9vMFrzaCERmJfrF4H2FYD4KCoNkY11McCe8BenwNYB,USDT,6,24712240000,24712.24,1.00,24712.24,5000,success,fixture
x8PeYQVnBfnjAjVF7ZScrpEn39dv6NcQnjLiBuFFCL6RwpQ5cPhpHbGeUtR2WELKsRwXnHRCo8PphdPbKi6hYJpg,267474527,2026-04-22T21:36:51Z,7xKXtg2CW87d97TXJSDpbD5jBkheTqA83TZRuJosgAsU,Counterparty_03_fb40d6bd,high,out,EPjFWdd5AufqSSqeM2qN1xzybapC8G4wEGGkZwyTDt1v,USDC,6,196430000,196.43,1.00,196.43,5000,success,fixture
1qKiZxQAxznYWPaRqX4zERMTA4DpUEHLkKEhfHSZrfRppnGF7b5kADFQVkT6Xnvpz4VyFv8yVLJxPWWyUCkTy9RG,267481542,2026-04-22T22:23:37Z,7xKXtg2CW87d97TXJSDpbD5jBkheTqA83TZRuJosgAsU,Counterparty_12_50e165e4,high,out,EPjFWdd5AufqSSqeM2qN1xzybapC8G4wEGGkZwyTDt1v,USDC,6,22926050000,22926.05,1.00,22926.05,5000,success,fixture
RVU2XLoh73QeEfJokb7M1rJuwFd4GNtUp2x9aPrchTghRUn1wgTEPLkWS2YMw6tB646ZK9RBj9RLviK7a2ys9wJP,267530137,2026-04-23T03:47:35Z,7xKXtg2CW87d97TXJSDpbD5jBkheTqA83TZRuJosgAsU,Counterparty_18_6ecaa007,high,out,EPjFWdd5AufqSSqeM2qN1xzybapC8G4wEGGkZwyTDt1v,USDC,6,11537770000,11537.77,1.00,11537.77,5000,success,fixture
5aEtuCnbtu7p9Dv59DfAyvi1hLg64Rp1y6aGTHYBEncWP2bBrXSan6jWCsCzPXWMHpQchJX9RAxd3MAg6ZurwjpW,267544840,2026-04-23T05:25:36Z,7xKXtg2CW87d97TXJSDpbD5jBkheTqA83TZRuJosgAsU,Counterparty_12_50e165e4,high,out,EPjFWdd5AufqSSqeM2qN1xzybapC8G4wEGGkZwyTDt1v,USDC,6,24006130000,24006.13,1.00,24006.13,5000,success,fixture
3FiS5xgddE9Ro2GsbmpS8hQoVyisK9xvpDxSbDVpa1kEV6W5cUMbyb2WKSs8mA3HvTNLMRMURFmRpqESDncjq8Eg,267550155,2026-04-23T06:01:02Z,7xKXtg2CW87d97TXJSDpbD5jBkheTqA83TZRuJosgAsU,Counterparty_04_57526846,high,out,Es9vMFrzaCERmJfrF4H2FYD4KCoNkY11McCe8BenwNYB,USDT,6,5866260000,5866.26,1.00,5866.26,5000,success,fixture
bmBkRHS3jwd6hYcP6EpaQLKqMVkW2AgeBgPdUTq2qKcpYGRb9Rfw87SEE8dKCxBrrpScTPqETzfJMrQh7jykhqhM,267669545,2026-04-23T19:16:58Z,7xKXtg2CW87d97TXJSDpbD5jBkheTqA83TZRuJosgAsU,Counterparty_16_9911036c,high,out,EPjFWdd5AufqSSqeM2qN1xzybapC8G4wEGGkZwyTDt1v,USDC,6,7476510000,7476.51,1.00,7476.51,5000,success,fixture
gbqzQQtGBzEXQ1ZqEgYG8WMzBuMAknFAJGHmA7pEdPtpXsdyUMUBc1YDyFQ21TnHwmMrMoa3zLsaBgzK3XwkbBaR,267676562,2026-04-23T20:03:45Z,7xKXtg2CW87d97TXJSDpbD5jBkheTqA83TZRuJosgAsU,Counterparty_05_903bb13e,high,out,Es9vMFrzaCERmJfrF4H2FYD4KCoNkY11McCe8BenwNYB,USDT,6,17190560000,17190.56,1.00,17190.56,5000,success,fixture
M5VdybDiZWn6jGNPSUgUyGjEtvbntdPnypbUjH5WibAMkRz3m8fgpe8rupU9HxUfLhXTnBeDStykbK9UaxQv8YeW,267710105,2026-04-23T23:47:22Z,7xKXtg2CW87d97TXJSDpbD5jBkheTqA83TZRuJosgAsU,Counterparty_06_de562439,high,out,EPjFWdd5AufqSSqeM2qN1xzybapC8G4wEGGkZwyTDt1v,USDC,6,23918770000,23918.77,1.00,23918.77,5000,success,fixture
9uo9CFwB3cXsGaqMynxtX4rqqodLEevv7GX1aPcyVaEXgB8F8UupcC9Ri4a1gtfEV5Q7gF5VvbLJnfbcsrtGb1DV,267710800,2026-04-23T23:52:00Z,7xKXtg2CW87d97TXJSDpbD5jBkheTqA83TZRuJosgAsU,Counterparty_20_8ba8f837,high,out,SOL,SOL,9,33000000000,33.0000,,,5000,success,fixture
LU6NRiCUAKLRkuX3HTCBSkav7Wt6Pko7ixStt1BM9dZRkW1YijSUr4LUHph8fttVZQrXnNwbQ8sCUbqRxk6A1Nne,267719452,2026-04-24T00:49:41Z,7xKXtg2CW87d97TXJSDpbD5jBkheTqA83TZRuJosgAsU,Counterparty_08_a96089bc,high,in,EPjFWdd5AufqSSqeM2qN1xzybapC8G4wEGGkZwyTDt1v,USDC,6,20236930000,20236.93,1.00,20236.93,0,success,fixture
Em2sCBP7WRUUvbggC8zBYKTB7wEELQdynPcChgQSPSB5eBfoMwf3ezodLxL5qLYQEqVUwDqVqcnuCPTKrZPbULYU,267746500,2026-04-24T03:50:00Z,7xKXtg2CW87d97TXJSDpbD5jBkheTqA83TZRuJosgAsU,Counterparty_13_34249d8b,high,out,EPjFWdd5AufqSSqeM2qN1xzybapC8G4wEGGkZwyTDt1v,USDC,6,21859410000,21859.41,1.00,21859.41,5000,success,fixture
5PGgJBc58PbWyoSN3dr5RDzfVyhQ2QyVupfqsq98xtQ53ifcv642iewHKF139WYF9q1kRNSdKAViThDc1vhaCRxD,267772430,2026-04-24T06:42:52Z,7xKXtg2CW87d97TXJSDpbD5jBkheTqA83TZRuJosgAsU,Counterparty_29_8c088ab3,high,in,Es9vMFrzaCERmJfrF4H2FYD4KCoNkY11McCe8BenwNYB,USDT,6,14690530000,14690.53,1.00,14690.53,0,success,fixture
Sg4FSCupcfv5umWXMiiSuRB4tQiUDJ775QfrwN2GKBb75Ef1qLDcDh3GJ6dd3dsX34M6L1PqKSZDMqSoP9mk7NTz,267772460,2026-04-24T06:43:04Z,7xKXtg2CW87d97TXJSDpbD5jBkheTqA83TZRuJosgAsU,Counterparty_23_44e61d9a,high,out,EPjFWdd5AufqSSqeM2qN1xzybapC8G4wEGGkZwyTDt1v,USDC,6,5021030000,5021.03,1.00,5021.03,5000,success,fixture
Vmgar23JqVA1BmoabcnBEeVdxsY1rcyVX3x5MjBzpLkCJKG639gdEtA72zESXiwHu33eCoNurjoHAY2seZE7mxZw,267802362,2026-04-24T10:02:25Z,7xKXtg2CW87d97TXJSDpbD5jBkheTqA83TZRuJosgAsU,Counterparty_03_fb40d6bd,high,out,EPjFWdd5AufqSSqeM2qN1xzybapC8G4wEGGkZwyTDt1v,USDC,6,9227240000,9227.24,1.00,9227.24,5000,success,fixture
79etCUvyT9MJYrZz4k3dMa4L1w6rKR8vMfsWro1325ej4y3VEaZMHSVqnFhLoYKGwSqdFudh3cfJ7E7daMdRY5aF,267812805,2026-04-24T11:12:02Z,7xKXtg2CW87d97TXJSDpbD5jBkheTqA83TZRuJosgAsU,Counterparty_04_57526846,high,in,EPjFWdd5AufqSSqeM2qN1xzybapC8G4wEGGkZwyTDt1v,USDC,6,534440000,534.44,1.00,534.44,0,success,fixture
e1ardCT5GrYk7yN2Kkk8SQe7vMA26WvnjXWhJfj1N3igVMootd9Ex4tiKMt4p5cfR6SHCGrxS62wEBRrSKiqiA8L,267817080,2026-04-24T11:40:32Z,7xKXtg2CW87d97TXJSDpbD5jBkheTqA83TZRuJosgAsU,Counterparty_15_69842a97,high,out,Es9vMFrzaCERmJfrF4H2FYD4KCoNkY11McCe8BenwNYB,USDT,6,10261870000,10261.87,1.00,10261.87,5000,success,fixture
Ty1mNfUCmWNj5meEHRzGaf28AvJvaKsKXfGUosjPT8y5QTctS9n9mGxz4tW2jTNgHa2xMF7R39n9VhLGG4EvVkCt,267870147,2026-04-24T17:34:19Z,7xKXtg2CW87d97TXJSDpbD5jBkheTqA83TZRuJosgAsU,Counterparty_28_89d35ea6,high,out,Es9vMFrzaCERmJfrF4H2FYD4KCoNkY11McCe8BenwNYB,USDT,6,16223080000,16223.08,1.00,16223.08,5000,success,fixture
GABAhmruVFmgDzaffC1KQwXmmvzsvFsPF9FUU6ZP3XS64cW3ZCRfYs8qZtBvwDR371Y8AS7PiwucFzckchCn6wYj,267885237,2026-04-24T19:14:55Z,7xKXtg2CW87d97TXJSDpbD5jBkheTqA83TZRuJosgAsU,Counterparty_25_a6c1ad8f,high,out,EPjFWdd5AufqSSqeM2qN1xzybapC8G4wEGGkZwyTDt1v,USDC,6,23281970000,23281.97,1.00,23281.97,5000,success,fixture
Md3frR4tQsUXE4Ex2qkUJHhC6A5JS6LxnVxTaEjzHCv46zzUNqLBDPTXXbmsBmUPmdRu1cszfD5ojegAMjuopupo,267907172,2026-04-24T21:41:09Z,7xKXtg2CW87d97TXJSDpbD5jBkheTqA83TZRuJosgAsU,Counterparty_10_6d2d3cad,high,in,EPjFWdd5AufqSSqeM2qN1xzybapC8G4wEGGkZwyTDt1v,USDC,6,15129180000,15129.18,1.00,15129.18,0,success,fixture
JQfnHbfE2KgJ4a3fy531TeMSgb6fbmEDzD6SXeqBRtRK2qvmGn4VP1Ndudd2iUJ2a84RV84d7VgRQ72ttMfBvv2b,267911032,2026-04-24T22:06:53Z,7xKXtg2CW87d97TXJSDpbD5jBkheTqA83TZRuJosgAsU,Counterparty_12_50e165e4,high,out,EPjFWdd5AufqSSqeM2qN1xzybapC8G4wEGGkZwyTDt1v,USDC,6,16444370000,16444.37,1.00,16444.37,5000,success,fixture
B17RP7facf1Sp2vf8wYrP3WN8peBRuzWXhPt2JS7ySiBjAkhZhKDofkUPUbypxhcvqhYsB1Ay1HwcY6y2vFRskNF,267918810,2026-04-24T22:58:44Z,7xKXtg2CW87d97TXJSDpbD5jBkheTqA83TZRuJosgAsU,Counterparty_09_a71f3d1a,high,out,EPjFWdd5AufqSSqeM2qN1xzybapC8G4wEGGkZwyTDt1v,USDC,6,9778110000,9778.11,1.00,9778.11,5000,success,fixture
X26p8aMgScdmVJi2pgPBd2MosjP3fPXdAZ5aJVoARSZ4SEpyffhzCK5Uh76fPxJ3tmoozhvsRCpYZizzg2Zbppi4,267973992,2026-04-25T05:06:37Z,7xKXtg2CW87d97TXJSDpbD5jBkheTqA83TZRuJosgAsU,Counterparty_12_50e165e4,high,out,Es9vMFrzaCERmJfrF4H2FYD4KCoNkY11McCe8BenwNYB,USDT,6,3017970000,3017.97,1.00,3017.97,5000,success,fixture
8BBCFxfMHc3yV1KVEk8LoypyzaEtScWLWXowYH1W2FSRTxqPS11kVRn9BwcwA8xCskib98evEwwZTxbBXcsHqV9U,267984025,2026-04-25T06:13:30Z,7xKXtg2CW87d97TXJSDpbD5jBkheTqA83TZRuJosgAsU,Counterparty_08_a96089bc,high,out,Es9vMFrzaCERmJfrF4H2FYD4KCoNkY11McCe8BenwNYB,USDT,6,19718260000,19718.26,1.00,19718.26,5000,success,fixture
LaxBrqGUYbcEcnYDSydvhDAGb23HmGTHVQaLTTztJaUpXnJ7SFYr693SF7WNPyBdVXS38HPZL1Z78prJHt6QVCb8,268016315,2026-04-25T09:48:46Z,7xKXtg2CW87d97TXJSDpbD5jBkheTqA83TZRuJosgAsU,Counterparty_22_d1f65e81,high,out,Es9vMFrzaCERmJfrF4H2FYD4KCoNkY11McCe8BenwNYB,USDT,6,23137480000,23137.48,1.00,23137.48,5000,success,fixture
vdiQW5TLSquja97rn1v1DkpX1vqpev2V3tGYar4ahZqoTnnqUqteFB3Ytvsqn3dyyZGJZJfAkmmUYoLbVxTkCgTP,268036157,2026-04-25T12:01:03Z,7xKXtg2CW87d97TXJSDpbD5jBkheTqA83TZRuJosgAsU,Counterparty_01_7f31801c,high,out,Es9vMFrzaCERmJfrF4H2FYD4KCoNkY11McCe8BenwNYB,USDT,6,22159340000,22159.34,1.00,22159.34,5000,success,fixture
UVyFTNuWSTo7MUMjHQAkX56v66U7ppQt9c4eccNj8TPxjqUxo4KfLP7dZEAjXFw7PwcQ8qJdFtUwcruggkic2fjv,268037440,2026-04-25T12:09:36Z,7xKXtg2CW87d97TXJSDpbD5jBkheTqA83TZRuJosgAsU,Counterparty_22_d1f65e81,high,out,EPjFWdd5AufqSSqeM2qN1xzybapC8G4wEGGkZwyTDt1v,USDC,6,9054890000,9054.89,1.00,9054.89,5000,success,fixture
vAcofaU8rKGL84GThsgW58vzYfb2hZdGnAKU1gPGdTCjj6aQ5abZsZc2RxX3hRQHp2Ps5PGojh7repqN93PbNuiC,268090430,2026-04-25T18:02:52Z,7xKXtg2CW87d97TXJSDpbD5jBkheTqA83TZRuJosgAsU,Counterparty_26_2906e732,high,out,EPjFWdd5AufqSSqeM2qN1xzybapC8G4wEGGkZwyTDt1v,USDC,6,22886610000,22886.61,1.00,22886.61,5000,success,fixture
5cRfAZeXzCtZJNyLx4j7Z9BoqXB14CcEgKb9hvF9jA4H6JJYJiEo9pxap85TQdfnDm1k9php193hE4JnmAFw99nV,268114965,2026-04-25T20:46:26Z,7xKXtg2CW87d97TXJSDpbD5jBkheTqA83TZRuJosgAsU,Counterparty_15_69842a97,high,out,Es9vMFrzaCERmJfrF4H2FYD4KCoNkY11McCe8BenwNYB,USDT,6,4267890000,4267.89,1.00,4267.89,5000,success,fixture
YK4YXdJGFvCqMUCEpmZjefKed8gVt15nuHByUwj92EW4ZWuzbwB76T4vBjjj2htjhH7wzbt6GQkmqgdZfZyreVzA,268143180,2026-04-25T23:54:32Z,7xKXtg2CW87d97TXJSDpbD5jBkheTqA83TZRuJosgAsU,Counterparty_28_89d35ea6,high,in,EPjFWdd5AufqSSqeM2qN1xzybapC8G4wEGGkZwyTDt1v,USDC,6,14663020000,14663.02,1.00,14663.02,0,success,fixture
49kE795Ya8Vsq2LCnGx9YwMabc6x6bMgtB2TE2wH8RP9xWByS6cyd71dPF732zu5WfjvCqM5FSxhBADbi25EjV3C,268220347,2026-04-26T08:28:59Z,7xKXtg2CW87d97TXJSDpbD5jBkheTqA83TZRuJosgAsU,Counterparty_00_9d79b1a3,high,out,Es9vMFrzaCERmJfrF4H2FYD4KCoNkY11McCe8BenwNYB,USDT,6,18450110000,18450.11,1.00,18450.11,5000,success,fixture
XLWMPZ4D3gh17SaMRKV8YvuVcH36f3AyWsj7SzfamcinEXm7U67QaRUtaU86ddXuvRVPepnaDjDBT5Xx3oMx2NbE,268223535,2026-04-26T08:50:14Z,7xKXtg2CW87d97TXJSDpbD5jBkheTqA83TZRuJosgAsU,Counterparty_11_b3669cbd,high,in,EPjFWdd5AufqSSqeM2qN1xzybapC8G4wEGGkZwyTDt1v,USDC,6,21190690000,21190.69,1.00,21190.69,0,success,fixture
AZFvDszcgmvawbncmqt8TW58u92XPLmQ9uVyfaqNCnL2pu8F9wmAmFL9E96Umqs852rXqU3D73sjZe4X8H35Lj1q,268276780,2026-04-26T14:45:12Z,7xKXtg2CW87d97TXJSDpbD5jBkheTqA83TZRuJosgAsU,Counterparty_03_fb40d6bd,high,in,Es9vMFrzaCERmJfrF4H2FYD4KCoNkY11McCe8BenwNYB,USDT,6,6830750000,6830.75,1.00,6830.75,0,success,fixture
7CuPBLQaovYt38F7pu85VP8YGjEQcDTAzKvdhC8N6NUeLLFcYycX5W5FMkyfEPzmjZke64PsuJbzrrCNUBoXEgUs,268303617,2026-04-26T17:44:07Z,7xKXtg2CW87d97TXJSDpbD5jBkheTqA83TZRuJosgAsU,Counterparty_08_a96089bc,high,in,Es9vMFrzaCERmJfrF4H2FYD4KCoNkY11McCe8BenwNYB,USDT,6,6722150000,6722.15,1.00,6722.15,0,success,fixture
mZ3K7ng5X6tytR4GDvptkF4ZuQKK6aiLGTitxU4jCk2hfD6FXcb4oBk53eGTYooTYWsWWGwTNqWRLPPLNgy4EHzZ,268330117,2026-04-26T20:40:47Z,7xKXtg2CW87d97TXJSDpbD5jBkheTqA83TZRuJosgAsU,Counterparty_03_fb40d6bd,high,out,EPjFWdd5AufqSSqeM2qN1xzybapC8G4wEGGkZwyTDt1v,USDC,6,22900320000,22900.32,1.00,22900.32,5000,success,fixture
U7pviqGLx3VHPxu6Vx8rtGEtpemPxnghUBg9sEuEt4dPbJfbBMnKKdJwZzku79qsT4Jxi9mx9GAnMvGqvkSYAdhJ,268332625,2026-04-26T20:57:30Z,7xKXtg2CW87d97TXJSDpbD5jBkheTqA83TZRuJosgAsU,Counterparty_20_8ba8f837,high,out,EPjFWdd5AufqSSqeM2qN1xzybapC8G4wEGGkZwyTDt1v,USDC,6,2574810000,2574.81,1.00,2574.81,5000,success,fixture
U7pviqGLx3VHPxu6Vx8rtGEtpemPxnghUBg9sEuEt4dPbJfbBMnKKdJwZzku79qsT4Jxi9mx9GAnMvGqvkSYAdhJ,268332625,2026-04-26T20:57:30Z,7xKXtg2CW87d97TXJSDpbD5jBkheTqA83TZRuJosgAsU,Counterparty_20_8ba8f837,high,out,EPjFWdd5AufqSSqeM2qN1xzybapC8G4wEGGkZwyTDt1v,USDC,6,2574810000,2574.81,1.00,2574.81,5000,success,fixture
MJEehtwqSAVFooUQAzX6YCWCuxCDdYoCiK2LByCuSkfD5A5UGWiS7oa9oqt1f7RR28u1qvi39Gr6JAhf1s1s7bpu,268508542,2026-04-27T16:30:17Z,7xKXtg2CW87d97TXJSDpbD5jBkheTqA83TZRuJosgAsU,Counterparty_10_6d2d3cad,high,out,EPjFWdd5AufqSSqeM2qN1xzybapC8G4wEGGkZwyTDt1v,USDC,6,4662610000,4662.61,1.00,4662.61,5000,success,fixture
JbSbmZFg3yU9HSXAqaVfd5U2gv56L5Ev8ezqoGPjqfhuBuxEnT7FEXoTz1NCG3HMcZ7SNrvm2BQJqLYAH8g7UMi3,268622925,2026-04-28T05:12:50Z,7xKXtg2CW87d97TXJSDpbD5jBkheTqA83TZRuJosgAsU,Counterparty_27_b10f4db7,high,in,Es9vMFrzaCERmJfrF4H2FYD4KCoNkY11McCe8BenwNYB,USDT,6,9065030000,9065.03,1.00,9065.03,0,success,fixture
mqUHZq6mbuVsQrJk2GxSumJvyzZbA8PxndVYGaQJnSTAD9FU3RStWfrgaTKe59QeLduYwyjzC9p4HCfaRCBTdg91,268648367,2026-04-28T08:02:27Z,7xKXtg2CW87d97TXJSDpbD5jBkheTqA83TZRuJosgAsU,Counterparty_12_50e165e4,high,out,EPjFWdd5AufqSSqeM2qN1xzybapC8G4wEGGkZwyTDt1v,USDC,6,14967720000,14967.72,1.00,14967.72,5000,success,fixture
8wMwkFJfYRC7vYK5h2vqhFVP7L7RJcopTmRakdcCDgnWkxyDi9VaS3BtaKmgvrTEyQQPij25A5jfjtdt6HkeneP9,268675535,2026-04-28T11:03:34Z,7xKXtg2CW87d97TXJSDpbD5jBkheTqA83TZRuJosgAsU,Counterparty_10_6d2d3cad,high,in,Es9vMFrzaCERmJfrF4H2FYD4KCoNkY11McCe8BenwNYB,USDT,6,11138730000,11138.73,1.00,11138.73,0,success,fixture
wsFyGWzA7mbZQTpSTdNL6GBgXj5rMy4USuUATX2NQ8LGYyYSeESUwGKGgtBNBfMeRw6766sp1AbUYz6stmiA41XC,268759040,2026-04-28T20:20:16Z,7xKXtg2CW87d97TXJSDpbD5jBkheTqA83TZRuJosgAsU,Counterparty_01_7f31801c,high,in,EPjFWdd5AufqSSqeM2qN1xzybapC8G4wEGGkZwyTDt1v,USDC,6,12118860000,12118.86,1.00,12118.86,0,success,fixture
ikKiUpysGh7qk1Ybfwk3hXbUdvkpMVpR48ctraF1J7mkMhwJhKYLvYGGJmFQiviwfXGUqfX37jUZrQAvQvG5jtvm,268770812,2026-04-28T21:38:45Z,7xKXtg2CW87d97TXJSDpbD5jBkheTqA83TZRuJosgAsU,Counterparty_15_69842a97,high,out,EPjFWdd5AufqSSqeM2qN1xzybapC8G4wEGGkZwyTDt1v,USDC,6,234720000,234.72,1.00,234.72,5000,success,fixture
c1CeukoKHmuRyv9zYRGMo7yxKZWHewXh6Mj79kfNJQqtcfGobMFzhxFNZxjKdfhvfkgvq5UePFPqiifnNA9cnXik,268808355,2026-04-29T01:49:02Z,7xKXtg2CW87d97TXJSDpbD5jBkheTqA83TZRuJosgAsU,Counterparty_10_6d2d3cad,high,in,EPjFWdd5AufqSSqeM2qN1xzybapC8G4wEGGkZwyTDt1v,USDC,6,329730000,329.73,1.00,329.73,0,success,fixture
8Ds9GsY2QcdQWtc9gy65LSnoXaTrTud59Mi5VWkaP9yvrcheCr9UZx4v8aALBBMnFPazKw6HDhcJ9hLgb6ZiBeeA,268810750,2026-04-29T02:05:00Z,7xKXtg2CW87d97TXJSDpbD5jBkheTqA83TZRuJosgAsU,Counterparty_05_903bb13e,high,out,Es9vMFrzaCERmJfrF4H2FYD4KCoNkY11McCe8BenwNYB,USDT,6,19929430000,19929.43,1.00,19929.43,5000,success,fixture
oBjiGjXpv27Hko2ygPni4kVsit5Pir7ggRojhpFAF4iLYYANneT5m6QhifnPkkhwFFtrZrK6S9qkuekzr2UCcpqZ,268836922,2026-04-29T04:59:29Z,7xKXtg2CW87d97TXJSDpbD5jBkheTqA83TZRuJosgAsU,Counterparty_02_d11a6706,high,out,Es9vMFrzaCERmJfrF4H2FYD4KCoNkY11McCe8BenwNYB,USDT,6,23993520000,23993.52,1.00,23993.52,5000,success,fixture
1RmurX8dbPNkLS4hi6QbwN6vWqrKiDCc3RjDLmRz7hmPY6yhVpD93D2oeGYR5sbiLYbvtV23N4Nso3S8EtijaWkx,268945405,2026-04-29T17:02:42Z,7xKXtg2CW87d97TXJSDpbD5jBkheTqA83TZRuJosgAsU,Counterparty_27_b10f4db7,high,out,EPjFWdd5AufqSSqeM2qN1xzybapC8G4wEGGkZwyTDt1v,USDC,6,19084290000,19084.29,1.00,19084.29,5000,success,fixture
mi76LG6p4WNFxfZxwyxX6J7JwCUozK9eF2sRjtHoRy8KDZoDvzoZxp5TYLno9mbofvMLx4PbKjXHGcseKYyN9sZe,268985660,2026-04-29T21:31:04Z,7xKXtg2CW87d97TXJSDpbD5jBkheTqA83TZRuJosgAsU,Counterparty_15_69842a97,high,in,Es9vMFrzaCERmJfrF4H2FYD4KCoNkY11McCe8BenwNYB,USDT,6,11035770000,11035.77,1.00,11035.77,0,success,fixture
mc2jSyaJ7uLQWzdPPptxotsWDcx5NhUnVdfXi9a6PU6Di29shFwBsXxSEfz6SnhrgKrfYErudVSaWkmRQeTKwY7b,268986730,2026-04-29T21:38:12Z,7xKXtg2CW87d97TXJSDpbD5jBkheTqA83TZRuJosgAsU,Counterparty_25_a6c1ad8f,high,in,Es9vMFrzaCERmJfrF4H2FYD4KCoNkY11McCe8BenwNYB,USDT,6,15905450000,15905.45,1.00,15905.45,0,success,fixture
qcSEsb8G1DAptT9LkugaTL2gHSSQtuJdYV2rMFSLJtGuHdiNK797iWRB4zbi3w5mCxagGzHZBb12skeBu2PGwRM2,268997080,2026-04-29T22:47:12Z,7xKXtg2CW87d97TXJSDpbD5jBkheTqA83TZRuJosgAsU,Counterparty_09_a71f3d1a,high,out,EPjFWdd5AufqSSqeM2qN1xzybapC8G4wEGGkZwyTDt1v,USDC,6,17291540000,17291.54,1.00,17291.54,5000,success,fixture
J3eU7hdzhgVrhvP86tYMTEutKuJ4T4A83e7yRusxCUgTgTXBrrWsZmvvGECttCREYD5dTsaCLDTeZ5q9y33UXcmg,269040712,2026-04-30T03:38:05Z,7xKXtg2CW87d97TXJSDpbD5jBkheTqA83TZRuJosgAsU,Counterparty_14_829f4116,high,in,EPjFWdd5AufqSSqeM2qN1xzybapC8G4wEGGkZwyTDt1v,USDC,6,4051470000,4051.47,1.00,4051.47,0,success,fixture
odckWJu2PqJ5d5etwqeeLnymfbhMjs8w8XKBR6L9AzVL2KP6BvBakNwvwtZdirEiW2c84pGPVkJF6cd832LixeCH,269149827,2026-04-30T15:45:31Z,7xKXtg2CW87d97TXJSDpbD5jBkheTqA83TZRuJosgAsU,Counterparty_12_50e165e4,high,in,Es9vMFrzaCERmJfrF4H2FYD4KCoNkY11McCe8BenwNYB,USDT,6,4049190000,4049.19,1.00,4049.19,0,success,fixture
tQrhUvQcuARu2ZCwNCjTGzoXteHnrt5AyZxqaRUe76t9k9DstB5HhjBMxBtR67eYsibdtAvNtgxLSqqMVHhhJRQm,269153482,2026-04-30T16:09:53Z,7xKXtg2CW87d97TXJSDpbD5jBkheTqA83TZRuJosgAsU,Counterparty_06_de562439,high,in,EPjFWdd5AufqSSqeM2qN1xzybapC8G4wEGGkZwyTDt1v,USDC,6,10488350000,10488.35,1.00,10488.35,0,success,fixture
4tx7SJoF2jGh9fYWnJKirKFFrnAemLPkWaUYmioKyn4KwzXW9HhhqSoJgXAsxsptZEjrK7ds1TVhzsjx523fdVcK,269160745,2026-04-30T16:58:18Z,7xKXtg2CW87d97TXJSDpbD5jBkheTqA83TZRuJosgAsU,Counterparty_09_a71f3d1a,high,in,Es9vMFrzaCERmJfrF4H2FYD4KCoNkY11McCe8BenwNYB,USDT,6,5508740000,5508.74,1.00,5508.74,0,success,fixture
vxYj354UQDS3PKsoudY6CXdF6h3bAyRBiiXWMTwroffngp1Um2L8ZUguR1gQRSxv76upxcCcd9x6n2XMZULFQctG,269171242,2026-04-30T18:08:17Z,7xKXtg2CW87d97TXJSDpbD5jBkheTqA83TZRuJosgAsU,Counterparty_00_9d79b1a3,high,out,EPjFWdd5AufqSSqeM2qN1xzybapC8G4wEGGkZwyTDt1v,USDC,6,7414250000,7414.25,1.00,7414.25,5000,success,fixture
nFVpMACdvSpJaHh961dBCy9M6oHNPXehQvoDWi9FYST3J5KAULE4CgwX3b5FsYACecA82grDQhqALzjDfABfhQ36,269181902,2026-04-30T19:19:21Z,7xKXtg2CW87d97TXJSDpbD5jBkheTqA83TZRuJosgAsU,Counterparty_22_d1f65e81,high,out,Es9vMFrzaCERmJfrF4H2FYD4KCoNkY11McCe8BenwNYB,USDT,6,10114720000,10114.72,1.00,10114.72,5000,success,fixture
yL13wxmshp7Z5nxSVXZKZz5vUPCJHHjQHHU4ubEubyQm5XfgEVnsc71ikiqtojMGif8AbWZZjHxbpRtgdeUeaZrA,269253397,2026-05-01T03:15:59Z,7xKXtg2CW87d97TXJSDpbD5jBkheTqA83TZRuJosgAsU,Counterparty_28_89d35ea6,high,out,EPjFWdd5AufqSSqeM2qN1xzybapC8G4wEGGkZwyTDt1v,USDC,6,10129400000,10129.40,1.00,10129.40,5000,success,fixture
pmbw8cXSienpu94aCbyFt9G4Zwfby5Gbc6Nab6HHNc9uC3UYwvE9tsFmh6aAgV5Uohb6pqMWBkJwN23q1r2rjm2x,269271805,2026-05-01T05:18:42Z,7xKXtg2CW87d97TXJSDpbD5jBkheTqA83TZRuJosgAsU,Counterparty_25_a6c1ad8f,high,out,EPjFWdd5AufqSSqeM2qN1xzybapC8G4wEGGkZwyTDt1v,USDC,6,10667210000,10667.21,1.00,10667.21,5000,success,fixture
4HnFhVTU6GrTSBbi2Zst699khUa5PwxqdLrWzmHrWw1xPnF5vx63PkcEkrpG1xgUYDfVgZK97ce8pL9jUfFXToxP,269303455,2026-05-01T08:49:42Z,7xKXtg2CW87d97TXJSDpbD5jBkheTqA83TZRuJosgAsU,Counterparty_20_8ba8f837,high,in,Es9vMFrzaCERmJfrF4H2FYD4KCoNkY11McCe8BenwNYB,USDT,6,3502510000,3502.51,1.00,3502.51,0,success,fixture
vWKNW8LvmsVCVHkpWfD8ymiufb2V59GDUVZ7kAo7NPJtqBvFVGekeVVjm2Jk7HvmNbbzT6ESJDAGQdqy3SG9yZWV,269368472,2026-05-01T16:03:09Z,7xKXtg2CW87d97TXJSDpbD5jBkheTqA83TZRuJosgAsU,Counterparty_10_6d2d3cad,high,out,Es9vMFrzaCERmJfrF4H2FYD4KCoNkY11McCe8BenwNYB,USDT,6,23682640000,23682.64,1.00,23682.64,5000,success,fixture
b87FsEV4jHdJSBLvQML2VwYy11MFPMiZa9wEHco7j8rZ2jctCdipFaM4t9obJYXecqBNZYpPFW5QUrK7MywtGEp3,269403677,2026-05-01T19:57:51Z,7xKXtg2CW87d97TXJSDpbD5jBkheTqA83TZRuJosgAsU,Counterparty_14_829f4116,high,in,EPjFWdd5AufqSSqeM2qN1xzybapC8G4wEGGkZwyTDt1v,USDC,6,13734870000,13734.87,1.00,13734.87,0,success,fixture
x6g4dissxxpCKcXUzBG2tDfn55r7JusCb8rWcqQoCAbCGs1MwBrJZu2ZZz4S9B4XAw9GxfvQdsJWGWCn8nGBhfq3,269446102,2026-05-02T00:40:41Z,7xKXtg2CW87d97TXJSDpbD5jBkheTqA83TZRuJosgAsU,Counterparty_02_d11a6706,high,out,EPjFWdd5AufqSSqeM2qN1xzybapC8G4wEGGkZwyTDt1v,USDC,6,9511580000,9511.58,1.00,9511.58,5000,success,fixture
PSF2DzBZAUXDMjLxg1LVeuqbRQV7UvsZenUi96DArpsQ4aTCwbTbMRKhELVR4kkauxbCE2dBwQbVCafsihKSWyjE,269481905,2026-05-02T04:39:22Z,7xKXtg2CW87d97TXJSDpbD5jBkheTqA83TZRuJosgAsU,Counterparty_12_50e165e4,high,in,EPjFWdd5AufqSSqeM2qN1xzybapC8G4wEGGkZwyTDt1v,USDC,6,6730310000,6730.31,1.00,6730.31,0,success,fixture
1ggqgbUZf6foQ1XmcUYdSddfdEja7di8yzhdKcukWJR8CGj6fmj13AK6QN8YwMaqSzEzVENEDByX39ZruefSTUZU,269522235,2026-05-02T09:08:14Z,7xKXtg2CW87d97TXJSDpbD5jBkheTqA83TZRuJosgAsU,Counterparty_25_a6c1ad8f,high,out,EPjFWdd5AufqSSqeM2qN1xzybapC8G4wEGGkZwyTDt1v,USDC,6,17773950000,17773.95,1.00,17773.95,5000,success,fixture
xfsjg1WRWsUygg7Niks2WaNeD771fn5esvDzd9hZHPTXogVCG9t349LeUZiqPLeybrAAXLfNKQ1aejkA4GZuvcw4,269554850,2026-05-02T12:45:40Z,7xKXtg2CW87d97TXJSDpbD5jBkheTqA83TZRuJosgAsU,Counterparty_13_34249d8b,high,out,EPjFWdd5AufqSSqeM2qN1xzybapC8G4wEGGkZwyTDt1v,USDC,6,6665810000,6665.81,1.00,6665.81,5000,success,fixture
MSQGNBtJiGXrWqoeN3uVozTkQrrMWzFYyxHctptoPopAN5BBNupcvKTWsewh46jYtMrBwBwXeqhCgJdkqwUMyBEs,269640492,2026-05-02T22:16:37Z,7xKXtg2CW87d97TXJSDpbD5jBkheTqA83TZRuJosgAsU,Counterparty_19_5a69fc17,high,out,EPjFWdd5AufqSSqeM2qN1xzybapC8G4wEGGkZwyTDt1v,USDC,6,22337740000,22337.74,1.00,22337.74,5000,success,fixture
Gy4rqTNGDQysDynQgXMuejb2dStBZCon8fS1aYcYqhMhXZixcArmsXDWwUG4eXWFeiuZoGxUwRT2dYjdYZtMN1sy,269653917,2026-05-02T23:46:07Z,7xKXtg2CW87d97TXJSDpbD5jBkheTqA83TZRuJosgAsU,Counterparty_24_b30fcb06,high,in,Es9vMFrzaCERmJfrF4H2FYD4KCoNkY11McCe8BenwNYB,USDT,6,9679350000,9679.35,1.00,9679.35,0,success,fixture
CxCkSYf5q85uYZN8CPfnBkWCse5SfK9qA9ywfAPGbH5cVNsxXR6YSQkYBBjHxQvazuaxyGUU1YecEGjK4ZDoutDX,269740025,2026-05-03T09:20:10Z,7xKXtg2CW87d97TXJSDpbD5jBkheTqA83TZRuJosgAsU,Counterparty_16_9911036c,high,in,EPjFWdd5AufqSSqeM2qN1xzybapC8G4wEGGkZwyTDt1v,USDC,6,20924140000,20924.14,1.00,20924.14,0,success,fixture
NvNCUmB49fkJrcYHXZ88CcBSewjeDKpQ8VFdBt99eF6ViWZUNz1sGdiJkotwVQvqii4MMXmjYoXrwd6WLE59jLEL,269748605,2026-05-03T10:17:22Z,7xKXtg2CW87d97TXJSDpbD5jBkheTqA83TZRuJosgAsU,Counterparty_20_8ba8f837,high,out,EPjFWdd5AufqSSqeM2qN1xzybapC8G4wEGGkZwyTDt1v,USDC,6,8214640000,8214.64,1.00,8214.64,5000,success,fixture
Q6X6eeJjpmdVHN1w2fX4UJjH4tmXj5hCkMFtKT77MwwNhNCvyHh2s9VctkoC48Qc58F2zZizFfPD85rUhgMhkvt8,269763880,2026-05-03T11:59:12Z,7xKXtg2CW87d97TXJSDpbD5jBkheTqA83TZRuJosgAsU,Counterparty_11_b3669cbd,high,in,EPjFWdd5AufqSSqeM2qN1xzybapC8G4wEGGkZwyTDt1v,USDC,6,24860260000,24860.26,1.00,24860.26,0,success,fixture
WqXPcWCrQDW6Y93k8MFGF21DxCNRdtTJVqHz5DzG57P6fTZFgKbqsmLBATiUD6QLyE2eyvg2EiiLmd8G5PuRhNDw,269769395,2026-05-03T12:35:58Z,7xKXtg2CW87d97TXJSDpbD5jBkheTqA83TZRuJosgAsU,Counterparty_26_2906e732,high,out,EPjFWdd5AufqSSqeM2qN1xzybapC8G4wEGGkZwyTDt1v,USDC,6,16357110000,16357.11,1.00,16357.11,5000,success,fixture
P5sqrKxijCHJihxsghvnTSmGjf3r3o3HPEenc2JmxzocxqbtpTYhBvM7L1kdR8pV4deZVE5Yu1eZ8ySTbc7Fz2Fw,269772995,2026-05-03T12:59:58Z,7xKXtg2CW87d97TXJSDpbD5jBkheTqA83TZRuJosgAsU,Counterparty_20_8ba8f837,high,out,EPjFWdd5AufqSSqeM2qN1xzybapC8G4wEGGkZwyTDt1v,USDC,6,19850130000,19850.13,1.00,19850.13,5000,success,fixture
Zqc8pVsUbFQD9JXa6tvn81wj8sUA8fadxsXHrKTerD6Tcm6txyvmPkk5RKg8ng2Y4hJzJN8fmRKvdxCGp2RmU5wt,269812207,2026-05-03T17:21:23Z,7xKXtg2CW87d97TXJSDpbD5jBkheTqA83TZRuJosgAsU,Counterparty_19_5a69fc17,high,in,EPjFWdd5AufqSSqeM2qN1xzybapC8G4wEGGkZwyTDt1v,USDC,6,21504340000,21504.34,1.00,21504.34,0,success,fixture
bchVaBi5cbgEaLKVa7qqTrVUSGpyJyvt9p1bFLZm6CKCprSUKXJAouTLJw2HWicDrkqBqYfuUTGVfsiMa6kmcXVu,269814237,2026-05-03T17:34:55Z,7xKXtg2CW87d97TXJSDpbD5jBkheTqA83TZRuJosgAsU,Counterparty_27_b10f4db7,high,out,EPjFWdd5AufqSSqeM2qN1xzybapC8G4wEGGkZwyTDt1v,USDC,6,18662210000,18662.21,1.00,18662.21,5000,success,fixture
jcrseUVSkGPDsUYGQyksPnafT3Y4W99bbEJr6EFtPu7qDg15JD4fWwLBYhLgFUSwkFMXnrodTVruy5mJa2Dnrwzj,269826535,2026-05-03T18:56:54Z,7xKXtg2CW87d97TXJSDpbD5jBkheTqA83TZRuJosgAsU,Counterparty_00_9d79b1a3,high,out,EPjFWdd5AufqSSqeM2qN1xzybapC8G4wEGGkZwyTDt1v,USDC,6,15051860000,15051.86,1.00,15051.86,5000,success,fixture
dmmuotwSaiNqhCVsuUZwC2d7cic7BALsrRR8HyBrrb3ftY1B1fqvWen1fUkGPx7vvkMg55XNiEG8V49jwPzEGYfX,269905350,2026-05-04T03:42:20Z,7xKXtg2CW87d97TXJSDpbD5jBkheTqA83TZRuJosgAsU,Counterparty_00_9d79b1a3,high,out,EPjFWdd5AufqSSqeM2qN1xzybapC8G4wEGGkZwyTDt1v,USDC,6,10204820000,10204.82,1.00,10204.82,5000,success,fixture
MLkhfm28KPrdgTV2RfC5gNubVD1QHfaBJFcZprJjsGt4mAsxmkup5Wob8TXZx1RhRiJjFk8Nyiaexqqz47RiwHyr,269915000,2026-05-04T04:46:40Z,7xKXtg2CW87d97TXJSDpbD5jBkheTqA83TZRuJosgAsU,Counterparty_18_6ecaa007,high,out,Es9vMFrzaCERmJfrF4H2FYD4KCoNkY11McCe8BenwNYB,USDT,6,21531650000,21531.65,1.00,21531.65,5000,success,fixture
jooa1xxboDKhndi8CvEB8Rjk12QxfxnECHm5bF9kpqPCnVRBQAix3yB6F87UWdPoKBazpEByRYk27pq6SVZ88tUW,269915850,2026-05-04T04:52:20Z,7xKXtg2CW87d97TXJSDpbD5jBkheTqA83TZRuJosgAsU,Counterparty_25_a6c1ad8f,high,out,EPjFWdd5AufqSSqeM2qN1xzybapC8G4wEGGkZwyTDt1v,USDC,6,24245170000,24245.17,1.00,24245.17,5000,success,fixture
gEhELZjd6K49SeikRzF6MmPhPka4i2ZXQYrNWN7mE8ZqFpoc9DY4jpbJJHRbhM27jDhb6GZQnzkLw7cLCgFBSpJM,270026420,2026-05-04T17:09:28Z,7xKXtg2CW87d97TXJSDpbD5jBkheTqA83TZRuJosgAsU,Counterparty_14_829f4116,high,in,EPjFWdd5AufqSSqeM2qN1xzybapC8G4wEGGkZwyTDt1v,USDC,6,14806310000,14806.31,1.00,14806.31,0,success,fixture
LtsXzvDQkdVWrKrRZaTBuDtf9xH4iXxQc7nwaw8K6qBJVzZAvU6FuVyP2T4SZQGR6QF2M7vniNsA93KvXmv9qnXV,270062907,2026-05-04T21:12:43Z,7xKXtg2CW87d97TXJSDpbD5jBkheTqA83TZRuJosgAsU,Counterparty_19_5a69fc17,high,in,Es9vMFrzaCERmJfrF4H2FYD4KCoNkY11McCe8BenwNYB,USDT,6,722320000,722.32,1.00,722.32,0,success,fixture
A5g5juupFDo3JL97XfMELmbrPTHxPp1KLTBH2wrLkrqiKz7SE6UojnoqRrqKv7Y444FFVe2HvyVJt989p3UtxkS2,270067120,2026-05-04T21:40:48Z,7xKXtg2CW87d97TXJSDpbD5jBkheTqA83TZRuJosgAsU,Counterparty_11_b3669cbd,high,out,Es9vMFrzaCERmJfrF4H2FYD4KCoNkY11McCe8BenwNYB,USDT,6,956880000,956.88,1.00,956.88,5000,success,fixture
UQdXwJSRofrZRt5UEzJ96CNKQ2bm1dNvgLZ6uNCqSfAMsQdRSLwVC8wG1WxJ9GQrne8JCR8uK4jHibeDGszBTu8L,270126715,2026-05-05T04:18:06Z,7xKXtg2CW87d97TXJSDpbD5jBkheTqA83TZRuJosgAsU,Counterparty_24_b30fcb06,high,out,Es9vMFrzaCERmJfrF4H2FYD4KCoNkY11McCe8BenwNYB,USDT,6,7095910000,7095.91,1.00,7095.91,5000,success,fixture
qBuStzWRgxeiCHBVXGgnBFobxNiA39GkC2d7Hm15UgDFqtCaJK9ELYj5feaAyf1tkXNuMx6NvJmN9zR4VMUdmfg5,270138787,2026-05-05T05:38:35Z,7xKXtg2CW87d97TXJSDpbD5jBkheTqA83TZRuJosgAsU,Counterparty_06_de562439,high,out,SOL,SOL,9,12000000000,12.0000,,,5000,success,fixture
JCt39swv99kmFJgeb35zEoVUcFzTYPgp27XxVg5MAhLJuS8JK2gBEGrwP5WLwSQUyL9xtRu48cRGYq9RE5desqPp,270175465,2026-05-05T09:43:06Z,7xKXtg2CW87d97TXJSDpbD5jBkheTqA83TZRuJosgAsU,Counterparty_28_89d35ea6,high,out,EPjFWdd5AufqSSqeM2qN1xzybapC8G4wEGGkZwyTDt1v,USDC,6,20165810000,20165.81,1.00,20165.81,5000,success,fixture
734fLND5fowsznhJ99ERMptGBX6HyxXrmCikP1XRtADFu9rWQ3ejJLuyHZF6YrsjKpeywET1t5S6UnZXpsunRFp2,270222592,2026-05-05T14:57:17Z,7xKXtg2CW87d97TXJSDpbD5jBkheTqA83TZRuJosgAsU,Counterparty_29_8c088ab3,high,out,EPjFWdd5AufqSSqeM2qN1xzybapC8G4wEGGkZwyTDt1v,USDC,6,5429190000,5429.19,1.00,5429.19,5000,success,fixture
EuF4p98mnARo2mUQ4m7je5XvfxB2AQA6G51dvuTAqCXp9pamLXToNVsim1K8A4yi3fqCZB1SvUkyWcnvHdZLnFUB,270342155,2026-05-06T04:14:22Z,7xKXtg2CW87d97TXJSDpbD5jBkheTqA83TZRuJosgAsU,Counterparty_08_a96089bc,high,in,EPjFWdd5AufqSSqeM2qN1xzybapC8G4wEGGkZwyTDt1v,USDC,6,4200950000,4200.95,1.00,4200.95,0,success,fixture
DVioyAm4dmnJM5nSYSroV1SDThFj9wxstaUD1859ysuA2uv4zyokaKZJ9RuHrxbEEqEUwVkdR2sZBmbfSYoph6mE,270385615,2026-05-06T09:04:06Z,7xKXtg2CW87d97TXJSDpbD5jBkheTqA83TZRuJosgAsU,Counterparty_12_50e165e4,high,in,Es9vMFrzaCERmJfrF4H2FYD4KCoNkY11McCe8BenwNYB,USDT,6,21075860000,21075.86,1.00,21075.86,0,success,fixture
wdMCNXHXXXJGVhB6AFZJZWVQRzu5swg6cqdvaXNQYexjbwF9oCuf3hr24Me1MKPp8VFRMcQK3Mod5dFJLCKT9xjp,270397597,2026-05-06T10:23:59Z,7xKXtg2CW87d97TXJSDpbD5jBkheTqA83TZRuJosgAsU,Counterparty_27_b10f4db7,high,out,EPjFWdd5AufqSSqeM2qN1xzybapC8G4wEGGkZwyTDt1v,USDC,6,4514240000,4514.24,1.00,4514.24,5000,success,fixture
pqQuDcHj9MrU88vT7kMjqgdngLJpATsm6bJwuNMEVqryMbASa9oigQ4b7JwgeuwjL3CtD9DPcQeFuPZ4mEjphNyi,270497060,2026-05-06T21:27:04Z,7xKXtg2CW87d97TXJSDpbD5jBkheTqA83TZRuJosgAsU,Counterparty_05_903bb13e,high,out,EPjFWdd5AufqSSqeM2qN1xzybapC8G4wEGGkZwyTDt1v,USDC,6,11112030000,11112.03,1.00,11112.03,5000,success,fixture
28qJY5fpQeXdUxHhkXmu8QZod2wHBe4AMWym9PB4JQThP4KKah5ZDrhCq7fqBbMxMuwktLJkmmQ7bePuA19aKQrY,270531140,2026-05-07T01:14:16Z,7xKXtg2CW87d97TXJSDpbD5jBkheTqA83TZRuJosgAsU,Counterparty_13_34249d8b,high,out,Es9vMFrzaCERmJfrF4H2FYD4KCoNkY11McCe8BenwNYB,USDT,6,5442130000,5442.13,1.00,5442.13,5000,success,fixture
B5LgzNbV492Xzk47R46USCnfzehvmmVgPLNuDnqjtb6qqWd96utmW7WLkinrWXFFAxzgHQSCmjNsxyMWY25X8PXW,270537415,2026-05-07T01:56:06Z,7xKXtg2CW87d97TXJSDpbD5jBkheTqA83TZRuJosgAsU,Counterparty_27_b10f4db7,high,in,EPjFWdd5AufqSSqeM2qN1xzybapC8G4wEGGkZwyTDt1v,USDC,6,11523770000,11523.77,1.00,11523.77,0,success,fixture
KM4MB8fK1Mh1HX9qT2gXxidUBf5JPeYVGTR2dbqpMe8fc6VqLYoFRUQEgViaaPaVtLZpfkkPzixQV8G8thgbHHHs,270541500,2026-05-07T02:23:20Z,7xKXtg2CW87d97TXJSDpbD5jBkheTqA83TZRuJosgAsU,Counterparty_23_44e61d9a,high,out,Es9vMFrzaCERmJfrF4H2FYD4KCoNkY11McCe8BenwNYB,USDT,6,2214550000,2214.55,1.00,2214.55,5000,success,fixture
Yw1kVB5cQ3c99S5SGL3NKRKgZMg2q8XPBuL4m15WQQ2KejGMVc8K6AXY25vsoQGDyaYf9jbGveBf8AuGZk8oz6ic,270581482,2026-05-07T06:49:53Z,7xKXtg2CW87d97TXJSDpbD5jBkheTqA83TZRuJosgAsU,Counterparty_15_69842a97,high,out,Es9vMFrzaCERmJfrF4H2FYD4KCoNkY11McCe8BenwNYB,USDT,6,1583070000,1583.07,1.00,1583.07,5000,success,fixture
xn9rGEmW42Y7pkMau1s2eYx5Ji4cTDGCELEw2tqSNybrYKKymbmacDgyiBGWNfo1vdYCAawyMbvmAkQcNpJPMx8E,270599435,2026-05-07T08:49:34Z,7xKXtg2CW87d97TXJSDpbD5jBkheTqA83TZRuJosgAsU,Counterparty_19_5a69fc17,high,in,Es9vMFrzaCERmJfrF4H2FYD4KCoNkY11McCe8BenwNYB,USDT,6,13889030000,13889.03,1.00,13889.03,0,success,fixture
2yo2VBLWzSzRm1PrnE5vEgnXqaEWKXRRsofsFYXoXsCLrpCzHBXZLsm5CwbjYhTrs79qpZAU7BJvnegxvcWVfdfw,270659130,2026-05-07T15:27:32Z,7xKXtg2CW87d97TXJSDpbD5jBkheTqA83TZRuJosgAsU,Counterparty_09_a71f3d1a,high,out,SOL,SOL,9,37000000000,37.0000,,,5000,success,fixture
DHTzsMbRmWph9R4C7E5jZm2UnUpoTL4MhfydXhkLFh2aYoc1vmEVaCirNnvGV79TpyxaaY2Kz6NsMYbh7GhoVDn5,270693322,2026-05-07T19:15:29Z,7xKXtg2CW87d97TXJSDpbD5jBkheTqA83TZRuJosgAsU,Counterparty_09_a71f3d1a,high,in,SOL,SOL,9,12000000000,12.0000,,,0,success,fixture
yXYkewpYF1ghhN7nLhsS1VDxYC4L3GhCksL1KL27B5VcNUnhyxEziqLDS5JNQu36Bf2HG6BaUbxUUWVPRKSzgtuZ,270703200,2026-05-07T20:21:20Z,7xKXtg2CW87d97TXJSDpbD5jBkheTqA83TZRuJosgAsU,Counterparty_24_b30fcb06,high,out,EPjFWdd5AufqSSqeM2qN1xzybapC8G4wEGGkZwyTDt1v,USDC,6,8032260000,8032.26,1.00,8032.26,5000,success,fixture
jRWyjMf7TLJmhd8MDsAo8ci2z77D4aMy9E7PSvybrByGKCbHn1o9AyoypHSCSXv6hGrB19MGvqyHBGbUVt3uVXR2,270744435,2026-05-08T00:56:14Z,7xKXtg2CW87d97TXJSDpbD5jBkheTqA83TZRuJosgAsU,Counterparty_09_a71f3d1a,high,in,Es9vMFrzaCERmJfrF4H2FYD4KCoNkY11McCe8BenwNYB,USDT,6,24077250000,24077.25,1.00,24077.25,0,success,fixture
svdedAPWy1yeeyBZU81AaPhNqv7HGakwAMkNA1GCkxobqTNvd8bq8xvdswa3rPCawEtfry3wxND1UYFy1ojbFt4F,270788087,2026-05-08T05:47:15Z,7xKXtg2CW87d97TXJSDpbD5jBkheTqA83TZRuJosgAsU,Counterparty_17_f3e82208,high,out,EPjFWdd5AufqSSqeM2qN1xzybapC8G4wEGGkZwyTDt1v,USDC,6,3527940000,3527.94,1.00,3527.94,5000,success,fixture
VJUeZGE2SXiVjE2uSXmsyz8c9CpCTTywXdiJr6g2rZVZiZUNEZqNkftu3RXqEdTELkuBmZmgxwZqXS2pwMthMw2w,270801955,2026-05-08T07:19:42Z,7xKXtg2CW87d97TXJSDpbD5jBkheTqA83TZRuJosgAsU,Counterparty_21_18aa8f3b,high,out,EPjFWdd5AufqSSqeM2qN1xzybapC8G4wEGGkZwyTDt1v,USDC,6,4623170000,4623.17,1.00,4623.17,5000,success,fixture
sZKnWsNw5GpqHr3WkJg6ZxpM2Qmyby9jH4qPjMrJTnP594Sg2jhiU77gsoPreWEhVANGs1F8MbJRLFqfsHJzvq9c,270808747,2026-05-08T08:04:59Z,7xKXtg2CW87d97TXJSDpbD5jBkheTqA83TZRuJosgAsU,Counterparty_00_9d79b1a3,high,out,EPjFWdd5AufqSSqeM2qN1xzybapC8G4wEGGkZwyTDt1v,USDC,6,22145020000,22145.02,1.00,22145.02,5000,success,fixture
ZCbecp5tCnAisrFjxgRtuNVmpQwDqiYsqRJtKN8BhMRABA1byjEsJrTvHkJt9edkoR8Ea4V5ckyR3oUdetiDffHN,270818255,2026-05-08T09:08:22Z,7xKXtg2CW87d97TXJSDpbD5jBkheTqA83TZRuJosgAsU,Counterparty_02_d11a6706,high,in,SOL,SOL,9,47000000000,47.0000,,,0,success,fixture
jdT1R62HWss6xZdvp8v7uettg9oMwRjkfAyLoYTccjrEK53FH6J6Dq5a78wwch7L1N6mnFBMh8Vxej1LLV3ZQT1d,270848742,2026-05-08T12:31:37Z,7xKXtg2CW87d97TXJSDpbD5jBkheTqA83TZRuJosgAsU,Counterparty_23_44e61d9a,high,out,Es9vMFrzaCERmJfrF4H2FYD4KCoNkY11McCe8BenwNYB,USDT,6,12761580000,12761.58,1.00,12761.58,5000,success,fixture
ocCRg9cNN2VJENuv2dxPBqwchzatgQfJyXvhx1GdUtzfxUKMEMf7vxXSN3HW8tcaD13qeteNJ9cZWEJKpogiSjRa,270895130,2026-05-08T17:40:52Z,7xKXtg2CW87d97TXJSDpbD5jBkheTqA83TZRuJosgAsU,Counterparty_13_34249d8b,high,out,EPjFWdd5AufqSSqeM2qN1xzybapC8G4wEGGkZwyTDt1v,USDC,6,17758780000,17758.78,1.00,17758.78,5000,success,fixture
GKVgZP9eHhhZKKW1Ku8mmLQ3NjpREqDX3UfNi7w5a7eSi8DbiVwxQigPMdJBCda7jDGyiAK5gjgWwyWo66a1x7nm,270914992,2026-05-08T19:53:17Z,7xKXtg2CW87d97TXJSDpbD5jBkheTqA83TZRuJosgAsU,Counterparty_12_50e165e4,high,out,Es9vMFrzaCERmJfrF4H2FYD4KCoNkY11McCe8BenwNYB,USDT,6,15198370000,15198.37,1.00,15198.37,5000,success,fixture
8jAV7q39yRXRXBr2emuQVedCVz2YjdPyN6yQ5C9gLkSA8sjDhMKnss6PftY2gzeTBQwHDZJaz2YMzB4iGmLHVUN3,270920330,2026-05-08T20:28:52Z,7xKXtg2CW87d97TXJSDpbD5jBkheTqA83TZRuJosgAsU,Counterparty_08_a96089bc,high,out,SOL,SOL,9,47000000000,47.0000,,,5000,success,fixture
HNQFcpaCZXB1HVSXURRn3b9bbYLMnmuZV6oj94hXME5kvuEnRcQfD7Qrqn9S97ji3XvKnz6HsHF1hu81tR6JKPAe,270931925,2026-05-08T21:46:10Z,7xKXtg2CW87d97TXJSDpbD5jBkheTqA83TZRuJosgAsU,Counterparty_25_a6c1ad8f,high,out,EPjFWdd5AufqSSqeM2qN1xzybapC8G4wEGGkZwyTDt1v,USDC,6,10123450000,10123.45,1.00,10123.45,5000,success,fixture
JVH15joyNciTuTaxwKduBVtBQHNwrBxaDvtoxuAJ2uw9D3apezo59BypeKDgV7pM374AvyjGdL8Lj9kme44ydL38,270983122,2026-05-09T03:27:29Z,7xKXtg2CW87d97TXJSDpbD5jBkheTqA83TZRuJosgAsU,Counterparty_14_829f4116,high,out,Es9vMFrzaCERmJfrF4H2FYD4KCoNkY11McCe8BenwNYB,USDT,6,8626790000,8626.79,1.00,8626.79,5000,success,fixture
fio4ptBtqF4XuyX8ysLiRuNk3ikAcU1v55ZGVTvg53Z5szzbnfb7miqFXa4883KW1ZiiJJmsHHMwyFrvk9PSX96u,271009045,2026-05-09T06:20:18Z,7xKXtg2CW87d97TXJSDpbD5jBkheTqA83TZRuJosgAsU,Counterparty_29_8c088ab3,high,out,EPjFWdd5AufqSSqeM2qN1xzybapC8G4wEGGkZwyTDt1v,USDC,6,22391420000,22391.42,1.00,22391.42,5000,success,fixture
7DoeYNP9jiG7Kg5zDMYVNgjLmeAddQtMUB1MGsFnpiUJvQ9koNyXWVPrLYc7Cif6vJwu9zbDHoyh5o5z2wZh2uee,271029200,2026-05-09T08:34:40Z,7xKXtg2CW87d97TXJSDpbD5jBkheTqA83TZRuJosgAsU,Counterparty_12_50e165e4,high,out,EPjFWdd5AufqSSqeM2qN1xzybapC8G4wEGGkZwyTDt1v,USDC,6,1301700000,1301.70,1.00,1301.70,5000,success,fixture
kL6jbFCZzr5x6wtsGxVh9JpkkJrYnfunBreWpnMd6nwJvLadL2y1djLRNwqxbHzSGyseAipKcpvtZYc2iXqGXSjh,271080170,2026-05-09T14:14:28Z,7xKXtg2CW87d97TXJSDpbD5jBkheTqA83TZRuJosgAsU,Counterparty_21_18aa8f3b,high,out,EPjFWdd5AufqSSqeM2qN1xzybapC8G4wEGGkZwyTDt1v,USDC,6,8444730000,8444.73,1.00,8444.73,5000,success,fixture
tBtLdQtTCdu8XjdSLL8U1GDqCbcZ1X12M6m3CaYLNk6A2AkBoniq16oyYQLQJ5SJaYg9jxm54xyJST9xWMip2r7P,271105595,2026-05-09T17:03:58Z,7xKXtg2CW87d97TXJSDpbD5jBkheTqA83TZRuJosgAsU,Counterparty_05_903bb13e,high,out,Es9vMFrzaCERmJfrF4H2FYD4KCoNkY11McCe8BenwNYB,USDT,6,18815570000,18815.57,1.00,18815.57,5000,success,fixture
CX3eZGfTqNKpuwayheyLhDkqEsqZi1oQEzTFHVsh6mRYZ3HrurVijtc4PhktmLHPs9eBQZCHe7Kb1cVHMdC7iZdD,271149080,2026-05-09T21:53:52Z,7xKXtg2CW87d97TXJSDpbD5jBkheTqA83TZRuJosgAsU,Counterparty_03_fb40d6bd,high,out,EPjFWdd5AufqSSqeM2qN1xzybapC8G4wEGGkZwyTDt1v,USDC,6,17180610000,17180.61,1.00,17180.61,5000,success,fixture
7ptDv13owgEBB2TKSC2TiUYCgZGTr6ehLn6ox2CwZmjmCfSDoqZk1CULqfxipAvyrc4F5P7hyBBpUMisa6msVWCe,271153317,2026-05-09T22:22:07Z,7xKXtg2CW87d97TXJSDpbD5jBkheTqA83TZRuJosgAsU,Counterparty_20_8ba8f837,high,out,EPjFWdd5AufqSSqeM2qN1xzybapC8G4wEGGkZwyTDt1v,USDC,6,15442670000,15442.67,1.00,15442.67,5000,success,fixture
4y74vWQxCcVnufgXB9xyNXsojnM49CNgGznt8jByqCXBQJyKkrdtQMh1Gk1VdMb9NHsUXVAGgRVjYaDd1VMz6TDb,271154547,2026-05-09T22:30:19Z,7xKXtg2CW87d97TXJSDpbD5jBkheTqA83TZRuJosgAsU,Counterparty_00_9d79b1a3,high,out,EPjFWdd5AufqSSqeM2qN1xzybapC8G4wEGGkZwyTDt1v,USDC,6,13349960000,13349.96,1.00,13349.96,5000,success,fixture
KsAonxpX8keVKNE5xKQeQP1c44Ahgz2UoePLXDMUH9tVm9eHETh63sg2daBHM4ia8HnUjLV3AvDT1VK8Y4sU1BCQ,271183030,2026-05-10T01:40:12Z,7xKXtg2CW87d97TXJSDpbD5jBkheTqA83TZRuJosgAsU,Counterparty_05_903bb13e,high,out,EPjFWdd5AufqSSqeM2qN1xzybapC8G4wEGGkZwyTDt1v,USDC,6,6724840000,6724.84,1.00,6724.84,5000,success,fixture
JBu4FxoS4XbrNKpbtDD1dQZYAzGmcESbni1U4s6xHNVfAF9SY5JpjbNZn7ghW17Q3o7dUYfwXj92g9P5d938wcAc,271211630,2026-05-10T04:50:52Z,7xKXtg2CW87d97TXJSDpbD5jBkheTqA83TZRuJosgAsU,Counterparty_23_44e61d9a,high,out,EPjFWdd5AufqSSqeM2qN1xzybapC8G4wEGGkZwyTDt1v,USDC,6,7907290000,7907.29,1.00,7907.29,5000,success,fixture
fKzUyf92cQTJdnv48xDAHgQqx6dEQ4uiyx157zNKS8XPszanmzni4by4EaoZdhqop3KHh54K4JG5PSRzZN5kEvND,271239500,2026-05-10T07:56:40Z,7xKXtg2CW87d97TXJSDpbD5jBkheTqA83TZRuJosgAsU,Counterparty_16_9911036c,high,out,Es9vMFrzaCERmJfrF4H2FYD4KCoNkY11McCe8BenwNYB,USDT,6,9092650000,9092.65,1.00,9092.65,5000,success,fixture
c6MmBYVm75PpBYMm1WhoEqU6wuGC3L4txvSvGrBvBDRCiZ7ivnpetuWdgx6t7s6E2XFTR6tqrfnSWz8eVeUsfVa5,271313050,2026-05-10T16:07:00Z,7xKXtg2CW87d97TXJSDpbD5jBkheTqA83TZRuJosgAsU,Counterparty_12_50e165e4,high,in,EPjFWdd5AufqSSqeM2qN1xzybapC8G4wEGGkZwyTDt1v,USDC,6,16145120000,16145.12,1.00,16145.12,0,success,fixture
Rni67ewZG4qdWQtLCorLxYEourjabwiqNnCGYojXKckvoYW14Xccy8hANGCN7B6qiorcv2cBqBSXde4gTjSTo2Ab,271355600,2026-05-10T20:50:40Z,7xKXtg2CW87d97TXJSDpbD5jBkheTqA83TZRuJosgAsU,Counterparty_13_34249d8b,high,out,Es9vMFrzaCERmJfrF4H2FYD4KCoNkY11McCe8BenwNYB,USDT,6,6760700000,6760.70,1.00,6760.70,5000,success,fixture
fnz8gAonRMjeN8XEFSiRULc8JF6EsVzH2qp1m6db4y8u71zTGcBCJvJGBRPrHduoM6jZfhjZ8ieYZijNwM5Vf8PK,271541080,2026-05-11T17:27:12Z,7xKXtg2CW87d97TXJSDpbD5jBkheTqA83TZRuJosgAsU,Counterparty_27_b10f4db7,high,in,EPjFWdd5AufqSSqeM2qN1xzybapC8G4wEGGkZwyTDt1v,USDC,6,18386050000,18386.05,1.00,18386.05,0,success,fixture
oipy6vU8sDdHLgZbwsGmt4QdXEqUJpmrCJZj3fSCkKJ1TE2sTj9JJWfshM7FF2nMF5gKonfuWeThfNbRXc1NNMPu,271546810,2026-05-11T18:05:24Z,7xKXtg2CW87d97TXJSDpbD5jBkheTqA83TZRuJosgAsU,Counterparty_14_829f4116,high,in,EPjFWdd5AufqSSqeM2qN1xzybapC8G4wEGGkZwyTDt1v,USDC,6,24432630000,24432.63,1.00,24432.63,0,success,fixture
yBQp2UtLA3WTnybwFS9vhPESTyTWoVVRWQNMjS9oaEGEnDdDxojsgQzWcxqsTQiLESAX7biVLzvrxgT4DENcyBjR,271576417,2026-05-11T21:22:47Z,7xKXtg2CW87d97TXJSDpbD5jBkheTqA83TZRuJosgAsU,Counterparty_29_8c088ab3,high,out,EPjFWdd5AufqSSqeM2qN1xzybapC8G4wEGGkZwyTDt1v,USDC,6,14615030000,14615.03,1.00,14615.03,5000,success,fixture
dJf3q9AaK2FyQdQnKLnBdhLXnVkKAptm9AfKwRHhF2wEeLAe1HQoZpxaSXgzBPiAewZMaQRxYiBxaXCXzR1j5NFL,271636045,2026-05-12T04:00:18Z,7xKXtg2CW87d97TXJSDpbD5jBkheTqA83TZRuJosgAsU,Counterparty_06_de562439,high,in,EPjFWdd5AufqSSqeM2qN1xzybapC8G4wEGGkZwyTDt1v,USDC,6,20043990000,20043.99,1.00,20043.99,0,success,fixture
Ruz84DGqfeGYZqZR8J4MWcT5X2ThFy2Jcek7Gqcis9LdTV6whZEsAQbBsGbUcV31uWvgKiB14XJfHvkRPvhEevZK,271637095,2026-05-12T04:07:18Z,7xKXtg2CW87d97TXJSDpbD5jBkheTqA83TZRuJosgAsU,Counterparty_01_7f31801c,high,in,Es9vMFrzaCERmJfrF4H2FYD4KCoNkY11McCe8BenwNYB,USDT,6,18551080000,18551.08,1.00,18551.08,0,success,fixture
mc6MkXdU7extJy9DrZ4Cp5CHMtmbAHwrXp1Z2pY3eCWaisQVJoDTmKBNJCkLkW4CRgy7hMusjKSSUfh9x1XrmCdW,271659900,2026-05-12T06:39:20Z,7xKXtg2CW87d97TXJSDpbD5jBkheTqA83TZRuJosgAsU,Counterparty_04_57526846,high,in,Es9vMFrzaCERmJfrF4H2FYD4KCoNkY11McCe8BenwNYB,USDT,6,7816890000,7816.89,1.00,7816.89,0,success,fixture
RUeFW4UXhNULK2Eh6JZCC85goHtNqmYC2yxPQMFB7StppirrycvMyuPM1ARufKtQ1PauEoS4WBAcZKsedDeAsoub,271680552,2026-05-12T08:57:01Z,7xKXtg2CW87d97TXJSDpbD5jBkheTqA83TZRuJosgAsU,Counterparty_20_8ba8f837,high,out,Es9vMFrzaCERmJfrF4H2FYD4KCoNkY11McCe8BenwNYB,USDT,6,23423520000,23423.52,1.00,23423.52,5000,success,fixture
LRo3yLiCzAVTFwhLRu27g6NG1QYopthEoLYwAHGPcT6YTbBBMq7pk9uWjCSV1ZSwTntRPmsSAw9J5gyVyTwbVZww,271688645,2026-05-12T09:50:58Z,7xKXtg2CW87d97TXJSDpbD5jBkheTqA83TZRuJosgAsU,Counterparty_08_a96089bc,high,out,EPjFWdd5AufqSSqeM2qN1xzybapC8G4wEGGkZwyTDt1v,USDC,6,15405100000,15405.10,1.00,15405.10,5000,success,fixture
jd85kkHy3xUQiJYSP7CUXkhtioJfz2WPtFP7DZGHQTBudEFLjfMUwN7NmbAAnyEw4fuLYS3NdUVTpuQjqU6BJdck,271739430,2026-05-12T15:29:32Z,7xKXtg2CW87d97TXJSDpbD5jBkheTqA83TZRuJosgAsU,Counterparty_06_de562439,high,in,Es9vMFrzaCERmJfrF4H2FYD4KCoNkY11McCe8BenwNYB,USDT,6,9882330000,9882.33,1.00,9882.33,0,success,fixture
Xk4oj4T4ssGdaw54VdrP7SDN95Hhqp6pC1BBKh7YNS5RZ3zfNUHjv6aoNJ8DEkDUSQot19aNft5NzUmqyMc8Vig7,271742267,2026-05-12T15:48:27Z,7xKXtg2CW87d97TXJSDpbD5jBkheTqA83TZRuJosgAsU,Counterparty_21_18aa8f3b,high,out,Es9vMFrzaCERmJfrF4H2FYD4KCoNkY11McCe8BenwNYB,USDT,6,18083210000,18083.21,1.00,18083.21,5000,success,fixture
4hXeBd4jKtpg2KY69Z5wsJH9gJJwH1p8fCepAjVQtCHsmGYCtax3N6AfuAvYqTrRGjVohBEdovP4iHqu84BWSXLX,271847552,2026-05-13T03:30:21Z,7xKXtg2CW87d97TXJSDpbD5jBkheTqA83TZRuJosgAsU,Counterparty_23_44e61d9a,high,out,EPjFWdd5AufqSSqeM2qN1xzybapC8G4wEGGkZwyTDt1v,USDC,6,22497900000,22497.90,1.00,22497.90,5000,success,fixture
bzbXirAQSFzreowK9WZZ6SQZ1jGwtgkBqZ9VBCddjxApoXP3FqYF5HQF3jEasQRXWy33iM7nahvJvpHebdCRiRQe,271862080,2026-05-13T05:07:12Z,7xKXtg2CW87d97TXJSDpbD5jBkheTqA83TZRuJosgAsU,Counterparty_20_8ba8f837,high,in,EPjFWdd5AufqSSqeM2qN1xzybapC8G4wEGGkZwyTDt1v,USDC,6,12431280000,12431.28,1.00,12431.28,0,success,fixture
nsQttHUQQzGMbP5m9MxumGsbe97sZnXbM7tufFoPnmicuFWJdv4WgVYeU5B2cVci4zPXxnA5kP5oJdHzo2nfYUnq,271935560,2026-05-13T13:17:04Z,7xKXtg2CW87d97TXJSDpbD5jBkheTqA83TZRuJosgAsU,Counterparty_04_57526846,high,out,EPjFWdd5AufqSSqeM2qN1xzybapC8G4wEGGkZwyTDt1v,USDC,6,14914390000,14914.39,1.00,14914.39,5000,success,fixture
iQmG4j8WLBSkZzynrLm8hKQgFF9XAWpfQTmcXqbtjuEqGkqfxs6aVanQ5d84vczZDdbABMwaV8kEneY6zZVt4W9Z,271940667,2026-05-13T13:51:07Z,7xKXtg2CW87d97TXJSDpbD5jBkheTqA83TZRuJosgAsU,Counterparty_13_34249d8b,high,out,EPjFWdd5AufqSSqeM2qN1xzybapC8G4wEGGkZwyTDt1v,USDC,6,18410590000,18410.59,1.00,18410.59,5000,success,fixture
bxHrSXDMVqH9AEEmAABnZ2h7qfKHAPcjwpdAnujkhxCCoPS4RCuygNEQi4zRGvzhsoXxtG5wi8b4JSksYJ7uG1Yj,271989760,2026-05-13T19:18:24Z,7xKXtg2CW87d97TXJSDpbD5jBkheTqA83TZRuJosgAsU,Counterparty_10_6d2d3cad,high,in,Es9vMFrzaCERmJfrF4H2FYD4KCoNkY11McCe8BenwNYB,USDT,6,10090980000,10090.98,1.00,10090.98,0,success,fixture
NBmDrWqQdWmfQFw8diuCS34gnbU39xWPuYKjMHtJhe93MKpcfKmKNFZ68c2hc8ncfRPhPaEKyvwKqNSSBxBfskQA,272002672,2026-05-13T20:44:29Z,7xKXtg2CW87d97TXJSDpbD5jBkheTqA83TZRuJosgAsU,Counterparty_03_fb40d6bd,high,out,Es9vMFrzaCERmJfrF4H2FYD4KCoNkY11McCe8BenwNYB,USDT,6,1814400000,1814.40,1.00,1814.40,5000,success,fixture
5DDDWF69MPnBDPS7Wb6W1EwzBk76fB1R8FqUGuZjM9WYbdPR8DEV5zjbKLHe4oBxeM4AxSKZ3u7UJK4GVEkHv7SX,272045182,2026-05-14T01:27:53Z,7xKXtg2CW87d97TXJSDpbD5jBkheTqA83TZRuJosgAsU,Counterparty_17_f3e82208,high,in,Es9vMFrzaCERmJfrF4H2FYD4KCoNkY11McCe8BenwNYB,USDT,6,15278940000,15278.94,1.00,15278.94,0,success,fixture
Msr4vucdU2ktXs5zpwEYwrRRtW1jxcy4Rq1U4Nny4nTK2P76bFCcoJ2ump7jKoJ3Wg2JDadyquDMF7WDpAxKU7Pz,272053215,2026-05-14T02:21:26Z,7xKXtg2CW87d97TXJSDpbD5jBkheTqA83TZRuJosgAsU,Counterparty_21_18aa8f3b,high,out,EPjFWdd5AufqSSqeM2qN1xzybapC8G4wEGGkZwyTDt1v,USDC,6,9612830000,9612.83,1.00,9612.83,5000,success,fixture
j2BbngymJzLEcpa9RveVSdJ8GkRRYJrbaUvZfeSfx1arXaUFd6L8bmGMe3pozgKg4kKsKHWJCW4V9QLJNoAXcT54,272143585,2026-05-14T12:23:54Z,7xKXtg2CW87d97TXJSDpbD5jBkheTqA83TZRuJosgAsU,Counterparty_19_5a69fc17,high,out,EPjFWdd5AufqSSqeM2qN1xzybapC8G4wEGGkZwyTDt1v,USDC,6,21373200000,21373.20,1.00,21373.20,5000,success,fixture
ZYHzw46hUvJ31Nr9hHBpVcnUc185ymzAb3vQecAU93LQzsx3zPEkGj7PrcyxTgpAGxBttCyT2CpNsTtjxptGJBsm,272144572,2026-05-14T12:30:29Z,7xKXtg2CW87d97TXJSDpbD5jBkheTqA83TZRuJosgAsU,Counterparty_03_fb40d6bd,high,out,Es9vMFrzaCERmJfrF4H2FYD4KCoNkY11McCe8BenwNYB,USDT,6,15523280000,15523.28,1.00,15523.28,5000,success,fixture
pmgcKAQ3wWgSqRgfuhqVZyHB34i5K6JvJ9HS1iXFvYBGnwbU5nPeQBanvMpfnxfJWMjXmUEzqzYmqfZBeF2NMYXd,272168865,2026-05-14T15:12:26Z,7xKXtg2CW87d97TXJSDpbD5jBkheTqA83TZRuJosgAsU,Counterparty_15_69842a97,high,out,Es9vMFrzaCERmJfrF4H2FYD4KCoNkY11McCe8BenwNYB,USDT,6,21114680000,21114.68,1.00,21114.68,5000,success,fixture
eCmyJHswH2npSUzz6wPdhCm994yeYuRmkJubR5cDpcBPtyNme8KFCt5s8nXBJPRp4rP5ZC4ah3cT8tVZ1aY8DNFa,272195452,2026-05-14T18:09:41Z,7xKXtg2CW87d97TXJSDpbD5jBkheTqA83TZRuJosgAsU,Counterparty_22_d1f65e81,high,out,EPjFWdd5AufqSSqeM2qN1xzybapC8G4wEGGkZwyTDt1v,USDC,6,6530190000,6530.19,1.00,6530.19,5000,success,fixture
Az4yzmPW4pFUQdrQeCMX2YoCsyXvipdBf1mHnUpdpgbqyt5zyyv5oVA6iFX4CmUo5RY6RmXCuY4AAoK63sBTB72b,272241347,2026-05-14T23:15:39Z,7xKXtg2CW87d97TXJSDpbD5jBkheTqA83TZRuJosgAsU,Counterparty_06_de562439,high,in,EPjFWdd5AufqSSqeM2qN1xzybapC8G4wEGGkZwyTDt1v,USDC,6,6215020000,6215.02,1.00,6215.02,0,success,fixture
uA54BsLfpudKV8WmLmSJZbYV6f3yUpMfH26Fkvxde2qkuJd3qqCXaiVJCeUhuY6XPTNMj7wBNTmYKjSuqc3W6MHM,272282865,2026-05-15T03:52:26Z,7xKXtg2CW87d97TXJSDpbD5jBkheTqA83TZRuJosgAsU,Counterparty_03_fb40d6bd,high,out,Es9vMFrzaCERmJfrF4H2FYD4KCoNkY11McCe8BenwNYB,USDT,6,137840000,137.84,1.00,137.84,5000,success,fixture
FK5oRRxFbBTWVqQseV9WVW8idZmJT2PDmLSoNhVKzqq4gRsbFHmibUshfZY7UmKqSsBg9d6qYXqDRr2MGquf1b56,272347752,2026-05-15T11:05:01Z,7xKXtg2CW87d97TXJSDpbD5jBkheTqA83TZRuJosgAsU,Counterparty_25_a6c1ad8f,high,in,EPjFWdd5AufqSSqeM2qN1xzybapC8G4wEGGkZwyTDt1v,USDC,6,15898890000,15898.89,1.00,15898.89,0,success,fixture
RGWB8TCyoSSo2EADMZL5bs1CgMPjgedYWrFoWsdDfvPYweMqP5diuAHoVJk655XkESW1EnaUAPSiWxU77BQcKowB,272351162,2026-05-15T11:27:45Z,7xKXtg2CW87d97TXJSDpbD5jBkheTqA83TZRuJosgAsU,Counterparty_06_de562439,high,in,EPjFWdd5AufqSSqeM2qN1xzybapC8G4wEGGkZwyTDt1v,USDC,6,572690000,572.69,1.00,572.69,0,success,fixture
fdgFfFFk2P6mrX9ZwfXniQCwRYX9BDF3Tq1JTFpjDqE5CVxgYmMxWyGUSr3fpuRoMSgpdfbaiyns3a7VWuy3yGab,272386057,2026-05-15T15:20:23Z,7xKXtg2CW87d97TXJSDpbD5jBkheTqA83TZRuJosgAsU,Counterparty_12_50e165e4,high,out,EPjFWdd5AufqSSqeM2qN1xzybapC8G4wEGGkZwyTDt1v,USDC,6,12794660000,12794.66,1.00,12794.66,5000,success,fixture
xpK9FyMr3SbaLEqeGetFjvutgR2SmAxUDbnAFg8f9eKXmpZkjXJPsHtQTnknt1xDj8ihvbTZzuRQeCXfufyLa8uh,272493027,2026-05-16T03:13:31Z,7xKXtg2CW87d97TXJSDpbD5jBkheTqA83TZRuJosgAsU,Counterparty_05_903bb13e,high,out,Es9vMFrzaCERmJfrF4H2FYD4KCoNkY11McCe8BenwNYB,USDT,6,9761410000,9761.41,1.00,9761.41,5000,success,fixture
gnf5iiR6Qg3CscVgmcyATiC9MNNVyLyr7gHoPhw3ahg3UR2FTFJ1ei6nqRy6TdE8GzxDGRDKMssCb2JjFDCpqRHJ,272506030,2026-05-16T04:40:12Z,7xKXtg2CW87d97TXJSDpbD5jBkheTqA83TZRuJosgAsU,Counterparty_08_a96089bc,high,out,Es9vMFrzaCERmJfrF4H2FYD4KCoNkY11McCe8BenwNYB,USDT,6,3223510000,3223.51,1.00,3223.51,5000,success,fixture
vh47kNAWG7n8qWCuCSL5HYxNTds1y1h5aJ9gtFENgapJVtLBBdbhGvsqiqMgTkTmXsXt6PGxf2sBBUrBpLWorGSM,272517545,2026-05-16T05:56:58Z,7xKXtg2CW87d97TXJSDpbD5jBkheTqA83TZRuJosgAsU,Counterparty_00_9d79b1a3,high,in,Es9vMFrzaCERmJfrF4H2FYD4KCoNkY11McCe8BenwNYB,USDT,6,4794770000,4794.77,1.00,4794.77,0,success,fixture
BKqcxwJAjj2BmJGtvqQ1mfLVTPmz68jpZUj5NTJ1gtdK7LYPDgbgn5zDW3MLvh9LvM6khg4ZuCRx5jzur52iDMRM,272519677,2026-05-16T06:11:11Z,7xKXtg2CW87d97TXJSDpbD5jBkheTqA83TZRuJosgAsU,Counterparty_19_5a69fc17,high,out,EPjFWdd5AufqSSqeM2qN1xzybapC8G4wEGGkZwyTDt1v,USDC,6,19036750000,19036.75,1.00,19036.75,5000,success,fixture
E56RB54njmSPxwq6LmgHvWEsgSoQksKpD62NPVY5j3Ek4jrAWNdT3chbeqNcRgVfDNxaLEHzBD7HdJrNBp7BPnxc,272530342,2026-05-16T07:22:17Z,7xKXtg2CW87d97TXJSDpbD5jBkheTqA83TZRuJosgAsU,Counterparty_13_34249d8b,high,in,EPjFWdd5AufqSSqeM2qN1xzybapC8G4wEGGkZwyTDt1v,USDC,6,21159970000,21159.97,1.00,21159.97,0,success,fixture
r42tfgkZ8BvoxgVn8se9jmwsiCaaVwzLo5NnexzHgAtPHhDLnNu3ASUHiCXGbnUhfwSvUzJc5y63N5rBdho9myWA,272556135,2026-05-16T10:14:14Z,7xKXtg2CW87d97TXJSDpbD5jBkheTqA83TZRuJosgAsU,Counterparty_26_2906e732,high,out,EPjFWdd5AufqSSqeM2qN1xzybapC8G4wEGGkZwyTDt1v,USDC,6,24214540000,24214.54,1.00,24214.54,5000,success,fixture
9nVo1F6A1YENTLstYQWms3N6vqA4JrS5bXCDzvHuRv18rnGRrVGp3DWpr7ajEXRkLMBho3pca8HXhLDQy4xjE8Gh,272581722,2026-05-16T13:04:49Z,7xKXtg2CW87d97TXJSDpbD5jBkheTqA83TZRuJosgAsU,Counterparty_13_34249d8b,high,out,EPjFWdd5AufqSSqeM2qN1xzybapC8G4wEGGkZwyTDt1v,USDC,6,9147740000,9147.74,1.00,9147.74,5000,success,fixture
5UsbCTjmQeY34VEB8t9V5jo96tP8rgtVyi2fvSqAWF7sUXEvHdgAcvHAUYaTp6uVZwJ1MLbPi892T79pRZuXyGX1,272719775,2026-05-17T04:25:10Z,7xKXtg2CW87d97TXJSDpbD5jBkheTqA83TZRuJosgAsU,Counterparty_03_fb40d6bd,high,out,EPjFWdd5AufqSSqeM2qN1xzybapC8G4wEGGkZwyTDt1v,USDC,6,22291640000,22291.64,1.00,22291.64,5000,success,fixture
EXjTvXjtEkJbs7K3udbtmH6o45xUYfE35Hb67S1Keinejj6r24wLizBz3AacvyTwT8Sb3p5ygf3GKA8wrDHZzpNL,272808360,2026-05-17T14:15:44Z,7xKXtg2CW87d97TXJSDpbD5jBkheTqA83TZRuJosgAsU,Counterparty_17_f3e82208,high,out,Es9vMFrzaCERmJfrF4H2FYD4KCoNkY11McCe8BenwNYB,USDT,6,2063260000,2063.26,1.00,2063.26,5000,success,fixture
fBbcxKu3spsdSfrTMYFakyNFhWMv7CA1Y96uwMsdkbh4NR1CCAJYi3FBim6GswowDWbyy24RbL1gkTJAduFcwQMQ,272862805,2026-05-17T20:18:42Z,7xKXtg2CW87d97TXJSDpbD5jBkheTqA83TZRuJosgAsU,Counterparty_01_7f31801c,high,out,Es9vMFrzaCERmJfrF4H2FYD4KCoNkY11McCe8BenwNYB,USDT,6,6288220000,6288.22,1.00,6288.22,5000,success,fixture
jy1r9bisBTuPtuirUNCdFjRXQRCWQqHNkuH1FrLehZqdGfVQgPNGSjLhBCk4weHV3NHyHYxSPZynmDgjrnw15coi,272862835,2026-05-17T20:18:54Z,7xKXtg2CW87d97TXJSDpbD5jBkheTqA83TZRuJosgAsU,Counterparty_14_829f4116,high,out,Es9vMFrzaCERmJfrF4H2FYD4KCoNkY11McCe8BenwNYB,USDT,6,19979210000,19979.21,1.00,19979.21,5000,success,fixture
4wcbFmiGx7bGb28SepDJXTe5t9ivsEYYfsGhgct16rkyBBt25RE7ZqQC21hAGe7QAE5DGuuShqkEk5Kr1ecC6BY3,272906995,2026-05-18T01:13:18Z,7xKXtg2CW87d97TXJSDpbD5jBkheTqA83TZRuJosgAsU,Counterparty_05_903bb13e,high,in,EPjFWdd5AufqSSqeM2qN1xzybapC8G4wEGGkZwyTDt1v,USDC,6,19590540000,19590.54,1.00,19590.54,0,success,fixture
UdMHJdyP2uS1ektwpNvZ3Tu9mWHNSUfcFkghbvPdi3YHAfJ6LAjgj2KgPWxiVUCMwDkqhbKWSqRf6yftPD37SwKY,272915590,2026-05-18T02:10:36Z,7xKXtg2CW87d97TXJSDpbD5jBkheTqA83TZRuJosgAsU,Counterparty_04_57526846,high,out,SOL,SOL,9,30000000000,30.0000,,,5000,success,fixture
rADhPkHYd6E4oBYxre9ewe1BM621skBBXfct9wQvWdsdvZzaGNsgmtpjHEBUs3FCvBL4c1wiWXi31FXrb7Y7sP4z,272963280,2026-05-18T07:28:32Z,7xKXtg2CW87d97TXJSDpbD5jBkheTqA83TZRuJosgAsU,Counterparty_12_50e165e4,high,out,EPjFWdd5AufqSSqeM2qN1xzybapC8G4wEGGkZwyTDt1v,USDC,6,9723480000,9723.48,1.00,9723.48,5000,success,fixture
6hzV1jWyqq7AYZYrfTGGpZYqugi3vZo5DkCCp4vZACy4LKaKjunGxM8fYZryrc7TyHePX8tq3tKAjxNge21nsxhC,273109377,2026-05-18T23:42:31Z,7xKXtg2CW87d97TXJSDpbD5jBkheTqA83TZRuJosgAsU,Counterparty_16_9911036c,high,out,EPjFWdd5AufqSSqeM2qN1xzybapC8G4wEGGkZwyTDt1v,USDC,6,9110970000,9110.97,1.00,9110.97,5000,success,fixture
wA9bHtC8jx291PssGeM2CH49pTa8p5XVrQZe7VZFg3osxjaLWi24XwSUk7YnV5z6MfA59JghecnMRfaKWZfU7sm8,273259497,2026-05-19T16:23:19Z,7xKXtg2CW87d97TXJSDpbD5jBkheTqA83TZRuJosgAsU,Counterparty_27_b10f4db7,high,out,Es9vMFrzaCERmJfrF4H2FYD4KCoNkY11McCe8BenwNYB,USDT,6,18166920000,18166.92,1.00,18166.92,5000,success,fixture
vpQTU5gTtSoWkRs16oN4nJGJ1r61CSiQNWRmLWQTwiwrvSQpWyDo9eiXXL6q4N1UaMg2sqtoAGG4gsLzxUqmC8Lm,273305480,2026-05-19T21:29:52Z,7xKXtg2CW87d97TXJSDpbD5jBkheTqA83TZRuJosgAsU,Counterparty_15_69842a97,high,out,EPjFWdd5AufqSSqeM2qN1xzybapC8G4wEGGkZwyTDt1v,USDC,6,13802120000,13802.12,1.00,13802.12,5000,success,fixture
TbVM1SDN6ydt2pFmU5GDBNL5hh72XUt2ethNvHG7XGNv4uNasG5rfgVq7hVe8643RMywm5s94tV4LghU57k4c4Kw,273314710,2026-05-19T22:31:24Z,7xKXtg2CW87d97TXJSDpbD5jBkheTqA83TZRuJosgAsU,Counterparty_12_50e165e4,high,out,EPjFWdd5AufqSSqeM2qN1xzybapC8G4wEGGkZwyTDt1v,USDC,6,24740520000,24740.52,1.00,24740.52,5000,success,fixture
vApevhBRvmKPqSEuDf7W9pextehzL1ESudHZwj6j8CiTmRnKdW6gTVk2TkycFENFf837R7BPsrd28SrnGdfJoe3q,273317910,2026-05-19T22:52:44Z,7xKXtg2CW87d97TXJSDpbD5jBkheTqA83TZRuJosgAsU,Counterparty_24_b30fcb06,high,in,EPjFWdd5AufqSSqeM2qN1xzybapC8G4wEGGkZwyTDt1v,USDC,6,7689340000,7689.34,1.00,7689.34,0,success,fixture
BnZL121zv1vm8EqVHDVZJYo72qXGZtCDCAMwojkbmFFXUrrzBioAxEoGJN38NJ8XYSQWbTuU63mi432yPf6w8azR,273324775,2026-05-19T23:38:30Z,7xKXtg2CW87d97TXJSDpbD5jBkheTqA83TZRuJosgAsU,Counterparty_05_903bb13e,high,out,Es9vMFrzaCERmJfrF4H2FYD4KCoNkY11McCe8BenwNYB,USDT,6,16470770000,16470.77,1.00,16470.77,5000,success,fixture
s6Ps6PCRtDbHo2gtsr65BANBaumbDXqhP2NwRsqU7tZrtSEBDghXrepm5pFvjrYcrWRMiQDz33VD1dP2jQiNTpv1,273345542,2026-05-20T01:56:57Z,7xKXtg2CW87d97TXJSDpbD5jBkheTqA83TZRuJosgAsU,Counterparty_10_6d2d3cad,high,out,EPjFWdd5AufqSSqeM2qN1xzybapC8G4wEGGkZwyTDt1v,USDC,6,3244760000,3244.76,1.00,3244.76,5000,success,fixture
pf5FyfKG4GumqBQ3pqBYHfSuAsGcFZKK4qkvFXiSPHEfeeJAvocqPpa2DF2aThHu7KcTiGv9ei3ZMt2N4qvJjZwY,273367092,2026-05-20T04:20:37Z,7xKXtg2CW87d97TXJSDpbD5jBkheTqA83TZRuJosgAsU,Counterparty_21_18aa8f3b,high,in,EPjFWdd5AufqSSqeM2qN1xzybapC8G4wEGGkZwyTDt1v,USDC,6,1008400000,1008.40,1.00,1008.40,0,success,fixture
4iu3qhmPuAuVb52QMiaj332AXwkCo95LCMWjwD8U2fLFdms8rEqSathm6YB3D8DRgPPnAarSCo2fiCdohwYsGP9o,273375470,2026-05-20T05:16:28Z,7xKXtg2CW87d97TXJSDpbD5jBkheTqA83TZRuJosgAsU,Counterparty_11_b3669cbd,high,out,EPjFWdd5AufqSSqeM2qN1xzybapC8G4wEGGkZwyTDt1v,USDC,6,21703870000,21703.87,1.00,21703.87,5000,success,fixture
xRY6pXVpRBetSe5LFEuS9efdHyRhsUHzN4gedes2m384bfcNXFd2bzFvknNB7n6bfTjaKzKBiKRJpZraLgqzvjgo,273422362,2026-05-20T10:29:05Z,7xKXtg2CW87d97TXJSDpbD5jBkheTqA83TZRuJosgAsU,Counterparty_14_829f4116,high,out,EPjFWdd5AufqSSqeM2qN1xzybapC8G4wEGGkZwyTDt1v,USDC,6,5693710000,5693.71,1.00,5693.71,5000,success,fixture
qGaHqXn2ogc7dtBi2Q4f7RwEGdkpAjGutS9MeF9xcUQYps88mxfBnKdp79ZrprE1y2UCxGqb8ZEigBJQ8TYd6YVS,273510410,2026-05-20T20:16:04Z,7xKXtg2CW87d97TXJSDpbD5jBkheTqA83TZRuJosgAsU,Counterparty_03_fb40d6bd,high,out,Es9vMFrzaCERmJfrF4H2FYD4KCoNkY11McCe8BenwNYB,USDT,6,14410010000,14410.01,1.00,14410.01,5000,success,fixture
oWoeTSjiwsvRcyAng2pQn9QSNfeQ2aig5JnBmFmF1oCdnCYUKw2MJvXkGgbUCA5H4P5Ey6bRR3LYLVxGEcev6HWo,273543812,2026-05-20T23:58:45Z,7xKXtg2CW87d97TXJSDpbD5jBkheTqA83TZRuJosgAsU,Counterparty_23_44e61d9a,high,out,EPjFWdd5AufqSSqeM2qN1xzybapC8G4wEGGkZwyTDt1v,USDC,6,8657580000,8657.58,1.00,8657.58,5000,success,fixture
nKoXDtJ2jJxDGmVt1i3xdvwUcmYsFnwp4KQ6fQWuXbBQjzQocbAMphPTCeSQWPrKAukqyYkbTQU6fHy9NPiWVqbx,273557132,2026-05-21T01:27:33Z,7xKXtg2CW87d97TXJSDpbD5jBkheTqA83TZRuJosgAsU,Counterparty_21_18aa8f3b,high,in,Es9vMFrzaCERmJfrF4H2FYD4KCoNkY11McCe8BenwNYB,USDT,6,11354640000,11354.64,1.00,11354.64,0,success,fixture
JcQZRBvDqfHNDMzHS8iKV2VfijZrSEC83Rt7pxEDqdppLvmkEyeuLQW4ihFdyyvHEZ2L1EvCxNEYoRoMWSfqBYXc,273606980,2026-05-21T06:59:52Z,7xKXtg2CW87d97TXJSDpbD5jBkheTqA83TZRuJosgAsU,Counterparty_19_5a69fc17,high,out,Es9vMFrzaCERmJfrF4H2FYD4KCoNkY11McCe8BenwNYB,USDT,6,21957310000,21957.31,1.00,21957.31,5000,success,fixture
4UdMuXBPBj3BFptrQZgEWWr8BQbCbHarcfz6ejyuneLvfP6RkoNge5pnmeJMvuSjKLUHrMAGue12H5QBLxAyywpa,273645270,2026-05-21T11:15:08Z,7xKXtg2CW87d97TXJSDpbD5jBkheTqA83TZRuJosgAsU,Counterparty_12_50e165e4,high,out,EPjFWdd5AufqSSqeM2qN1xzybapC8G4wEGGkZwyTDt1v,USDC,6,10921320000,10921.32,1.00,10921.32,5000,success,fixture
1LEeGrQ8S29SfrnNXVQ9mUTcKc4Ejp7UDSXa5WMAHvic5GNGYRyJBgvyZFqgF1EgqPGfQ9pmywS3aibPDCftcvWy,273659165,2026-05-21T12:47:46Z,7xKXtg2CW87d97TXJSDpbD5jBkheTqA83TZRuJosgAsU,Counterparty_07_e9c1b823,high,out,Es9vMFrzaCERmJfrF4H2FYD4KCoNkY11McCe8BenwNYB,USDT,6,1089110000,1089.11,1.00,1089.11,5000,success,fixture
GaFrj422e6KFMBgLgF2YmnJ7VddiTMJTqRAZgYmDP7aftRBANAVrMhS41B9G39FzK3QRpWVww7CQ6jQadp3uH7aw,273664132,2026-05-21T13:20:53Z,7xKXtg2CW87d97TXJSDpbD5jBkheTqA83TZRuJosgAsU,Counterparty_20_8ba8f837,high,in,Es9vMFrzaCERmJfrF4H2FYD4KCoNkY11McCe8BenwNYB,USDT,6,16708010000,16708.01,1.00,16708.01,0,success,fixture
A2MfsQNTziQXKg2BQ3KAe27fEtMZnrpZsenPERve3joARqi65FdZdhcoTbo8wyat4fXjaaVMJDvdKGNGtrQFWMp8,273746840,2026-05-21T22:32:16Z,7xKXtg2CW87d97TXJSDpbD5jBkheTqA83TZRuJosgAsU,Counterparty_22_d1f65e81,high,in,EPjFWdd5AufqSSqeM2qN1xzybapC8G4wEGGkZwyTDt1v,USDC,6,13532460000,13532.46,1.00,13532.46,0,success,fixture
TmtsrXm9EAhJaVTGCgm3fCnYg6husLPT1cGD8a7gQxqbZFWrhjEJ4D8sAkwXYCBj34iQKEUHNgtyqW37p4bCBs2Y,273801125,2026-05-22T04:34:10Z,7xKXtg2CW87d97TXJSDpbD5jBkheTqA83TZRuJosgAsU,Counterparty_16_9911036c,high,in,EPjFWdd5AufqSSqeM2qN1xzybapC8G4wEGGkZwyTDt1v,USDC,6,7810920000,7810.92,1.00,7810.92,0,success,fixture
8ProEVK3sskwQ6zzDGWrgrFxVsUsqSpdrskfVRb8pkzRr1vaMNYr6tsWLfj3tQaLgoSaZ6JJeg3Z4EutNZSBKp3k,273841550,2026-05-22T09:03:40Z,7xKXtg2CW87d97TXJSDpbD5jBkheTqA83TZRuJosgAsU,Counterparty_11_b3669cbd,high,out,EPjFWdd5AufqSSqeM2qN1xzybapC8G4wEGGkZwyTDt1v,USDC,6,10936030000,10936.03,1.00,10936.03,5000,success,fixture
iCQGpiv389hatht6eK1q1769eP94YjoZ7bYojK7LRPTuTiGV3Y3hHrmGhjXDqWnQ6HGQGxMPpHUpB9AkbynLWqSR,273859305,2026-05-22T11:02:02Z,7xKXtg2CW87d97TXJSDpbD5jBkheTqA83TZRuJosgAsU,Counterparty_01_7f31801c,high,in,Es9vMFrzaCERmJfrF4H2FYD4KCoNkY11McCe8BenwNYB,USDT,6,10155990000,10155.99,1.00,10155.99,0,success,fixture
YKZuMziVganbvagB5FBWFb8yNCAfsuEC9dWjkCrMH38KejwkGckwzKYryQKGi6ZbSsLQfJWb44XuhvvdCpJqUEST,273869385,2026-05-22T12:09:14Z,7xKXtg2CW87d97TXJSDpbD5jBkheTqA83TZRuJosgAsU,Counterparty_19_5a69fc17,high,out,EPjFWdd5AufqSSqeM2qN1xzybapC8G4wEGGkZwyTDt1v,USDC,6,11581460000,11581.46,1.00,11581.46,5000,success,fixture
avz9WY8dooPf6h8gpeH8voFSLLkVXBe78bZKxL3or8tHVrm1cCD6kesR8XiAPZwb9kjaHmHoBV8htZw2HQMg6Cbx,273875375,2026-05-22T12:49:10Z,7xKXtg2CW87d97TXJSDpbD5jBkheTqA83TZRuJosgAsU,Counterparty_29_8c088ab3,high,out,EPjFWdd5AufqSSqeM2qN1xzybapC8G4wEGGkZwyTDt1v,USDC,6,3897200000,3897.20,1.00,3897.20,5000,success,fixture
2R4BwdrEwFiFkEJiTZ2xrrk1X9iCft1FHftLnniJUzRwPWHEWLkaugSe71ZjvvQciffKLk7X5NJhMxJHinziLDAa,273913352,2026-05-22T17:02:21Z,7xKXtg2CW87d97TXJSDpbD5jBkheTqA83TZRuJosgAsU,Counterparty_24_b30fcb06,high,in,Es9vMFrzaCERmJfrF4H2FYD4KCoNkY11McCe8BenwNYB,USDT,6,19761510000,19761.51,1.00,19761.51,0,success,fixture
iWNpAxDwy589DAnVKrbgqpoYkgou6VVzrSqEGjKiikpBYB2DxvcbRkBu5zXPn1ib4tw5fsRGu3HNnhD3RfsFMobZ,273924892,2026-05-22T18:19:17Z,7xKXtg2CW87d97TXJSDpbD5jBkheTqA83TZRuJosgAsU,Counterparty_26_2906e732,high,in,EPjFWdd5AufqSSqeM2qN1xzybapC8G4wEGGkZwyTDt1v,USDC,6,7618420000,7618.42,1.00,7618.42,0,success,fixture
3v1KA5t1skfdYemaaNWTn15kdSnTjRkVdEuedpCYbkDRhn3xrnwzYeaf3nwdYpkbfhCu2YjzodZGmGa5y17zqDSy,273991462,2026-05-23T01:43:05Z,7xKXtg2CW87d97TXJSDpbD5jBkheTqA83TZRuJosgAsU,Counterparty_04_57526846,high,out,EPjFWdd5AufqSSqeM2qN1xzybapC8G4wEGGkZwyTDt1v,USDC,6,24454240000,24454.24,1.00,24454.24,5000,success,fixture
58a7trmbjwqzmN6ERVDZ2kNA4Ecuiib7meEVvoUZLr7brzJxY6HRj9B25HjaGDGMJ4z78CVBbER1D1ZXyrSKWX3o,274025827,2026-05-23T05:32:11Z,7xKXtg2CW87d97TXJSDpbD5jBkheTqA83TZRuJosgAsU,Counterparty_18_6ecaa007,high,in,SOL,SOL,9,47000000000,47.0000,,,0,success,fixture
iXAyBH3zMoQtuzG3qSz58Fg21JQiaf9XQwhBDJ4ZY3qQTcszjFFNQPSGZQec5arAcHyEgdrVLasRec33xPnQYnEu,274100867,2026-05-23T13:52:27Z,7xKXtg2CW87d97TXJSDpbD5jBkheTqA83TZRuJosgAsU,Counterparty_27_b10f4db7,high,in,Es9vMFrzaCERmJfrF4H2FYD4KCoNkY11McCe8BenwNYB,USDT,6,208580000,208.58,1.00,208.58,0,success,fixture
AN4xjNd9jwsNFxzit1xrdQPmwpkcYYftnfFSKjsCYEWePWAFaoh7Uksz59eA6GM77jyh5GiE472XNDQqk3CxHSdJ,274116275,2026-05-23T15:35:10Z,7xKXtg2CW87d97TXJSDpbD5jBkheTqA83TZRuJosgAsU,Counterparty_16_9911036c,high,out,Es9vMFrzaCERmJfrF4H2FYD4KCoNkY11McCe8BenwNYB,USDT,6,3494210000,3494.21,1.00,3494.21,5000,success,fixture
6jLe3QX6YNDA9nYxkggwvYmskrPBS8MaWagnwaftn8SuocxG7X7Mx865HBoH8BKmtZLQyLTVE5kEV5pXzvynH6dz,274121317,2026-05-23T16:08:47Z,7xKXtg2CW87d97TXJSDpbD5jBkheTqA83TZRuJosgAsU,Counterparty_29_8c088ab3,high,in,Es9vMFrzaCERmJfrF4H2FYD4KCoNkY11McCe8BenwNYB,USDT,6,13282760000,13282.76,1.00,13282.76,0,success,fixture
gHGj5uzjHmbX9CPQWZNSH7FNJiohYL7SbNyiQWEgjMAGxAbQQPc2vrkpesvPYpfLvYQZ7iTS3AszarHhh8rDTBGE,274137077,2026-05-23T17:53:51Z,7xKXtg2CW87d97TXJSDpbD5jBkheTqA83TZRuJosgAsU,Counterparty_23_44e61d9a,high,out,Es9vMFrzaCERmJfrF4H2FYD4KCoNkY11McCe8BenwNYB,USDT,6,21008380000,21008.38,1.00,21008.38,5000,success,fixture
W7CRTU7NzkGeEtrdpx9fJCWn4v95P4i7EyHvwFhGd4UBXgwpbgiyNZCzKtVXDEnyvd5v9fxfx3FV8mf8AVPfGdms,274167625,2026-05-23T21:17:30Z,7xKXtg2CW87d97TXJSDpbD5jBkheTqA83TZRuJosgAsU,Counterparty_11_b3669cbd,high,out,EPjFWdd5AufqSSqeM2qN1xzybapC8G4wEGGkZwyTDt1v,USDC,6,2968360000,2968.36,1.00,2968.36,5000,success,fixture
81YkAWkAaKgcjBLYK5tK1W3EKue84YL1UPjv14H9PyKswZjrcA6nJAoDUe6KF3XPGtkhRUSz7zHLfLCdUkyMte9k,274193460,2026-05-24T00:09:44Z,7xKXtg2CW87d97TXJSDpbD5jBkheTqA83TZRuJosgAsU,Counterparty_24_b30fcb06,high,in,EPjFWdd5AufqSSqeM2qN1xzybapC8G4wEGGkZwyTDt1v,USDC,6,13741700000,13741.70,1.00,13741.70,0,success,fixture
HAN86Z3fMHNM5ezj9K7Q9ZUGLcH15Uwr6jV4zvijRHf8LLMEGYmPvC27uQRg7JUk7RkL5PyXFDXUzaJ1og6DJ5hY,274257277,2026-05-24T07:15:11Z,7xKXtg2CW87d97TXJSDpbD5jBkheTqA83TZRuJosgAsU,Counterparty_16_9911036c,high,in,EPjFWdd5AufqSSqeM2qN1xzybapC8G4wEGGkZwyTDt1v,USDC,6,288620000,288.62,1.00,288.62,0,success,fixture
1eMKGVYiUU7ZD4matQZ447ombXG6LEe6M65HFUXbTBh7t1Ytc5cW73gjShaMUL9NqWv4Ticiv1AxUuejDGto5QHC,274286130,2026-05-24T10:27:32Z,7xKXtg2CW87d97TXJSDpbD5jBkheTqA83TZRuJosgAsU,Counterparty_22_d1f65e81,high,out,EPjFWdd5AufqSSqeM2qN1xzybapC8G4wEGGkZwyTDt1v,USDC,6,13346040000,13346.04,1.00,13346.04,5000,success,fixture
sSA9N6Xdp4cSH6SZUrm9q9XcDYSidDcgpaGG5JrUMkd68jTUQPDMPfi2rLBPgutVgAV3uFDkQAqow68p4GgAxvuK,274308760,2026-05-24T12:58:24Z,7xKXtg2CW87d97TXJSDpbD5jBkheTqA83TZRuJosgAsU,Counterparty_00_9d79b1a3,high,out,Es9vMFrzaCERmJfrF4H2FYD4KCoNkY11McCe8BenwNYB,USDT,6,3746390000,3746.39,1.00,3746.39,5000,success,fixture
RU1zLet4EXSHVJWUpe8jpy6U6CC8tN3qGodukSmMPcsTnZnm5hdzh33svL8MafFEEQ9wbTnnjS17uFZMMp1rx2Be,274388820,2026-05-24T21:52:08Z,7xKXtg2CW87d97TXJSDpbD5jBkheTqA83TZRuJosgAsU,Counterparty_10_6d2d3cad,high,out,EPjFWdd5AufqSSqeM2qN1xzybapC8G4wEGGkZwyTDt1v,USDC,6,17095010000,17095.01,1.00,17095.01,5000,success,fixture
Qm9WzGmGihh7havtza7MTYMwK8uEsNJhrxhPNjVfWht2oWfso4XzVi4vLhhQNE225YD7rH7AXCPeC7hCdhcPRVm9,274468242,2026-05-25T06:41:37Z,7xKXtg2CW87d97TXJSDpbD5jBkheTqA83TZRuJosgAsU,Counterparty_08_a96089bc,high,in,EPjFWdd5AufqSSqeM2qN1xzybapC8G4wEGGkZwyTDt1v,USDC,6,11304820000,11304.82,1.00,11304.82,0,success,fixture
yomeSUPnj9gLuaDw3P8W8eWApN5CiExHEqGMFUWQkVkXYVEHzosu9RtvrNbwXM4Ej51LnieVf6H1XX5hzkhCxZ2s,274578467,2026-05-25T18:56:27Z,7xKXtg2CW87d97TXJSDpbD5jBkheTqA83TZRuJosgAsU,Counterparty_13_34249d8b,high,in,Es9vMFrzaCERmJfrF4H2FYD4KCoNkY11McCe8BenwNYB,USDT,6,18988760000,18988.76,1.00,18988.76,0,success,fixture
CEXsZDViU9zG8oxzJX16ASk2pQyTznmBg9SReBzFR947FKAx7HnZuYUF2AneZS9Z86c2D8eSmabNDQe5DpPZCkUG,274613622,2026-05-25T22:50:49Z,7xKXtg2CW87d97TXJSDpbD5jBkheTqA83TZRuJosgAsU,Counterparty_15_69842a97,high,out,EPjFWdd5AufqSSqeM2qN1xzybapC8G4wEGGkZwyTDt1v,USDC,6,17302660000,17302.66,1.00,17302.66,5000,success,fixture
QYvv3MUrZ91wdA9wxQYv1nd2o45hSFnzNTJ4WBEu9JwxXCZBcgMyoysJ146YaiuaCBmHnVG69T5RbsrQ1X54sPci,274633017,2026-05-26T01:00:07Z,7xKXtg2CW87d97TXJSDpbD5jBkheTqA83TZRuJosgAsU,Counterparty_22_d1f65e81,high,in,EPjFWdd5AufqSSqeM2qN1xzybapC8G4wEGGkZwyTDt1v,USDC,6,18920470000,18920.47,1.00,18920.47,0,success,fixture
6tPNweUVJFFFjjaLjdoTmNQBFd7Xrk2uEoFQG1yq4LgmteeCRhSPEoRn8pgXivWG7WEdxLqUmAJZYnoADsptcuPw,274639410,2026-05-26T01:42:44Z,7xKXtg2CW87d97TXJSDpbD5jBkheTqA83TZRuJosgAsU,Counterparty_16_9911036c,high,out,Es9vMFrzaCERmJfrF4H2FYD4KCoNkY11McCe8BenwNYB,USDT,6,21767310000,21767.31,1.00,21767.31,5000,success,fixture
9jbhHisnCPh576zei3DqPfLxp1dKBjdK5uCMdVggpue3okFqr9GcbnVkTWRwU3hRvBvoadMzv5zDrvL2iEdguXcE,274645145,2026-05-26T02:20:58Z,7xKXtg2CW87d97TXJSDpbD5jBkheTqA83TZRuJosgAsU,Counterparty_17_f3e82208,high,out,EPjFWdd5AufqSSqeM2qN1xzybapC8G4wEGGkZwyTDt1v,USDC,6,22025890000,22025.89,1.00,22025.89,5000,success,fixture
cqSo3UwHi8LLpAQptym4dxkReDGrYNmYdk47MP2ab1xUDdNaKNJP1hMznjiCfRPGX3wxHXToZy4fcPxScGM4P7ua,274676610,2026-05-26T05:50:44Z,7xKXtg2CW87d97TXJSDpbD5jBkheTqA83TZRuJosgAsU,Counterparty_07_e9c1b823,high,out,EPjFWdd5AufqSSqeM2qN1xzybapC8G4wEGGkZwyTDt1v,USDC,6,1088230000,1088.23,1.00,1088.23,5000,success,fixture
AHir9TEGQCF8jWhMKZVY8wkDA1A2S6mEgth91G7raTVUvosuWJLayBCZpYc1YDg43vzLgUF3meRTSxVqvUCdR3hB,274696000,2026-05-26T08:00:00Z,7xKXtg2CW87d97TXJSDpbD5jBkheTqA83TZRuJosgAsU,Counterparty_25_a6c1ad8f,high,out,Es9vMFrzaCERmJfrF4H2FYD4KCoNkY11McCe8BenwNYB,USDT,6,14326830000,14326.83,1.00,14326.83,5000,success,fixture
8XpmBxD5zg25V4mtRUuaRGuV97mbsQscdEvPZHooqi4ttLX3rxQmW6uztBvTMRPRwmJ7kUMSRTW7NWrs86u893Y2,274708280,2026-05-26T09:21:52Z,7xKXtg2CW87d97TXJSDpbD5jBkheTqA83TZRuJosgAsU,Counterparty_03_fb40d6bd,high,out,Es9vMFrzaCERmJfrF4H2FYD4KCoNkY11McCe8BenwNYB,USDT,6,679880000,679.88,1.00,679.88,5000,success,fixture
ujhfXD72EBhK6Xw8LsSXYzjH6ibRCQyRQCV3HVWHFvJd4Aqmj76jPtbTqeFc4vRuaTbkxXdyGXL6Szwn3Zdzatdk,274708597,2026-05-26T09:23:59Z,7xKXtg2CW87d97TXJSDpbD5jBkheTqA83TZRuJosgAsU,Counterparty_19_5a69fc17,high,in,EPjFWdd5AufqSSqeM2qN1xzybapC8G4wEGGkZwyTDt1v,USDC,6,24911570000,24911.57,1.00,24911.57,0,success,fixture
QgD7c7F7APKzV1deYDHu7GPiwt2NJm1VzwTHqyX8icvkRm9heJDTcm8D6KyNzFqgKci1rWv9r2uuVqbwHoyPjaJN,274761250,2026-05-26T15:15:00Z,7xKXtg2CW87d97TXJSDpbD5jBkheTqA83TZRuJosgAsU,Counterparty_17_f3e82208,high,out,EPjFWdd5AufqSSqeM2qN1xzybapC8G4wEGGkZwyTDt1v,USDC,6,4430200000,4430.20,1.00,4430.20,5000,success,fixture
Q4PWRyixU5fKPuZcX3xwX5PNDLZB17ApncJ42ZEhaQ2VSNtgWPgMKQ4tae8yVqYUqZ3jrcopdZ5AuRNjnVoohJAA,274781465,2026-05-26T17:29:46Z,7xKXtg2CW87d97TXJSDpbD5jBkheTqA83TZRuJosgAsU,Counterparty_24_b30fcb06,high,in,EPjFWdd5AufqSSqeM2qN1xzybapC8G4wEGGkZwyTDt1v,USDC,6,12679350000,12679.35,1.00,12679.35,0,success,fixture
xLu91DMfHK72zpxkBoFsZXiFvP6bpkmqxTTLxxYXL7E6EQ5ZkD1APZQDJzTrMbu6PEgarbQhBm8YcfMNygtg4tda,275101422,2026-05-28T05:02:49Z,7xKXtg2CW87d97TXJSDpbD5jBkheTqA83TZRuJosgAsU,Counterparty_09_a71f3d1a,high,out,Es9vMFrzaCERmJfrF4H2FYD4KCoNkY11McCe8BenwNYB,USDT,6,2589210000,2589.21,1.00,2589.21,5000,success,fixture
KuPsSSueqi1XiZqAxSFFopEXFaescqWouWNs6MwDUrmTEVVwc2Q9dx9Lp1YtjvPNFTUkqSqrmbLMe2ds39ANdhtf,275121712,2026-05-28T07:18:05Z,7xKXtg2CW87d97TXJSDpbD5jBkheTqA83TZRuJosgAsU,Counterparty_29_8c088ab3,high,out,EPjFWdd5AufqSSqeM2qN1xzybapC8G4wEGGkZwyTDt1v,USDC,6,12908480000,12908.48,1.00,12908.48,5000,success,fixture
mtdWDHKwzfE3NFYZb2FD8aET6xs5mDGuiafCU3ZXZbyCtc5PsCXbXD1KucUCMk5MC8VmLTMvjEMoFXttsZ47Zdx7,275189332,2026-05-28T14:48:53Z,7xKXtg2CW87d97TXJSDpbD5jBkheTqA83TZRuJosgAsU,Counterparty_11_b3669cbd,high,out,Es9vMFrzaCERmJfrF4H2FYD4KCoNkY11McCe8BenwNYB,USDT,6,6260370000,6260.37,1.00,6260.37,5000,success,fixture
6Sm8v9ocJyUEgZtMykNhHqnVJGjMNEWfN2m9i1fX1z1kCTczmnYqSb6syii5b2zvujVk8PuRufPRCvrtm18WQDV1,275219372,2026-05-28T18:09:09Z,7xKXtg2CW87d97TXJSDpbD5jBkheTqA83TZRuJosgAsU,Counterparty_07_e9c1b823,high,out,EPjFWdd5AufqSSqeM2qN1xzybapC8G4wEGGkZwyTDt1v,USDC,6,9312870000,9312.87,1.00,9312.87,5000,success,fixture
EafZDpSKi4szsGYR8GYhf5ay1QM9RxvdTQbkCqXr52e51HE34sSZKhnZrTUmS6hbbgAJ6L6ZEtAbMSehqviki5Lm,275304180,2026-05-29T03:34:32Z,7xKXtg2CW87d97TXJSDpbD5jBkheTqA83TZRuJosgAsU,Counterparty_13_34249d8b,high,out,SOL,SOL,9,20000000000,20.0000,,,5000,success,fixture
rAB8UmHpPDm9xkKoKmh98LS712KdZDMg3v4NvZ7qgcDUQ5qKSe4Mfj6bFXTPEgWdq33MWbEqH62b4YP3zeN4jEMJ,275313160,2026-05-29T04:34:24Z,7xKXtg2CW87d97TXJSDpbD5jBkheTqA83TZRuJosgAsU,Counterparty_28_89d35ea6,high,out,EPjFWdd5AufqSSqeM2qN1xzybapC8G4wEGGkZwyTDt1v,USDC,6,14183350000,14183.35,1.00,14183.35,5000,success,fixture
eJT7sNyBhZTc8Mg7QTWLiq2hYmueHd7Vimygm2U2job79PVw4S2AmgaoBAHcezmV5LX4TYPfSuN3st2rkj2Cv8kd,275331907,2026-05-29T06:39:23Z,7xKXtg2CW87d97TXJSDpbD5jBkheTqA83TZRuJosgAsU,Counterparty_23_44e61d9a,high,out,Es9vMFrzaCERmJfrF4H2FYD4KCoNkY11McCe8BenwNYB,USDT,6,24830880000,24830.88,1.00,24830.88,5000,success,fixture
caUSoo2pVEwpATLLqVrrcydhmDjXZPgQhJ6XUs4sugj2fDY7TKrnjjQhc71KPqYuGnJTUdvLHYsEmFbVrcy4prsz,275364105,2026-05-29T10:14:02Z,7xKXtg2CW87d97TXJSDpbD5jBkheTqA83TZRuJosgAsU,Counterparty_22_d1f65e81,high,out,EPjFWdd5AufqSSqeM2qN1xzybapC8G4wEGGkZwyTDt1v,USDC,6,18862030000,18862.03,1.00,18862.03,5000,success,fixture
pa3mJtr2XFWE4tyJ6P1oyRECtnHv2M73tpyATQaFxbVheUEDzKSWJiUJmszSxUp3GEww9zYDusdgXH8NfAs4nqdK,275412772,2026-05-29T15:38:29Z,7xKXtg2CW87d97TXJSDpbD5jBkheTqA83TZRuJosgAsU,Counterparty_26_2906e732,high,in,EPjFWdd5AufqSSqeM2qN1xzybapC8G4wEGGkZwyTDt1v,USDC,6,3009020000,3009.02,1.00,3009.02,0,success,fixture
jnv5v8HyXMyKjSUAJqaA9Fv4iUzyK9p5s6UZHS4FatftP7hmNgAGJmUSMA5wqYKUHMDqF7UqxJesM1U3rMiuK77m,275413862,2026-05-29T15:45:45Z,7xKXtg2CW87d97TXJSDpbD5jBkheTqA83TZRuJosgAsU,Counterparty_28_89d35ea6,high,in,EPjFWdd5AufqSSqeM2qN1xzybapC8G4wEGGkZwyTDt1v,USDC,6,21506130000,21506.13,1.00,21506.13,0,success,fixture
LJvYwmk7xF9LpVruMJoTfi6DVEuTpYqaxQu4ZsB5LnZS9rwayd2CDyvDv4G3W4QnDJQuWZSh8k2GQYfVCxXecPPB,275422090,2026-05-29T16:40:36Z,7xKXtg2CW87d97TXJSDpbD5jBkheTqA83TZRuJosgAsU,Counterparty_26_2906e732,high,out,Es9vMFrzaCERmJfrF4H2FYD4KCoNkY11McCe8BenwNYB,USDT,6,22672110000,22672.11,1.00,22672.11,5000,success,fixture
3qA78UaAF6EYgdxkzpa6Z7i13tkdRAxLBTPWargqtUtEkNQZXVKrxPx9TErmLZabADpqYuhAMLKpC9hMDM85zWak,275479295,2026-05-29T23:01:58Z,7xKXtg2CW87d97TXJSDpbD5jBkheTqA83TZRuJosgAsU,Counterparty_17_f3e82208,high,in,EPjFWdd5AufqSSqeM2qN1xzybapC8G4wEGGkZwyTDt1v,USDC,6,10950050000,10950.05,1.00,10950.05,0,success,fixture
HQFHNo5JRiUzcbjuTPxZDjpxJZDsKcpwFjPicUhBwTvYEUSvLaMGA2xjtWXQaX1ZzfKGBryiTrtgcEjviHLGxoUf,275495402,2026-05-30T00:49:21Z,7xKXtg2CW87d97TXJSDpbD5jBkheTqA83TZRuJosgAsU,Counterparty_22_d1f65e81,high,out,Es9vMFrzaCERmJfrF4H2FYD4KCoNkY11McCe8BenwNYB,USDT,6,1137450000,1137.45,1.00,1137.45,5000,success,fixture
YwihTp7KFWZaHJEW4SoR6bqVviwPyTHzTwW9kyRqFSctzs5QjLym6aQuapfd34AVXmBdv81raLN3mWivvcR2KGQT,275562160,2026-05-30T08:14:24Z,7xKXtg2CW87d97TXJSDpbD5jBkheTqA83TZRuJosgAsU,Counterparty_24_b30fcb06,high,out,EPjFWdd5AufqSSqeM2qN1xzybapC8G4wEGGkZwyTDt1v,USDC,6,1296290000,1296.29,1.00,1296.29,5000,success,fixture
QysebW9hJo3cpgfxCm7WXhrzDNiq6TSZ55yEEgXDUV2Xm98XjFnK1nCL9iBiBpwJ7mgaysvoFtt4TkGCoGUMLz17,275656880,2026-05-30T18:45:52Z,7xKXtg2CW87d97TXJSDpbD5jBkheTqA83TZRuJosgAsU,Counterparty_28_89d35ea6,high,out,EPjFWdd5AufqSSqeM2qN1xzybapC8G4wEGGkZwyTDt1v,USDC,6,10258370000,10258.37,1.00,10258.37,5000,success,fixture
Kg6duYLzwW1hbyKbpSY88nVqrBKgahMveRGHDUQvsow4gH7TAhmrmrSWCJ1ZfRBcjY46ynGAw7QxwSUV45kxg5ZW,275716292,2026-05-31T01:21:57Z,7xKXtg2CW87d97TXJSDpbD5jBkheTqA83TZRuJosgAsU,Counterparty_03_fb40d6bd,high,out,EPjFWdd5AufqSSqeM2qN1xzybapC8G4wEGGkZwyTDt1v,USDC,6,8874420000,8874.42,1.00,8874.42,5000,success,fixture
C6KGWiXZkxk2wQNjg9p9zXX2j9U4pLdWSgiXgepaVmCPSjeUirL55EP1wVmUsKggRVBmVnSDEdTZ23V87gxKYM4j,275789140,2026-05-31T09:27:36Z,7xKXtg2CW87d97TXJSDpbD5jBkheTqA83TZRuJosgAsU,Counterparty_24_b30fcb06,high,out,Es9vMFrzaCERmJfrF4H2FYD4KCoNkY11McCe8BenwNYB,USDT,6,4298050000,4298.05,1.00,4298.05,5000,success,fixture
TLB2GyTqn9QoowaUE7LrH6Wx3uRKhRBPqQqKxx3CSsFokQNbkCKDxo2j6XRLTsJxKZduaZ2rFo7QGcmZaCvJNo9W,275794682,2026-05-31T10:04:33Z,7xKXtg2CW87d97TXJSDpbD5jBkheTqA83TZRuJosgAsU,Counterparty_19_5a69fc17,high,out,EPjFWdd5AufqSSqeM2qN1xzybapC8G4wEGGkZwyTDt1v,USDC,6,22652430000,22652.43,1.00,22652.43,5000,success,fixture
dY3RiguMeng1ookh8duSjhuJFpjnGPTADeNs2C5y5x8yZX1k313bx9C94PG9pB3beGdnPRr4ada2KUR5wV8vw1x6,275800372,2026-05-31T10:42:29Z,7xKXtg2CW87d97TXJSDpbD5jBkheTqA83TZRuJosgAsU,Counterparty_09_a71f3d1a,high,out,Es9vMFrzaCERmJfrF4H2FYD4KCoNkY11McCe8BenwNYB,USDT,6,6042330000,6042.33,1.00,6042.33,5000,success,fixture
LorVKhC8z9D1gqH1WYwYbt1fyYGEejXWTV6ff1GycJghcuuE4CA4iP3Aw3jdvfLN647TCBkKgjmmfdscCWpeQ36r,275842130,2026-05-31T15:20:52Z,7xKXtg2CW87d97TXJSDpbD5jBkheTqA83TZRuJosgAsU,Counterparty_09_a71f3d1a,high,out,EPjFWdd5AufqSSqeM2qN1xzybapC8G4wEGGkZwyTDt1v,USDC,6,12517080000,12517.08,1.00,12517.08,5000,success,fixture
o2SHu1pEe53UPm5b4z5X3KTCr9rioiTQzRVxRR6kjxb9ixP8CbSa9oFv1q2LWkobUbRuFGWPAJDyoq83tjTgryy2,275851135,2026-05-31T16:20:54Z,7xKXtg2CW87d97TXJSDpbD5jBkheTqA83TZRuJosgAsU,Counterparty_07_e9c1b823,high,in,EPjFWdd5AufqSSqeM2qN1xzybapC8G4wEGGkZwyTDt1v,USDC,6,19562040000,19562.04,1.00,19562.04,0,success,fixture
Ep4uh5JhT1UTppeR8o2RtxfhTGpVLf7ytAtws5aYfmh3RN1U5wrJV6Pe177zBM19oD6T31Hq4CXBctgbTsxZFh98,275882085,2026-05-31T19:47:14Z,7xKXtg2CW87d97TXJSDpbD5jBkheTqA83TZRuJosgAsU,Counterparty_29_8c088ab3,high,in,EPjFWdd5AufqSSqeM2qN1xzybapC8G4wEGGkZwyTDt1v,USDC,6,12915100000,12915.10,1.00,12915.10,0,success,fixture
fRy5VC7Qw4NrA1hQozFNDr6Do8ZJQT2NgvgFKjAGA9onn81f6yAyeJHypFo7suJmit5Jx2tzbsYZFHmtwDkvhWyv,275912392,2026-05-31T23:09:17Z,7xKXtg2CW87d97TXJSDpbD5jBkheTqA83TZRuJosgAsU,Counterparty_15_69842a97,high,out,Es9vMFrzaCERmJfrF4H2FYD4KCoNkY11McCe8BenwNYB,USDT,6,5052880000,5052.88,1.00,5052.88,5000,success,fixture
NP1CxAdjS5Aph26paERTWNBQLoMrdf6y4ABqg4k6JVjUYfVTJEqZ8PU8KkkeYajL3FSf41ELEr9qHKM81YpUC9Rb,275919512,2026-05-31T23:56:45Z,7xKXtg2CW87d97TXJSDpbD5jBkheTqA83TZRuJosgAsU,Counterparty_22_d1f65e81,high,in,EPjFWdd5AufqSSqeM2qN1xzybapC8G4wEGGkZwyTDt1v,USDC,6,21990450000,21990.45,1.00,21990.45,0,success,fixture
6hvDNdhkTTNGGd4FsRFjaQXJDFf7eMxZ2m12scL7SAkRYQ36nLUaGi8JSQ1vs2FdHrhzQxvQZnkonKRxpKiB47Z7,275954305,2026-06-01T03:48:42Z,7xKXtg2CW87d97TXJSDpbD5jBkheTqA83TZRuJosgAsU,Counterparty_24_b30fcb06,high,out,Es9vMFrzaCERmJfrF4H2FYD4KCoNkY11McCe8BenwNYB,USDT,6,796170000,796.17,1.00,796.17,5000,success,fixture
rheWt3WjD2ScUxcZXcvUu8dCu4nky9umAbmPK3J1ASq6UxRsajHMk47MsUpi9BNtbHa8gq2T1KNvipgbCnVc5KzX,275962412,2026-06-01T04:42:45Z,7xKXtg2CW87d97TXJSDpbD5jBkheTqA83TZRuJosgAsU,Counterparty_01_7f31801c,high,out,Es9vMFrzaCERmJfrF4H2FYD4KCoNkY11McCe8BenwNYB,USDT,6,14338380000,14338.38,1.00,14338.38,5000,success,fixture
hPy4BfMZSVqS4Gir4J1frosEJTkmWkPLh5bnoAGsUbZ735yGvcj9VC54xqM7GGJR47bLBA17GbjcBQsGC3rcpDko,275977722,2026-06-01T06:24:49Z,7xKXtg2CW87d97TXJSDpbD5jBkheTqA83TZRuJosgAsU,Counterparty_02_d11a6706,high,out,EPjFWdd5AufqSSqeM2qN1xzybapC8G4wEGGkZwyTDt1v,USDC,6,4083920000,4083.92,1.00,4083.92,5000,success,fixture
rp8fUo9EKjC8gAnUtAC5DC2Lm53KBgHbEs8KoYZydrxmx86XxgVAuqTegfgJdma7iBZmD8pc24FyUUT2pmpBn141,276071140,2026-06-01T16:47:36Z,7xKXtg2CW87d97TXJSDpbD5jBkheTqA83TZRuJosgAsU,Counterparty_11_b3669cbd,high,in,Es9vMFrzaCERmJfrF4H2FYD4KCoNkY11McCe8BenwNYB,USDT,6,17769430000,17769.43,1.00,17769.43,0,success,fixture
tb6Ezror53HN3APrcjgSFkC5WzKEyssoQVHaqyuGNxATa4SxJbU3pUVDecFnHzLbZDcLCMtFRthwLS9b4NN4VuVJ,276076375,2026-06-01T17:22:30Z,7xKXtg2CW87d97TXJSDpbD5jBkheTqA83TZRuJosgAsU,Counterparty_22_d1f65e81,high,in,EPjFWdd5AufqSSqeM2qN1xzybapC8G4wEGGkZwyTDt1v,USDC,6,14812790000,14812.79,1.00,14812.79,0,success,fixture
RaVj6LHRugEsdgnNG6tMNtUSLiADgJ1AhRsseq1wcdtRJreRRTjta5z8jbCv9dssAGjrihyi9JRcY9Cz4FWEFYnc,276096965,2026-06-01T19:39:46Z,7xKXtg2CW87d97TXJSDpbD5jBkheTqA83TZRuJosgAsU,Counterparty_24_b30fcb06,high,out,EPjFWdd5AufqSSqeM2qN1xzybapC8G4wEGGkZwyTDt1v,USDC,6,12774860000,12774.86,1.00,12774.86,5000,success,fixture
vwb8x57xxKzTcYCR88YGX1C8QEbvqyHP3xEQMhefSWF6Dj7A8Dtxtr5ozwCLDHnjRRmR9vf8DmtRC6NFeJxH1qR1,276134695,2026-06-01T23:51:18Z,7xKXtg2CW87d97TXJSDpbD5jBkheTqA83TZRuJosgAsU,Counterparty_02_d11a6706,high,out,EPjFWdd5AufqSSqeM2qN1xzybapC8G4wEGGkZwyTDt1v,USDC,6,3797890000,3797.89,1.00,3797.89,5000,success,fixture
15xqJRgR6xnGuS3WYAzYB3hpKQ4mndc1UpvzEmkyyPFGEQ28SnCT9M53LvvdJR8YG3yzQj5toN7EFj92eSVD4xxe,276150317,2026-06-02T01:35:27Z,7xKXtg2CW87d97TXJSDpbD5jBkheTqA83TZRuJosgAsU,Counterparty_26_2906e732,high,in,EPjFWdd5AufqSSqeM2qN1xzybapC8G4wEGGkZwyTDt1v,USDC,6,103610000,103.61,1.00,103.61,0,success,fixture
wgf5h3HsnY8TLufMxHvMhZwHoLTPWWn8GmuzhV8PDHBWZpeEhvCawWrEAsrCtWrRUMHqobhK9YxLrfrtKUmLNhJi,276162945,2026-06-02T02:59:38Z,7xKXtg2CW87d97TXJSDpbD5jBkheTqA83TZRuJosgAsU,Counterparty_01_7f31801c,high,in,Es9vMFrzaCERmJfrF4H2FYD4KCoNkY11McCe8BenwNYB,USDT,6,1085920000,1085.92,1.00,1085.92,0,success,fixture
oLzeZy82jSDq9sTxVqDd9h2Runs2J9xeKAggx9q56gvCJVHEiqshN4UfjXbzB4depEZX9x8792EZAoegZDequfyv,276164192,2026-06-02T03:07:57Z,7xKXtg2CW87d97TXJSDpbD5jBkheTqA83TZRuJosgAsU,Counterparty_29_8c088ab3,high,in,EPjFWdd5AufqSSqeM2qN1xzybapC8G4wEGGkZwyTDt1v,USDC,6,184990000,184.99,1.00,184.99,0,success,fixture
dDYvnNwb6bFN3h3CAcXpJ1jaeYQiYnaoHx9FP6hck3nvBtULC8hLe9xbnZL5RoFznJyKYWieCYigTgsvupwDgjwu,276238422,2026-06-02T11:22:49Z,7xKXtg2CW87d97TXJSDpbD5jBkheTqA83TZRuJosgAsU,Counterparty_04_57526846,high,in,EPjFWdd5AufqSSqeM2qN1xzybapC8G4wEGGkZwyTDt1v,USDC,6,2738460000,2738.46,1.00,2738.46,0,success,fixture
wfqavK5kJzB4AyKaLDqP4YJQ1qpfEpxGCZ4wehydfsW29HJ1LsD62g1WX7jcCGkNmmG9qxYXhiFYUPNHVS5V9VPX,276287315,2026-06-02T16:48:46Z,7xKXtg2CW87d97TXJSDpbD5jBkheTqA83TZRuJosgAsU,Counterparty_07_e9c1b823,high,out,EPjFWdd5AufqSSqeM2qN1xzybapC8G4wEGGkZwyTDt1v,USDC,6,18365130000,18365.13,1.00,18365.13,5000,success,fixture
qwiviQz2WNYTHLdRhGxrdC7Lct8dSLBwJnz4wKrDSQKpM6e5nwU44hCn9AUkNnUYyfgBTR9LFwJznop7yWsbj5wL,276513135,2026-06-03T17:54:14Z,7xKXtg2CW87d97TXJSDpbD5jBkheTqA83TZRuJosgAsU,Counterparty_16_9911036c,high,out,Es9vMFrzaCERmJfrF4H2FYD4KCoNkY11McCe8BenwNYB,USDT,6,17702780000,17702.78,1.00,17702.78,5000,success,fixture
XQbHaGSEf8Vu37uEsZgcb71AdMuVca9CkEFkwxwNaU9EJxAj9FuKq9ATL528HhJtADz1QRuRsNqVVT1oqS7hhAP8,276518092,2026-06-03T18:27:17Z,7xKXtg2CW87d97TXJSDpbD5jBkheTqA83TZRuJosgAsU,Counterparty_15_69842a97,high,out,EPjFWdd5AufqSSqeM2qN1xzybapC8G4wEGGkZwyTDt1v,USDC,6,5751150000,5751.15,1.00,5751.15,5000,success,fixture
AV5XVhLsJe4PZ5LWV34QvK5ixw6gfZRWecspz3VtdiDMfXZA4V7tzvNn6ZiC3GnVVaagBQQKRTrNkf4shiN5N7ck,276519652,2026-06-03T18:37:41Z,7xKXtg2CW87d97TXJSDpbD5jBkheTqA83TZRuJosgAsU,Counterparty_12_50e165e4,high,out,EPjFWdd5AufqSSqeM2qN1xzybapC8G4wEGGkZwyTDt1v,USDC,6,21614770000,21614.77,1.00,21614.77,5000,success,fixture
uEwYCQoa16uNrFjQaKdTAx23ECvF3B18of9RjbzxS4w8YFZPMmQQP4P7hb6unzWwkRx6LBRsT9KLFTYXqn1uHhrm,276554910,2026-06-03T22:32:44Z,7xKXtg2CW87d97TXJSDpbD5jBkheTqA83TZRuJosgAsU,Counterparty_02_d11a6706,high,in,EPjFWdd5AufqSSqeM2qN1xzybapC8G4wEGGkZwyTDt1v,USDC,6,1419060000,1419.06,1.00,1419.06,0,success,fixture
PAQVbBbL82SYrAWMA1pbZNinKXzKqdjAtdoVNm8oXz39kc8L2SgvFVP6M4fiDeaFsrJD26bwVkj6ZSDYMffZ4jQS,276587167,2026-06-04T02:07:47Z,7xKXtg2CW87d97TXJSDpbD5jBkheTqA83TZRuJosgAsU,Counterparty_04_57526846,high,out,Es9vMFrzaCERmJfrF4H2FYD4KCoNkY11McCe8BenwNYB,USDT,6,12212490000,12212.49,1.00,12212.49,5000,success,fixture
wi15d6TQFSHW2tSiUgUwthrkXYZh7uwEH5LsNAJwJcUJre5kuMEP2d2jHDPpq5vaJ3yREfAfnHhoSQ7rzEAW643L,276598030,2026-06-04T03:20:12Z,7xKXtg2CW87d97TXJSDpbD5jBkheTqA83TZRuJosgAsU,Counterparty_19_5a69fc17,high,out,EPjFWdd5AufqSSqeM2qN1xzybapC8G4wEGGkZwyTDt1v,USDC,6,5767540000,5767.54,1.00,5767.54,5000,success,fixture
D5U4mXdj7Yve7EbR46MsX7wmy6sY8Ey9sn7ekLwu29LzWjx1Bacti6K689vbWwhLM9Ym5rfEUXwZQYRKxUDf5Gcs,276780755,2026-06-04T23:38:22Z,7xKXtg2CW87d97TXJSDpbD5jBkheTqA83TZRuJosgAsU,Counterparty_02_d11a6706,high,in,Es9vMFrzaCERmJfrF4H2FYD4KCoNkY11McCe8BenwNYB,USDT,6,16461380000,16461.38,1.00,16461.38,0,success,fixture
k9o2iYKHTSRp3enduDNonFkbhsXjPZLwBvjycCK7X9pHotcqCkzNi6FPFpxLTsyNQHeKWw8X4xheeg5XyDZ8xkRa,276808792,2026-06-05T02:45:17Z,7xKXtg2CW87d97TXJSDpbD5jBkheTqA83TZRuJosgAsU,Counterparty_09_a71f3d1a,high,out,EPjFWdd5AufqSSqeM2qN1xzybapC8G4wEGGkZwyTDt1v,USDC,6,5040170000,5040.17,1.00,5040.17,5000,success,fixture
JKqw3VqanekTWWmZxabteyBinzo9t7q3p3Wr9kj1J2rqgLYq58sCKS7mVQjYbm1zJ7y2mLcUTX6aTHJAU9rKLuY4,276810872,2026-06-05T02:59:09Z,7xKXtg2CW87d97TXJSDpbD5jBkheTqA83TZRuJosgAsU,Counterparty_22_d1f65e81,high,out,EPjFWdd5AufqSSqeM2qN1xzybapC8G4wEGGkZwyTDt1v,USDC,6,13679600000,13679.60,1.00,13679.60,5000,success,fixture
SzcSTqb3pjNc334nQcdjPymqEb8MXvQxz46wMJFkbmptNWb7ch4XWgntJgo7tKyaaxt8Pjqvhsv8KJUT6yfjfNH8,276834337,2026-06-05T05:35:35Z,7xKXtg2CW87d97TXJSDpbD5jBkheTqA83TZRuJosgAsU,Counterparty_14_829f4116,high,in,EPjFWdd5AufqSSqeM2qN1xzybapC8G4wEGGkZwyTDt1v,USDC,6,13425460000,13425.46,1.00,13425.46,0,success,fixture
nMsk2tDghD4rvFZw1DqQJE7uGVpF7AndQsm2srJczZhwob7rgbYmQdwdWF9mCie9xvXa3geAaGytmjdwbSExd7h3,276855782,2026-06-05T07:58:33Z,7xKXtg2CW87d97TXJSDpbD5jBkheTqA83TZRuJosgAsU,Counterparty_13_34249d8b,high,in,EPjFWdd5AufqSSqeM2qN1xzybapC8G4wEGGkZwyTDt1v,USDC,6,14153580000,14153.58,1.00,14153.58,0,success,fixture
F3D4tLK1VVb6jn7z4gypTQgcLjrMMWTpvnUGptLMyL8scpCfe7ATgwzfJNA4TLk6got72T7mpRiRmg624zqyvwmo,276904595,2026-06-05T13:23:58Z,7xKXtg2CW87d97TXJSDpbD5jBkheTqA83TZRuJosgAsU,Counterparty_16_9911036c,high,out,EPjFWdd5AufqSSqeM2qN1xzybapC8G4wEGGkZwyTDt1v,USDC,6,21862320000,21862.32,1.00,21862.32,5000,success,fixture
Rs8RHboK2aurQZtZVY3KziDMZ67Brbb1h5EjhrExkUv7EbvmyprUiu5pkA2WnN3654CsHc5duFHTRVhSUM2Rk8b1,276922147,2026-06-05T15:20:59Z,7xKXtg2CW87d97TXJSDpbD5jBkheTqA83TZRuJosgAsU,Counterparty_20_8ba8f837,high,out,Es9vMFrzaCERmJfrF4H2FYD4KCoNkY11McCe8BenwNYB,USDT,6,24871950000,24871.95,1.00,24871.95,5000,success,fixture
vHwCVW2V1W3PXhwcET4e6JzgcM5VCHrsJHxY9FhCAxgi4F8i3CkZxVeM3cnF4nHH2kwwwPbn3fGP75ZV8Z5GEMdQ,276926540,2026-06-05T15:50:16Z,7xKXtg2CW87d97TXJSDpbD5jBkheTqA83TZRuJosgAsU,Counterparty_26_2906e732,high,out,EPjFWdd5AufqSSqeM2qN1xzybapC8G4wEGGkZwyTDt1v,USDC,6,21133540000,21133.54,1.00,21133.54,5000,success,fixture
2s2N2yX3pxAT3bRqfoaBB71PzF6T58XWTwzbV9wfth1LXXzzH9MjbQgjn7XYpvwdD9FZ9tAFj6p7nSKyg7GFHCoj,276933532,2026-06-05T16:36:53Z,7xKXtg2CW87d97TXJSDpbD5jBkheTqA83TZRuJosgAsU,Counterparty_09_a71f3d1a,high,out,Es9vMFrzaCERmJfrF4H2FYD4KCoNkY11McCe8BenwNYB,USDT,6,15243850000,15243.85,1.00,15243.85,5000,success,fixture
LzMi4bPXpu1DH1z8is6YSy6W2R7Eiy387k9VEbFw6jahvi6WB2GMXeRPvUH125d5jrwipMKw9rSo4nzxVcuAwK58,276942232,2026-06-05T17:34:53Z,7xKXtg2CW87d97TXJSDpbD5jBkheTqA83TZRuJosgAsU,Counterparty_13_34249d8b,high,out,EPjFWdd5AufqSSqeM2qN1xzybapC8G4wEGGkZwyTDt1v,USDC,6,22660220000,22660.22,1.00,22660.22,5000,success,fixture
Qj4QLuBsdRo3cn3hX4TEGTfwgcWgPs2rgrhwaC954Jt48xSHva8ycap1HhoHwiCcXYyGaDRnqDai5SJGAk5AmSgk,276981152,2026-06-05T21:54:21Z,7xKXtg2CW87d97TXJSDpbD5jBkheTqA83TZRuJosgAsU,Counterparty_09_a71f3d1a,high,out,EPjFWdd5AufqSSqeM2qN1xzybapC8G4wEGGkZwyTDt1v,USDC,6,18824820000,18824.82,1.00,18824.82,5000,success,fixture
N1Q3SZ8P7k6HT9WZNSrhTB5XnqSBkWynCLFuZv8zLJxQTxuP6nwwJefVNEi35KHRpEGbHMMKNt169iA95gktaiZL,276998240,2026-06-05T23:48:16Z,7xKXtg2CW87d97TXJSDpbD5jBkheTqA83TZRuJosgAsU,Counterparty_17_f3e82208,high,in,EPjFWdd5AufqSSqeM2qN1xzybapC8G4wEGGkZwyTDt1v,USDC,6,4298060000,4298.06,1.00,4298.06,0,success,fixture
4p8vTzLuAR51X1EDQ3uiarHzsBKwEmpm8gbxFd9KbwKZ5F21L7pUftt5u1MwF3A7Q5RXoQqtncRmKSnsGFjxgxNF,276999075,2026-06-05T23:53:50Z,7xKXtg2CW87d97TXJSDpbD5jBkheTqA83TZRuJosgAsU,Counterparty_09_a71f3d1a,high,out,EPjFWdd5AufqSSqeM2qN1xzybapC8G4wEGGkZwyTDt1v,USDC,6,202410000,202.41,1.00,202.41,5000,success,fixture
tJKt7W62PxRYEfoAgEmxtiTqdv3W1vRHkaiYAnGNqarrqoDchzdjyjyN6WyQh94LWX23LaDm1kVS9WyGyBQNEbBW,277031105,2026-06-06T03:27:22Z,7xKXtg2CW87d97TXJSDpbD5jBkheTqA83TZRuJosgAsU,Counterparty_26_2906e732,high,out,EPjFWdd5AufqSSqeM2qN1xzybapC8G4wEGGkZwyTDt1v,USDC,6,18400290000,18400.29,1.00,18400.29,5000,success,fixture
2jmL7BuBowN4v58BzZWrqN4aCSWt3Dd4eYGc1Vge7KfGYz7f63JQ8L8HRnbZs8sYMqT53dPcFsKboGNf5uBWNyFT,277081397,2026-06-06T09:02:39Z,7xKXtg2CW87d97TXJSDpbD5jBkheTqA83TZRuJosgAsU,Counterparty_23_44e61d9a,high,in,EPjFWdd5AufqSSqeM2qN1xzybapC8G4wEGGkZwyTDt1v,USDC,6,15599780000,15599.78,1.00,15599.78,0,success,fixture
s4KPQUAGaTdksCBC6gxRgkGYeAFWhHWHj1ztWzKkbB5VPeLhUmHWwLDRwX7GRdPdKmK2vjSJ1dxkrp4fpYvzzKrt,277210517,2026-06-06T23:23:27Z,7xKXtg2CW87d97TXJSDpbD5jBkheTqA83TZRuJosgAsU,Counterparty_07_e9c1b823,high,out,Es9vMFrzaCERmJfrF4H2FYD4KCoNkY11McCe8BenwNYB,USDT,6,7276810000,7276.81,1.00,7276.81,5000,success,fixture
1CPvwRYh4A8XtaCgNsecb5Sq7o1FVoTEqBeK1FvsZuo2LEYH6hBUgzuc1ZoRMMw81aTrw7gueW1xYwopZEgsEk6G,277212165,2026-06-06T23:34:26Z,7xKXtg2CW87d97TXJSDpbD5jBkheTqA83TZRuJosgAsU,Counterparty_04_57526846,high,out,EPjFWdd5AufqSSqeM2qN1xzybapC8G4wEGGkZwyTDt1v,USDC,6,5554860000,5554.86,1.00,5554.86,5000,success,fixture
XZsDfnub3DX2EVXEq6A4QcscTdimLaPEm4WHaWc5tDH2oePmi8J1M4p5c7GnwnR5Yy313JZuPLoj7owrp9kDjHZ7,277217460,2026-06-07T00:09:44Z,7xKXtg2CW87d97TXJSDpbD5jBkheTqA83TZRuJosgAsU,Counterparty_00_9d79b1a3,high,out,EPjFWdd5AufqSSqeM2qN1xzybapC8G4wEGGkZwyTDt1v,USDC,6,22329410000,22329.41,1.00,22329.41,5000,success,fixture
ZUkVgJdrsRDykbG1wgwVADSt84vb4dyAT6RS917TMPzMoVkZTJNYjaSMMqqPyYP7CHXUJ114RaVNastTtaw9Kk4P,277226677,2026-06-07T01:11:11Z,7xKXtg2CW87d97TXJSDpbD5jBkheTqA83TZRuJosgAsU,Counterparty_02_d11a6706,high,out,EPjFWdd5AufqSSqeM2qN1xzybapC8G4wEGGkZwyTDt1v,USDC,6,8467410000,8467.41,1.00,8467.41,5000,success,fixture
5yMGHjmYKDf9Y1a7B4Wb3qun2EYb6w181GhAtx1ZAwGH7urS1fkg2dWPYnabtsP8ySS6d2YySHLJzf4JFseKpjnz,277262200,2026-06-07T05:08:00Z,7xKXtg2CW87d97TXJSDpbD5jBkheTqA83TZRuJosgAsU,Counterparty_28_89d35ea6,high,out,Es9vMFrzaCERmJfrF4H2FYD4KCoNkY11McCe8BenwNYB,USDT,6,14326820000,14326.82,1.00,14326.82,5000,success,fixture
CoBENf2RAYk2rexnKuw3yok7JL5BLNBCeAHtQRVk2ajuidFdnFzxmiP3JTBmgmDDiWJ8PDwNcutoyxFEnaVZieQs,277299175,2026-06-07T09:14:30Z,7xKXtg2CW87d97TXJSDpbD5jBkheTqA83TZRuJosgAsU,Counterparty_19_5a69fc17,high,in,Es9vMFrzaCERmJfrF4H2FYD4KCoNkY11McCe8BenwNYB,USDT,6,20069020000,20069.02,1.00,20069.02,0,success,fixture
oXoeX3rjRmnYGJfeR474hNJbQVK8X9yp5MroTuAxAeLdDc6VGMdbqjHcauKm29rr5xsmnpMwQzrVpyECMWFWQNDk,277303495,2026-06-07T09:43:18Z,7xKXtg2CW87d97TXJSDpbD5jBkheTqA83TZRuJosgAsU,Counterparty_22_d1f65e81,high,out,EPjFWdd5AufqSSqeM2qN1xzybapC8G4wEGGkZwyTDt1v,USDC,6,24599020000,24599.02,1.00,24599.02,5000,success,fixture
1TxsqKCmWBdof2mKEZch7YoTWS9xBwyV3ApPLG5ShFd5MZLTJyX9NT4uKRtWzZBi3kEUg2Sm7MnsmP3juCS5GH2m,277329685,2026-06-07T12:37:54Z,7xKXtg2CW87d97TXJSDpbD5jBkheTqA83TZRuJosgAsU,Counterparty_19_5a69fc17,high,out,EPjFWdd5AufqSSqeM2qN1xzybapC8G4wEGGkZwyTDt1v,USDC,6,4525190000,4525.19,1.00,4525.19,5000,success,fixture
bWijDrudPzynxdADrAELC72bfw3r9bP5MxMFjEDLBUJFErP29yzV8vR2VxpwpER4VVSDErReu86CZeoa8BqE8Ypf,277398810,2026-06-07T20:18:44Z,7xKXtg2CW87d97TXJSDpbD5jBkheTqA83TZRuJosgAsU,Counterparty_11_b3669cbd,high,out,SOL,SOL,9,31000000000,31.0000,,,5000,success,fixture
jpWYW56cjGnV9XuJvBBv2f7CK8bpSB5jq1kJAVPCEn3zkbEVm4vhtaijnjz7RmLV4f14rRrDGQGD62T21NuDkj5F,277440005,2026-06-08T00:53:22Z,7xKXtg2CW87d97TXJSDpbD5jBkheTqA83TZRuJosgAsU,Counterparty_28_89d35ea6,high,in,Es9vMFrzaCERmJfrF4H2FYD4KCoNkY11McCe8BenwNYB,USDT,6,21861210000,21861.21,1.00,21861.21,0,success,fixture
UeFzeAdz1T33XorZ3UaSXttmu7VYG6cq1moTE9PKGi62XjLBnWwdpe2WWr9xnSCsxQhWnh1xh5RzmNa3KUqJmgbd,277455572,2026-06-08T02:37:09Z,7xKXtg2CW87d97TXJSDpbD5jBkheTqA83TZRuJosgAsU,Counterparty_25_a6c1ad8f,high,in,Es9vMFrzaCERmJfrF4H2FYD4KCoNkY11McCe8BenwNYB,USDT,6,2752790000,2752.79,1.00,2752.79,0,success,fixture
563vd14kX4u7YcpQ2oC1Q4APjKdXBkqhFnkgC361kCgzyXQzgsfXJiWkmijxNhFxfUMfxpVpLHvqBPARjkkgqpHj,277474625,2026-06-08T04:44:10Z,7xKXtg2CW87d97TXJSDpbD5jBkheTqA83TZRuJosgAsU,Counterparty_20_8ba8f837,high,in,EPjFWdd5AufqSSqeM2qN1xzybapC8G4wEGGkZwyTDt1v,USDC,6,2832510000,2832.51,1.00,2832.51,0,success,fixture
aEt2HBrqybySEAG54CSPmMYKXHkKfDSSYFMA7S2aGL3BvZeWtJr1gEqvkeEJgmymSJXtsfDQFgntxNxRBt7pMKAn,277568497,2026-06-08T15:09:59Z,7xKXtg2CW87d97TXJSDpbD5jBkheTqA83TZRuJosgAsU,Counterparty_25_a6c1ad8f,high,out,EPjFWdd5AufqSSqeM2qN1xzybapC8G4wEGGkZwyTDt1v,USDC,6,13655580000,13655.58,1.00,13655.58,5000,success,fixture
mM7VrRMTngcFTLwfM2vfiyCTAZgtXQkYA4ojoDnz7KmDw1S7LGtCZZQadgKV3fjeu2Tfdopc8cd9FsvX54HLe4Y7,277627260,2026-06-08T21:41:44Z,7xKXtg2CW87d97TXJSDpbD5jBkheTqA83TZRuJosgAsU,Counterparty_21_18aa8f3b,high,in,EPjFWdd5AufqSSqeM2qN1xzybapC8G4wEGGkZwyTDt1v,USDC,6,13935320000,13935.32,1.00,13935.32,0,success,fixture
D6tooz78AGjPd2JxBSPCyWuHAcUvkRzCtjP8m4aQYFaDcnkPPKN6HhqU3tfuh6eFM76XjzLPvPMqkFmWm3qT9XCb,277733722,2026-06-09T09:31:29Z,7xKXtg2CW87d97TXJSDpbD5jBkheTqA83TZRuJosgAsU,Counterparty_27_b10f4db7,high,in,EPjFWdd5AufqSSqeM2qN1xzybapC8G4wEGGkZwyTDt1v,USDC,6,6646310000,6646.31,1.00,6646.31,0,success,fixture
eNhkvX1cUt6dgE5HnQcLDHmMSRF65FbcQ4yEKyCDvTBjp93wGDLWKCHTEi72LFjVneTZpmktjSsubv23csziMnnz,277746777,2026-06-09T10:58:31Z,7xKXtg2CW87d97TXJSDpbD5jBkheTqA83TZRuJosgAsU,Counterparty_04_57526846,high,out,Es9vMFrzaCERmJfrF4H2FYD4KCoNkY11McCe8BenwNYB,USDT,6,12598960000,12598.96,1.00,12598.96,5000,success,fixture
RUP6cDVbtzLpVV6eaqbZGVJGuHP3fuSZMgEZ3SBpM4AG3ZxdievkRJStfhBHFLrxFPHaSfNC8Cu7kPR3uGZV51ab,277829627,2026-06-09T20:10:51Z,7xKXtg2CW87d97TXJSDpbD5jBkheTqA83TZRuJosgAsU,Counterparty_01_7f31801c,high,in,EPjFWdd5AufqSSqeM2qN1xzybapC8G4wEGGkZwyTDt1v,USDC,6,10269530000,10269.53,1.00,10269.53,0,success,fixture
ZdDoSYKBboS36YrSymiXjxaVEzZqya4875tE3iPCkeAEaFQBAEWYN3JKsat2SiGhCHJckgScHT3Jw8nBT7SopQMh,277889930,2026-06-10T02:52:52Z,7xKXtg2CW87d97TXJSDpbD5jBkheTqA83TZRuJosgAsU,Counterparty_09_a71f3d1a,high,in,EPjFWdd5AufqSSqeM2qN1xzybapC8G4wEGGkZwyTDt1v,USDC,6,8214250000,8214.25,1.00,8214.25,0,success,fixture
xq9sqZq7iHKXcTtWKoyh9c3C6iZkcgF2RFqPYcin2kFWcer8jA7FujgoznVHzGuoSfd1MuNcMPYsQedLmr2bqJCd,277927045,2026-06-10T07:00:18Z,7xKXtg2CW87d97TXJSDpbD5jBkheTqA83TZRuJosgAsU,Counterparty_28_89d35ea6,high,out,EPjFWdd5AufqSSqeM2qN1xzybapC8G4wEGGkZwyTDt1v,USDC,6,13833770000,13833.77,1.00,13833.77,5000,success,fixture
XAqqioirKww1LGsLYH8nBMF5jDXjgMwS714YYYDiB5YP4FT6qdqjC3AmNvgpvefo5eDaXDEW3DLoCtKwLJwVKcf1,277951305,2026-06-10T09:42:02Z,7xKXtg2CW87d97TXJSDpbD5jBkheTqA83TZRuJosgAsU,Counterparty_24_b30fcb06,high,out,EPjFWdd5AufqSSqeM2qN1xzybapC8G4wEGGkZwyTDt1v,USDC,6,941560000,941.56,1.00,941.56,5000,success,fixture
NSodg2vCDNvNkXXt3i9XAhWzxbzNWsuTp4vaLdokMcb2EdkNtysP5AJv2NRhbvBdfRCf8xsqLnwMn3JT6YyGQVvL,277957795,2026-06-10T10:25:18Z,7xKXtg2CW87d97TXJSDpbD5jBkheTqA83TZRuJosgAsU,Counterparty_06_de562439,high,out,EPjFWdd5AufqSSqeM2qN1xzybapC8G4wEGGkZwyTDt1v,USDC,6,3777470000,3777.47,1.00,3777.47,5000,success,fixture
cjZKHsrJEtvY9r8vDCUwsnnYYwTExcsFr5ne5kZ4tLFZzLmG3reXdYNrRZnsHC8c8cq35tawpXJWBf6nmzF78BRP,277992277,2026-06-10T14:15:11Z,7xKXtg2CW87d97TXJSDpbD5jBkheTqA83TZRuJosgAsU,Counterparty_19_5a69fc17,high,out,EPjFWdd5AufqSSqeM2qN1xzybapC8G4wEGGkZwyTDt1v,USDC,6,12802000000,12802.00,1.00,12802.00,5000,success,fixture
w9X2nCPggU78tKEMzZuD3Lx1hXXozpoQ8F3U51fqAzy97SceWKNtDuW8KVGvA3KG6g9VKGt6CTUTPSw3CFDS6zTP,277997175,2026-06-10T14:47:50Z,7xKXtg2CW87d97TXJSDpbD5jBkheTqA83TZRuJosgAsU,Counterparty_10_6d2d3cad,high,out,EPjFWdd5AufqSSqeM2qN1xzybapC8G4wEGGkZwyTDt1v,USDC,6,4869320000,4869.32,1.00,4869.32,5000,success,fixture
dDvQW2jYwRxQ1dHSCx1XbyiMUAioCV8ejuBT2q9vhjRspu58cUZxx2p82fysFUv1ei5eJwd1uc5iW44xD9YmSjBa,278022055,2026-06-10T17:33:42Z,7xKXtg2CW87d97TXJSDpbD5jBkheTqA83TZRuJosgAsU,Counterparty_00_9d79b1a3,high,out,Es9vMFrzaCERmJfrF4H2FYD4KCoNkY11McCe8BenwNYB,USDT,6,21999850000,21999.85,1.00,21999.85,5000,success,fixture
aVipRRgHuehHVp6PPvhtpGJwVHxMi3nh9H2rQGVYBfi1coJkvpagSMyFigHNy2GVtuPJcx3rXa1QFbEDobQSeDCo,278083275,2026-06-11T00:21:50Z,7xKXtg2CW87d97TXJSDpbD5jBkheTqA83TZRuJosgAsU,Counterparty_19_5a69fc17,high,in,EPjFWdd5AufqSSqeM2qN1xzybapC8G4wEGGkZwyTDt1v,USDC,6,19788480000,19788.48,1.00,19788.48,0,success,fixture
uuw245Ra4giJ6Khf5wpM4WTrCxhaDxeViThA4oQFhJJ2zYVVfKSB4nVy9oSqxTj9f9P2ct6pxYohuXR4Bdmf5rrH,278088495,2026-06-11T00:56:38Z,7xKXtg2CW87d97TXJSDpbD5jBkheTqA83TZRuJosgAsU,Counterparty_00_9d79b1a3,high,out,Es9vMFrzaCERmJfrF4H2FYD4KCoNkY11McCe8BenwNYB,USDT,6,22206680000,22206.68,1.00,22206.68,5000,success,fixture
PeqBhCYkVRwyHt6Lf32EwsucM1CptNN5ooEvsJrKkHycSXACbbFd1LXqGF5HQJRopm6QkXKevDAP68HmseWaaWeu,278089680,2026-06-11T01:04:32Z,7xKXtg2CW87d97TXJSDpbD5jBkheTqA83TZRuJosgAsU,Counterparty_10_6d2d3cad,high,in,EPjFWdd5AufqSSqeM2qN1xzybapC8G4wEGGkZwyTDt1v,USDC,6,22651010000,22651.01,1.00,22651.01,0,success,fixture
GAtA9wksHzyrV3pkZ717Jam7BeoV5gcbJ3rvcfyjHGVrsLcjqxiouoy8t9zSZ8YqfG1o1aw2MZbtefx1NwiZ3b8J,278134240,2026-06-11T06:01:36Z,7xKXtg2CW87d97TXJSDpbD5jBkheTqA83TZRuJosgAsU,Counterparty_00_9d79b1a3,high,in,EPjFWdd5AufqSSqeM2qN1xzybapC8G4wEGGkZwyTDt1v,USDC,6,23443030000,23443.03,1.00,23443.03,0,success,fixture
P6QSBEdCou1f3bNzrM73YhmLo2jf7yF767WrZR7fk2ANtKnVkR4kmCBh2SngQFMuJm6kC1z6j9CVzMsszdPx41Bx,278149110,2026-06-11T07:40:44Z,7xKXtg2CW87d97TXJSDpbD5jBkheTqA83TZRuJosgAsU,Counterparty_13_34249d8b,high,out,Es9vMFrzaCERmJfrF4H2FYD4KCoNkY11McCe8BenwNYB,USDT,6,2686400000,2686.40,1.00,2686.40,5000,success,fixture
p4ZkQy48RQWg3QQCicn5cnrE9NGb8iXpqexmEqpqFMPzJZkUJ45QPVYZav8XnbkubzKVgQtkmty5DzyW66SzCK57,278160110,2026-06-11T08:54:04Z,7xKXtg2CW87d97TXJSDpbD5jBkheTqA83TZRuJosgAsU,Counterparty_05_903bb13e,high,out,EPjFWdd5AufqSSqeM2qN1xzybapC8G4wEGGkZwyTDt1v,USDC,6,4948630000,4948.63,1.00,4948.63,5000,success,fixture
cfBAFmQQy9mbMcYj2xzUD1sjArAcrxnCfFtGPAbwVagY7QozDPtzfiTLYBTajLwpYJTJkQM3WkAzaG7q18cPok4a,278185435,2026-06-11T11:42:54Z,7xKXtg2CW87d97TXJSDpbD5jBkheTqA83TZRuJosgAsU,Counterparty_17_f3e82208,high,in,Es9vMFrzaCERmJfrF4H2FYD4KCoNkY11McCe8BenwNYB,USDT,6,15834400000,15834.40,1.00,15834.40,0,success,fixture
ovdqBP7B78xZeoyKRBG76UzRQvzvQRFzhUxF14kKukuDDMewx36PSuK1WjzhQvqNnSdKw6HRoVENgAmZDokvgRtA,278221415,2026-06-11T15:42:46Z,7xKXtg2CW87d97TXJSDpbD5jBkheTqA83TZRuJosgAsU,Counterparty_11_b3669cbd,high,out,Es9vMFrzaCERmJfrF4H2FYD4KCoNkY11McCe8BenwNYB,USDT,6,8686890000,8686.89,1.00,8686.89,5000,success,fixture
AcJ8EQRgJa1LM3WEPqrRqmYLZ1dMYhhFdHk2yNevhqc39jU1BngHJAixtw3tF6Pafq9NaJgvx2WDwLA3F7dpVjWX,278239020,2026-06-11T17:40:08Z,7xKXtg2CW87d97TXJSDpbD5jBkheTqA83TZRuJosgAsU,Counterparty_09_a71f3d1a,high,out,EPjFWdd5AufqSSqeM2qN1xzybapC8G4wEGGkZwyTDt1v,USDC,6,11980780000,11980.78,1.00,11980.78,5000,success,fixture
5TSU3nbt8wCEe9YacKrJYhg3ecRtDT6M9XSgMvcttwwKLLA1ABtHmcAHbbvSDo5GxWGW5LQ3F5vvx8b3mARkRhet,278254025,2026-06-11T19:20:10Z,7xKXtg2CW87d97TXJSDpbD5jBkheTqA83TZRuJosgAsU,Counterparty_03_fb40d6bd,high,out,Es9vMFrzaCERmJfrF4H2FYD4KCoNkY11McCe8BenwNYB,USDT,6,19901970000,19901.97,1.00,19901.97,5000,success,fixture
HquYoipYWBosPB9obYCybi4a3vw5uj4q1T9vhF5nA1EZWQ4ghjgXjY21bcT12aoJbK2ZumkUtC77aAGDgaHuPJsS,278316942,2026-06-12T02:19:37Z,7xKXtg2CW87d97TXJSDpbD5jBkheTqA83TZRuJosgAsU,Counterparty_02_d11a6706,high,out,SOL,SOL,9,34000000000,34.0000,,,5000,success,fixture
hardDqQdUYhetCtyTCQoxN9PWT6P2nnwyGDPxufthZiHb4vaT5ZUkqjmhapDq1uHEJABefxjvYbQE9ux8mm15nGF,278319710,2026-06-12T02:38:04Z,7xKXtg2CW87d97TXJSDpbD5jBkheTqA83TZRuJosgAsU,Counterparty_28_89d35ea6,high,out,EPjFWdd5AufqSSqeM2qN1xzybapC8G4wEGGkZwyTDt1v,USDC,6,7217010000,7217.01,1.00,7217.01,5000,success,fixture
V4VGiubzQHvS1ppqQA6WyE95GE1hNZtVkceBthZay1BnrkBejuPNrqxuYSgqE4ZabEYuk3Vfoeo5vmkfso1T9Dkj,278339335,2026-06-12T04:48:54Z,7xKXtg2CW87d97TXJSDpbD5jBkheTqA83TZRuJosgAsU,Counterparty_20_8ba8f837,high,in,EPjFWdd5AufqSSqeM2qN1xzybapC8G4wEGGkZwyTDt1v,USDC,6,9341280000,9341.28,1.00,9341.28,0,success,fixture
juERAvd98qmGyoN3hw77GJHfRbmyueM2e9ud6vuaKZeeHPJjoeJpfVAPKWvAjzq4KYHsvL9k7VvQTFdHe1HuRM7x,278340922,2026-06-12T04:59:29Z,7xKXtg2CW87d97TXJSDpbD5jBkheTqA83TZRuJosgAsU,Counterparty_09_a71f3d1a,high,out,EPjFWdd5AufqSSqeM2qN1xzybapC8G4wEGGkZwyTDt1v,USDC,6,13883880000,13883.88,1.00,13883.88,5000,success,fixture
HRdErmnP82yBp6L4tq6AbGD6dNQZhenXde1FNtqxfW7YY6wYm2D3PTZV4zdL59HmR1N6SHbtFqhhceMEGVRcH8qc,278359527,2026-06-12T07:03:31Z,7xKXtg2CW87d97TXJSDpbD5jBkheTqA83TZRuJosgAsU,Counterparty_14_829f4116,high,out,EPjFWdd5AufqSSqeM2qN1xzybapC8G4wEGGkZwyTDt1v,USDC,6,21963550000,21963.55,1.00,21963.55,5000,success,fixture
ELWGQtQjBatgyUyn58Ay9sDDbRmQMfUhG3qgeDwbKsAMG4hsJx9wZeyYEo6sXsjg5BZRqyiqZQYaWCMnQamXnYXJ,278385645,2026-06-12T09:57:38Z,7xKXtg2CW87d97TXJSDpbD5jBkheTqA83TZRuJosgAsU,Counterparty_18_6ecaa007,high,out,Es9vMFrzaCERmJfrF4H2FYD4KCoNkY11McCe8BenwNYB,USDT,6,19235830000,19235.83,1.00,19235.83,5000,success,fixture
pxkDfQ3r768NrBuMMZkUvCWVnbcbCS3F6VJbe2G2HPtzbztZ1nqeX8vbU5tywvLuz9CfzFQmNmrKjoQfyC3MpsPd,278509720,2026-06-12T23:44:48Z,7xKXtg2CW87d97TXJSDpbD5jBkheTqA83TZRuJosgAsU,Counterparty_13_34249d8b,high,out,EPjFWdd5AufqSSqeM2qN1xzybapC8G4wEGGkZwyTDt1v,USDC,6,16350760000,16350.76,1.00,16350.76,5000,success,fixture
3cvp8moz4NRnFNiaoujUttee3hC7rG57TmTdLT2y9h5ByKzUVvUrHAZ8AnkooPdaxDSrB4WutJgZucsvHezmoMf5,278514240,2026-06-13T00:14:56Z,7xKXtg2CW87d97TXJSDpbD5jBkheTqA83TZRuJosgAsU,Counterparty_27_b10f4db7,high,in,EPjFWdd5AufqSSqeM2qN1xzybapC8G4wEGGkZwyTDt1v,USDC,6,19063190000,19063.19,1.00,19063.19,0,success,fixture
SMV9UXSQkJ6rfZBZ7VeJYXdP1wt3DLNq9qA4CUCSgF4E9wpRjzHPBQVFG1gnq3WqruHrq3oRFN6UZNAiAJWSpXQ8,278547590,2026-06-13T03:57:16Z,7xKXtg2CW87d97TXJSDpbD5jBkheTqA83TZRuJosgAsU,Counterparty_04_57526846,high,out,Es9vMFrzaCERmJfrF4H2FYD4KCoNkY11McCe8BenwNYB,USDT,6,6657610000,6657.61,1.00,6657.61,5000,success,fixture
Gq3ehpJNcXQdP4ZmCPtX9FCpmkD11X1cTxy5cUfuLZuLSkWKWohqPBpg7JcGpQiRxQ3chrRd9jv9Wwxj1pCNu9kk,278550242,2026-06-13T04:14:57Z,7xKXtg2CW87d97TXJSDpbD5jBkheTqA83TZRuJosgAsU,Counterparty_11_b3669cbd,high,out,Es9vMFrzaCERmJfrF4H2FYD4KCoNkY11McCe8BenwNYB,USDT,6,8756800000,8756.80,1.00,8756.80,5000,success,fixture
z6zXrN2oYkdTG6FAJk4jxoJeRu6gzTmihM6gSSBX6JPX4UMmbzmUrZUBvrwEVZQmqVW7kyW8C5dedDwmixfs6YRo,278576010,2026-06-13T07:06:44Z,7xKXtg2CW87d97TXJSDpbD5jBkheTqA83TZRuJosgAsU,Counterparty_23_44e61d9a,high,out,EPjFWdd5AufqSSqeM2qN1xzybapC8G4wEGGkZwyTDt1v,USDC,6,24745620000,24745.62,1.00,24745.62,5000,success,fixture
nmxgBczkvtFxEhudpX6VivwbQRa7WRfVQ3Pf7YpGmrdG2qm54kPoQzue6rRfrcDGni5YeEyRKiY2afnuHoL3RPnn,278605910,2026-06-13T10:26:04Z,7xKXtg2CW87d97TXJSDpbD5jBkheTqA83TZRuJosgAsU,Counterparty_25_a6c1ad8f,high,out,EPjFWdd5AufqSSqeM2qN1xzybapC8G4wEGGkZwyTDt1v,USDC,6,11730190000,11730.19,1.00,11730.19,5000,success,fixture
zUCDi9wtwvVYinr34HNENaPneXE49rWFphju9BcPutV2LnBsH3qoANNNKTafosmkFesVzWi3K77TXcbw5QseThsx,278699367,2026-06-13T20:49:07Z,7xKXtg2CW87d97TXJSDpbD5jBkheTqA83TZRuJosgAsU,Counterparty_09_a71f3d1a,high,out,Es9vMFrzaCERmJfrF4H2FYD4KCoNkY11McCe8BenwNYB,USDT,6,15180290000,15180.29,1.00,15180.29,5000,success,fixture
n4W6DZ3TV7G4WnFN64uxKQaJYLDtSC8nD22dUCPbxakPVUnUfHY2E8c1NDjtxrDfSButVHvUySUuA6Pe5aGv9mwX,278749352,2026-06-14T02:22:21Z,7xKXtg2CW87d97TXJSDpbD5jBkheTqA83TZRuJosgAsU,Counterparty_00_9d79b1a3,high,in,EPjFWdd5AufqSSqeM2qN1xzybapC8G4wEGGkZwyTDt1v,USDC,6,8816510000,8816.51,1.00,8816.51,0,success,fixture
L39unpzHzCscU5XvmbeBzNtV8L3w9N4xkwGbMxnYUpCqRxvLZs5hTqqGaiKdGqpTxcx4jRDMZPF2ov62r6wqAVcd,278785985,2026-06-14T06:26:34Z,7xKXtg2CW87d97TXJSDpbD5jBkheTqA83TZRuJosgAsU,Counterparty_12_50e165e4,high,out,EPjFWdd5AufqSSqeM2qN1xzybapC8G4wEGGkZwyTDt1v,USDC,6,20101830000,20101.83,1.00,20101.83,5000,success,fixture
uzmqQxhTZ2mmcJUufo117Nmic89rERwAJnCKgikKsXk319P8dm3SziVz9LmJrU4gQtXmYzBvKbXYKWRGz4kbENV9,278843675,2026-06-14T12:51:10Z,7xKXtg2CW87d97TXJSDpbD5jBkheTqA83TZRuJosgAsU,Counterparty_21_18aa8f3b,high,out,Es9vMFrzaCERmJfrF4H2FYD4KCoNkY11McCe8BenwNYB,USDT,6,20349120000,20349.12,1.00,20349.12,5000,success,fixture
w48gyoFNKNsnkz3FwSeZuctcKmsEgDqrGDyBKwGSBeU91tb2PdppbiF89vsJqJ6Bye4VrNqfSMxgfg948AGYSD5X,278861210,2026-06-14T14:48:04Z,7xKXtg2CW87d97TXJSDpbD5jBkheTqA83TZRuJosgAsU,Counterparty_14_829f4116,high,out,EPjFWdd5AufqSSqeM2qN1xzybapC8G4wEGGkZwyTDt1v,USDC,6,9204200000,9204.20,1.00,9204.20,5000,success,fixture
zo4gquU6kqznV1pk6MerQmkfk5dHovMVPptXQYLqYMbpDFeB3mPTWyWMswSWxzWVAApqRT2x9sMRxhASQ1UsujzC,278875537,2026-06-14T16:23:35Z,7xKXtg2CW87d97TXJSDpbD5jBkheTqA83TZRuJosgAsU,Counterparty_04_57526846,high,out,Es9vMFrzaCERmJfrF4H2FYD4KCoNkY11McCe8BenwNYB,USDT,6,7210120000,7210.12,1.00,7210.12,5000,success,fixture
vetn2SDPgmF8Br8mQ5j32fff7CgxeaCouJaU7Ek671DyMa2WWxm64ze6B4kHnNvkeFZXfQfRFajLMGMoJxSb8gTR,278901600,2026-06-14T19:17:20Z,7xKXtg2CW87d97TXJSDpbD5jBkheTqA83TZRuJosgAsU,Counterparty_05_903bb13e,high,in,Es9vMFrzaCERmJfrF4H2FYD4KCoNkY11McCe8BenwNYB,USDT,6,23774860000,23774.86,1.00,23774.86,0,success,fixture
XmrKMRbKK9uRFDEuGrzwhcbzLyoxTN5d3EnKcDs4c9K6E38Us4SjrsHjwpHte3DQhpdGxK8YkXpyhDEKnkiFqnh3,278934995,2026-06-14T22:59:58Z,7xKXtg2CW87d97TXJSDpbD5jBkheTqA83TZRuJosgAsU,Counterparty_24_b30fcb06,high,out,Es9vMFrzaCERmJfrF4H2FYD4KCoNkY11McCe8BenwNYB,USDT,6,14972140000,14972.14,1.00,14972.14,5000,success,fixture
Jq6ZEDrYca7LiYqznLAyP2WtLFaw93uDfPuk4int4VZUVVxNN13rMDpMXswhhzuRn4iFSwVEER5JCHXJ6Pqv6vUp,279113705,2026-06-15T18:51:22Z,7xKXtg2CW87d97TXJSDpbD5jBkheTqA83TZRuJosgAsU,Counterparty_07_e9c1b823,high,in,Es9vMFrzaCERmJfrF4H2FYD4KCoNkY11McCe8BenwNYB,USDT,6,14410530000,14410.53,1.00,14410.53,0,success,fixture
quMGzp4CJiQE46zCFpecrHuYBG2EJns939bKW5tetptr26WnBBjt9K4yQ4VuyoTvHjybWor7vXihmYMuHT7gsvfx,279139797,2026-06-15T21:45:19Z,7xKXtg2CW87d97TXJSDpbD5jBkheTqA83TZRuJosgAsU,Counterparty_05_903bb13e,high,out,EPjFWdd5AufqSSqeM2qN1xzybapC8G4wEGGkZwyTDt1v,USDC,6,11888810000,11888.81,1.00,11888.81,5000,success,fixture
Hs7o14RVoTByTYyRPbR7vXsxdiqkFBV5tw3K2MH75NByRBo5cz6NfgzXn2UiBfyUB47NEDTmcoobHjKLG74SdcvY,279400490,2026-06-17T02:43:16Z,7xKXtg2CW87d97TXJSDpbD5jBkheTqA83TZRuJosgAsU,Counterparty_04_57526846,high,in,EPjFWdd5AufqSSqeM2qN1xzybapC8G4wEGGkZwyTDt1v,USDC,6,14111110000,14111.11,1.00,14111.11,0,success,fixture
4bSWAoATjhUCb6z4VSVWpVtrbwTVjnFmfX5b5f3PidVHUZsdzdFE3QEmYJ3jUBH9R84nGGAJcmXYDRP7abJrf8gb,279433012,2026-06-17T06:20:05Z,7xKXtg2CW87d97TXJSDpbD5jBkheTqA83TZRuJosgAsU,Counterparty_26_2906e732,high,out,Es9vMFrzaCERmJfrF4H2FYD4KCoNkY11McCe8BenwNYB,USDT,6,2756270000,2756.27,1.00,2756.27,5000,success,fixture
VcWDXsb6NyT8vySB5pYERXw6GpaoYD5K2mhEz5dmv8SUTxrn8UBLpkjSgobaodioUXySCp5Z9CLWdhhC9HYSiycU,279440050,2026-06-17T07:07:00Z,7xKXtg2CW87d97TXJSDpbD5jBkheTqA83TZRuJosgAsU,Counterparty_14_829f4116,high,in,SOL,SOL,9,34000000000,34.0000,,,0,success,fixture
vhdCwRTaSRia2b2XeQTNG424CtAYQ1gDmTju2JXx1gAc3GzFVt6HAk8EtXKVuCYudFeChAkTonZgJxdMHBYuTpy9,279501285,2026-06-17T13:55:14Z,7xKXtg2CW87d97TXJSDpbD5jBkheTqA83TZRuJosgAsU,Counterparty_19_5a69fc17,high,in,Es9vMFrzaCERmJfrF4H2FYD4KCoNkY11McCe8BenwNYB,USDT,6,8178500000,8178.50,1.00,8178.50,0,success,fixture
fmtrEQxNZZ5w4Zqn9jAVVrNLVrvVhYYJQdxCQKyn89EZVAwKpettGXfXg32Y4nKxNzQfKcvLdmpTWzHowz7UU9Dk,279552795,2026-06-17T19:38:38Z,7xKXtg2CW87d97TXJSDpbD5jBkheTqA83TZRuJosgAsU,Counterparty_18_6ecaa007,high,out,Es9vMFrzaCERmJfrF4H2FYD4KCoNkY11McCe8BenwNYB,USDT,6,21693620000,21693.62,1.00,21693.62,5000,success,fixture
YWQSgoKBrfaLt51tLy1vn3EwpBXE2Eq9LraCnVLxmREpsM9koFsNvT68cZmqA1Gvb1kvUwuknoeNZjT9j5cNDijx,279593795,2026-06-18T00:11:58Z,7xKXtg2CW87d97TXJSDpbD5jBkheTqA83TZRuJosgAsU,Counterparty_02_d11a6706,high,out,EPjFWdd5AufqSSqeM2qN1xzybapC8G4wEGGkZwyTDt1v,USDC,6,21591200000,21591.20,1.00,21591.20,5000,success,fixture
4UYRBQ8NkGvbwrw8KLXKHE1phdSELiZuz3WzgwY4P1gWNLP71PyoCSP17UYD6aZzAT8Y1ArjHFXSQLQUzCbtJ7Vj,279636240,2026-06-18T04:54:56Z,7xKXtg2CW87d97TXJSDpbD5jBkheTqA83TZRuJosgAsU,Counterparty_26_2906e732,high,out,EPjFWdd5AufqSSqeM2qN1xzybapC8G4wEGGkZwyTDt1v,USDC,6,11691950000,11691.95,1.00,11691.95,5000,success,fixture
tHGVnUyXG4pPcNbC5gUypJqNfgTbA9JE69kjy6APQZZgaDpgBmE2Xb8J89rrNW2jTVz4WYvgnkooiuiCvvLHznuN,279694265,2026-06-18T11:21:46Z,7xKXtg2CW87d97TXJSDpbD5jBkheTqA83TZRuJosgAsU,Counterparty_09_a71f3d1a,high,out,Es9vMFrzaCERmJfrF4H2FYD4KCoNkY11McCe8BenwNYB,USDT,6,15464410000,15464.41,1.00,15464.41,5000,success,fixture
vWoZy8CVoDo7YnxKkoxjtAVo7aF9wAkJz2BEfESxj9XR7WTuJn2rjJ3JoRNjQ76BcRFZ682P19nxt9bnfB3XriKk,279698955,2026-06-18T11:53:02Z,7xKXtg2CW87d97TXJSDpbD5jBkheTqA83TZRuJosgAsU,Counterparty_20_8ba8f837,high,out,EPjFWdd5AufqSSqeM2qN1xzybapC8G4wEGGkZwyTDt1v,USDC,6,5660670000,5660.67,1.00,5660.67,5000,success,fixture
Fn8Hzs6seU8PU3YzciGCYKkztmccFNoRP7rWetwtjjiSCKh3yfTmhKvgRRbGoHgU2JVZLA5V1AcN7RABPeqGuhTJ,279749462,2026-06-18T17:29:45Z,7xKXtg2CW87d97TXJSDpbD5jBkheTqA83TZRuJosgAsU,Counterparty_17_f3e82208,high,out,EPjFWdd5AufqSSqeM2qN1xzybapC8G4wEGGkZwyTDt1v,USDC,6,16566730000,16566.73,1.00,16566.73,5000,success,fixture
pEmR11JvrMqLNYfK9YxQFWEWEBzSwmdxPDVAHLJdXo8BBReM5KiyhzGTfBy34e7rAPntZQGxLp49fY2ZdPGZsnfX,279885920,2026-06-19T08:39:28Z,7xKXtg2CW87d97TXJSDpbD5jBkheTqA83TZRuJosgAsU,Counterparty_00_9d79b1a3,high,out,Es9vMFrzaCERmJfrF4H2FYD4KCoNkY11McCe8BenwNYB,USDT,6,1250090000,1250.09,1.00,1250.09,5000,success,fixture
expZrYeo94UsAF8sKujNfUcjmZmfwu7w2yenRh7dqSxc4KP2PB65Aq4vEsU1a8SsJr7mycr1HHpstTv3ybm5mgY7,279962197,2026-06-19T17:07:59Z,7xKXtg2CW87d97TXJSDpbD5jBkheTqA83TZRuJosgAsU,Counterparty_08_a96089bc,high,in,Es9vMFrzaCERmJfrF4H2FYD4KCoNkY11McCe8BenwNYB,USDT,6,18181300000,18181.30,1.00,18181.30,0,success,fixture
jd63BzLN73e63g1uDsBzSuY7JeKgva5vgK95WfwHBirmZ7YfFmK3SwNjBmXtVPZLKinuSTtGswLjMEGWAnA364ey,279968342,2026-06-19T17:48:57Z,7xKXtg2CW87d97TXJSDpbD5jBkheTqA83TZRuJosgAsU,Counterparty_03_fb40d6bd,high,in,EPjFWdd5AufqSSqeM2qN1xzybapC8G4wEGGkZwyTDt1v,USDC,6,14810160000,14810.16,1.00,14810.16,0,success,fixture
KP3tZMMHbayNfZwuhrmw3Rd4LGescXZabfedKghvbxyLrJw1S3AsReq3dhQfL4Pki97dadg2C1srYWYD4bzZy6NF,280005495,2026-06-19T21:56:38Z,7xKXtg2CW87d97TXJSDpbD5jBkheTqA83TZRuJosgAsU,Counterparty_00_9d79b1a3,high,in,SOL,SOL,9,19000000000,19.0000,,,0,success,fixture
D6ughLtnFFYQ3JYznnfE1DuhS8xJdZYBcDjpdkkfdC5e9p59HdwFyaosJDwk2mkbgHkcyW1Uiki4wMUwTJ8kaWYQ,280016202,2026-06-19T23:08:01Z,7xKXtg2CW87d97TXJSDpbD5jBkheTqA83TZRuJosgAsU,Counterparty_16_9911036c,high,in,Es9vMFrzaCERmJfrF4H2FYD4KCoNkY11McCe8BenwNYB,USDT,6,7457060000,7457.06,1.00,7457.06,0,success,fixture
yfG4cdagnF2dmAiCAn3BnLy5tYUTseV3utukSxaDmcBcBRnTVK4k2j1fjXYFMmwKejTCQjvfPe2o8A6EQND48BNF,280022112,2026-06-19T23:47:25Z,7xKXtg2CW87d97TXJSDpbD5jBkheTqA83TZRuJosgAsU,Counterparty_08_a96089bc,high,out,SOL,SOL,9,32000000000,32.0000,,,5000,success,fixture
XbsYPdZMRJC2MfF2ztrJ4tXaPreFB7GjGJbusp4qFdwtRPvwCCGeMtpmPe2nmPddAdDvtyYbLCY364FfF2aX1NgD,280124505,2026-06-20T11:10:02Z,7xKXtg2CW87d97TXJSDpbD5jBkheTqA83TZRuJosgAsU,Counterparty_25_a6c1ad8f,high,in,EPjFWdd5AufqSSqeM2qN1xzybapC8G4wEGGkZwyTDt1v,USDC,6,5915410000,5915.41,1.00,5915.41,0,success,fixture
PqqGQkdNA3QR534TYdd1i2SdUuc45bRnVXH3rmzGXZJmk9nyEjDdwKLemQxF21SYWRqwwBNM1EBhPv15YERMH9zS,280129712,2026-06-20T11:44:45Z,7xKXtg2CW87d97TXJSDpbD5jBkheTqA83TZRuJosgAsU,Counterparty_05_903bb13e,high,out,EPjFWdd5AufqSSqeM2qN1xzybapC8G4wEGGkZwyTDt1v,USDC,6,17704320000,17704.32,1.00,17704.32,5000,success,fixture
qDBtS2FFo9Eo2eZB8Qnis3RyhHrbg4f4j7iv24m8TVR8cHXmAEmkh1LTj7jaJgfm9Tvz7Zog8K8s7YDfDrHvaDPn,280136147,2026-06-20T12:27:39Z,7xKXtg2CW87d97TXJSDpbD5jBkheTqA83TZRuJosgAsU,Counterparty_13_34249d8b,high,out,EPjFWdd5AufqSSqeM2qN1xzybapC8G4wEGGkZwyTDt1v,USDC,6,18061630000,18061.63,1.00,18061.63,5000,success,fixture
sXtwBgEKmp6jX9CDBfY7sTYLGEc42PyHPkBCuxzZ3t5NU8gF8cFYHNsPr3rycJzAwmxZfj7n4VtWvq87sggsw7uc,280220425,2026-06-20T21:49:30Z,7xKXtg2CW87d97TXJSDpbD5jBkheTqA83TZRuJosgAsU,Counterparty_01_7f31801c,high,out,EPjFWdd5AufqSSqeM2qN1xzybapC8G4wEGGkZwyTDt1v,USDC,6,20741150000,20741.15,1.00,20741.15,5000,success,fixture
Vsg2DBD1ucab4sUx1yfK5WN1BsoJ8F24VZhbUYiPamsYMNkbN1eNdq7LN3KgvVCzGSTgKkS9VCZUN7b8Krm93LsF,280264287,2026-06-21T02:41:55Z,7xKXtg2CW87d97TXJSDpbD5jBkheTqA83TZRuJosgAsU,Counterparty_20_8ba8f837,high,out,EPjFWdd5AufqSSqeM2qN1xzybapC8G4wEGGkZwyTDt1v,USDC,6,21796410000,21796.41,1.00,21796.41,5000,success,fixture
jSRg4PxNt71WxmSovy92f8xaJmquGQVgkjxXZTjD1huM2hQx3tpMkVFfYSpgs6PUXjwmz7oRKfDnAxaydswnZ39Y,280300542,2026-06-21T06:43:37Z,7xKXtg2CW87d97TXJSDpbD5jBkheTqA83TZRuJosgAsU,Counterparty_25_a6c1ad8f,high,in,EPjFWdd5AufqSSqeM2qN1xzybapC8G4wEGGkZwyTDt1v,USDC,6,22154700000,22154.70,1.00,22154.70,0,success,fixture
76njSNumrs5U1bSCrKvesMy7FDeUUuo1pNuWMwAidSSpLX5k6Z6Ez9j1WADpd8en6bHSNQx4rTEUemjwZNzs5RWy,280324107,2026-06-21T09:20:43Z,7xKXtg2CW87d97TXJSDpbD5jBkheTqA83TZRuJosgAsU,Counterparty_23_44e61d9a,high,out,Es9vMFrzaCERmJfrF4H2FYD4KCoNkY11McCe8BenwNYB,USDT,6,11918450000,11918.45,1.00,11918.45,5000,success,fixture
V2E6XSbj74uvu6qiEvBJX4wXD4Z7K6JCFVPVJnNkJvqQxi8VqFqiD15TNmHvZWSQVa6vQpd5TSzsPNhk6sVAscRH,280332952,2026-06-21T10:19:41Z,7xKXtg2CW87d97TXJSDpbD5jBkheTqA83TZRuJosgAsU,Counterparty_04_57526846,high,in,Es9vMFrzaCERmJfrF4H2FYD4KCoNkY11McCe8BenwNYB,USDT,6,14326060000,14326.06,1.00,14326.06,0,success,fixture
uNdLTgcev2TAG9WoAFiX8VgZe2AyBFXkud43nusqUMuJxtnbhhV4jycJtWVeMnH5hsVTYMMDea5uyxbbgk3vVpEW,280351142,2026-06-21T12:20:57Z,7xKXtg2CW87d97TXJSDpbD5jBkheTqA83TZRuJosgAsU,Counterparty_16_9911036c,high,in,EPjFWdd5AufqSSqeM2qN1xzybapC8G4wEGGkZwyTDt1v,USDC,6,2223410000,2223.41,1.00,2223.41,0,success,fixture
GxwjYvmUT4h7xrJvooJzHhZNTjvHP617ntYGeYFeUjJ7runYcfvdRfaxjR3f7evsi7d78qGQeknzfTuSnp3PisVw,280412845,2026-06-21T19:12:18Z,7xKXtg2CW87d97TXJSDpbD5jBkheTqA83TZRuJosgAsU,Counterparty_14_829f4116,high,out,Es9vMFrzaCERmJfrF4H2FYD4KCoNkY11McCe8BenwNYB,USDT,6,1321510000,1321.51,1.00,1321.51,5000,success,fixture
YLa5tKpMBM9nyZqZbjtSLRMx2ycgFz2HG6XcKA5Gf7FrUmfgYNHaFgEYYXz9prVp8QHvABH8BMqs1nEwakEJq7CK,280459437,2026-06-22T00:22:55Z,7xKXtg2CW87d97TXJSDpbD5jBkheTqA83TZRuJosgAsU,Counterparty_15_69842a97,high,in,EPjFWdd5AufqSSqeM2qN1xzybapC8G4wEGGkZwyTDt1v,USDC,6,15019180000,15019.18,1.00,15019.18,0,success,fixture
ZtpkB2AwfksV395GriQQRd3fAkVQQVq5d9aQSMiJG82pCYaRc8HrHnVEgKmYD89w5VCznV6tkwMjPn5cbKzLwBnn,280476745,2026-06-22T02:18:18Z,7xKXtg2CW87d97TXJSDpbD5jBkheTqA83TZRuJosgAsU,Counterparty_29_8c088ab3,high,out,Es9vMFrzaCERmJfrF4H2FYD4KCoNkY11McCe8BenwNYB,USDT,6,11945650000,11945.65,1.00,11945.65,5000,success,fixture
CaR8sEBGofHNvxTkKN9ELCZSLrtLgVUs1CHeZUUDJCp4otePGUqWhjXhzxuGJjdchhQCgXvFPSvr6NmCRSQuNdw5,280502420,2026-06-22T05:09:28Z,7xKXtg2CW87d97TXJSDpbD5jBkheTqA83TZRuJosgAsU,Counterparty_08_a96089bc,high,out,Es9vMFrzaCERmJfrF4H2FYD4KCoNkY11McCe8BenwNYB,USDT,6,12882200000,12882.20,1.00,12882.20,5000,success,fixture
j3Vn9fSBgzorp2k62VgFnCmASPAVaBPKRG2NgLj6pPUY85WVMEecvrosVBJthMc6nyeswwcWj3ZjZL1YNnMqDmct,280517740,2026-06-22T06:51:36Z,7xKXtg2CW87d97TXJSDpbD5jBkheTqA83TZRuJosgAsU,Counterparty_00_9d79b1a3,high,out,EPjFWdd5AufqSSqeM2qN1xzybapC8G4wEGGkZwyTDt1v,USDC,6,12941430000,12941.43,1.00,12941.43,5000,success,fixture
kLLrLcwLYfA1VJ4Q7toumcwW1Dk9B7oiVWNgg49PrHpzhfaGd52EC1mJ7o4FhY9Zq54AqyfWCfNuvVMPy8AUEW4i,280546567,2026-06-22T10:03:47Z,7xKXtg2CW87d97TXJSDpbD5jBkheTqA83TZRuJosgAsU,Counterparty_01_7f31801c,high,out,Es9vMFrzaCERmJfrF4H2FYD4KCoNkY11McCe8BenwNYB,USDT,6,14070980000,14070.98,1.00,14070.98,5000,success,fixture
k1EiSvEksAUBFXM2NpvhKEACoT1BXcJzRmCKw4RzmaEVuNfpHnPaXwm4tAEq2Xhs53pNRL3p2TVL7QaRYgMk9Ko2,280572837,2026-06-22T12:58:55Z,7xKXtg2CW87d97TXJSDpbD5jBkheTqA83TZRuJosgAsU,Counterparty_20_8ba8f837,high,out,EPjFWdd5AufqSSqeM2qN1xzybapC8G4wEGGkZwyTDt1v,USDC,6,9052120000,9052.12,1.00,9052.12,5000,success,fixture
8jL5ZzUpJkaoBD1Zaqo9vfMsiaxSmZtJ7dTBGirFBzU2piQocRngqJBWTvXKaE7wVDm1RSCveEjik6Q6taztq6Wb,280643555,2026-06-22T20:50:22Z,7xKXtg2CW87d97TXJSDpbD5jBkheTqA83TZRuJosgAsU,Counterparty_16_9911036c,high,in,EPjFWdd5AufqSSqeM2qN1xzybapC8G4wEGGkZwyTDt1v,USDC,6,4906480000,4906.48,1.00,4906.48,0,success,fixture
G16rdRQJdoY4NsgxKHQkjed7HMAr5193hqEZbjX1hV5GvphU2wK95A7ty13KTbYfXPA63z4aKcUMLCPkNnUnaRuA,280645762,2026-06-22T21:05:05Z,7xKXtg2CW87d97TXJSDpbD5jBkheTqA83TZRuJosgAsU,Counterparty_05_903bb13e,high,in,Es9vMFrzaCERmJfrF4H2FYD4KCoNkY11McCe8BenwNYB,USDT,6,24556820000,24556.82,1.00,24556.82,0,success,fixture
i2JvNbGbYQ31xpYpW3ge4oD8VsA7hy5sFrQenZ1KDEG8tqQkTeTH2846LS26ygkDEMC1wUBCtR4kdE5RpJ9qRSvF,280660765,2026-06-22T22:45:06Z,7xKXtg2CW87d97TXJSDpbD5jBkheTqA83TZRuJosgAsU,Counterparty_07_e9c1b823,high,in,EPjFWdd5AufqSSqeM2qN1xzybapC8G4wEGGkZwyTDt1v,USDC,6,9695060000,9695.06,1.00,9695.06,0,success,fixture
jVRDkQZwoWD766xEQKogCMcRXJMTsKLF8EBb8xpQR5DTZCFyGjoAgn3nKU1waKRkjVL3X9Kuraxu3qn7ZXggfX7s,280681360,2026-06-23T01:02:24Z,7xKXtg2CW87d97TXJSDpbD5jBkheTqA83TZRuJosgAsU,Counterparty_29_8c088ab3,high,out,Es9vMFrzaCERmJfrF4H2FYD4KCoNkY11McCe8BenwNYB,USDT,6,826690000,826.69,1.00,826.69,5000,success,fixture
THAL11auqw9PKXb1mYqXL1rUtKfFs1cQDTycUSGBnpiRvRFH6UhGaqtgtmkJKipbtJTDw5C9K8hWgVJmgYDM2A4b,280684127,2026-06-23T01:20:51Z,7xKXtg2CW87d97TXJSDpbD5jBkheTqA83TZRuJosgAsU,Counterparty_00_9d79b1a3,high,in,SOL,SOL,9,23000000000,23.0000,,,0,success,fixture
hqyqLvkUAm5vzBXR1BQ3bCkvzT76qBE5AT7UFmuBJnancykazezeNyVBvfbjdEVUCgvsVJMHfEotrv2DSKRrbW6x,280756192,2026-06-23T09:21:17Z,7xKXtg2CW87d97TXJSDpbD5jBkheTqA83TZRuJosgAsU,Counterparty_18_6ecaa007,high,in,Es9vMFrzaCERmJfrF4H2FYD4KCoNkY11McCe8BenwNYB,USDT,6,4254060000,4254.06,1.00,4254.06,0,success,fixture
gPLYU6Ucq4ohRZ3G3Low21xMkmJxTa26tmrD8uxzJEGT1PYHDC7py78PJdNghpiig9d6qkXfp7fRvygtj4fx5GRK,280832475,2026-06-23T17:49:50Z,7xKXtg2CW87d97TXJSDpbD5jBkheTqA83TZRuJosgAsU,Counterparty_02_d11a6706,high,out,Es9vMFrzaCERmJfrF4H2FYD4KCoNkY11McCe8BenwNYB,USDT,6,10487890000,10487.89,1.00,10487.89,5000,success,fixture
EKpN3ENcvmr7UkptjjQLgoybhh4hkS7ZwLRLcswYR1ajQwVzSLUtv2EwRyyDjByK9brUSCAY7ghA6WFTRpNUTWFf,280844335,2026-06-23T19:08:54Z,7xKXtg2CW87d97TXJSDpbD5jBkheTqA83TZRuJosgAsU,Counterparty_01_7f31801c,high,out,Es9vMFrzaCERmJfrF4H2FYD4KCoNkY11McCe8BenwNYB,USDT,6,1550620000,1550.62,1.00,1550.62,5000,success,fixture
hb7TX3JUcmU556HyjPXSZGy982B6dCjDVjbQcHX5sjCeT8c3FDAL9pmS1Q4Zs18ajJea1Lyt9MGxXtEDjXXXE7CR,280894260,2026-06-24T00:41:44Z,7xKXtg2CW87d97TXJSDpbD5jBkheTqA83TZRuJosgAsU,Counterparty_17_f3e82208,high,out,Es9vMFrzaCERmJfrF4H2FYD4KCoNkY11McCe8BenwNYB,USDT,6,2423180000,2423.18,1.00,2423.18,5000,success,fixture
mHNZAqdtLA2DhHtwj15QEMqGJTT2VMRdffHKeynJxSUVAn474c9Jyio2t9nrb6mZA9iFZVfrK1AzSA3aPZy5YHmM,280985840,2026-06-24T10:52:16Z,7xKXtg2CW87d97TXJSDpbD5jBkheTqA83TZRuJosgAsU,Counterparty_28_89d35ea6,high,in,EPjFWdd5AufqSSqeM2qN1xzybapC8G4wEGGkZwyTDt1v,USDC,6,11847810000,11847.81,1.00,11847.81,0,success,fixture
sGxhZ4gTTL7JXsQFGSwemQBKyVrJqSUoMjFNEcemmmT9qhyrdcyNpGAKDynqRYeAL7NX6BiWximTDphcFMJEjKTc,281015362,2026-06-24T14:09:05Z,7xKXtg2CW87d97TXJSDpbD5jBkheTqA83TZRuJosgAsU,Counterparty_10_6d2d3cad,high,out,Es9vMFrzaCERmJfrF4H2FYD4KCoNkY11McCe8BenwNYB,USDT,6,8172850000,8172.85,1.00,8172.85,5000,success,fixture
km3E7WCzFnM5nEYEdhg13REzm8K1zGjuvNCRuFQvS3AAfGgjHyUkdnxzhLEyipJTm1TuTRJvzDurYHf1hmS3mrV9,281106965,2026-06-25T00:19:46Z,7xKXtg2CW87d97TXJSDpbD5jBkheTqA83TZRuJosgAsU,Counterparty_21_18aa8f3b,high,out,EPjFWdd5AufqSSqeM2qN1xzybapC8G4wEGGkZwyTDt1v,USDC,6,20992140000,20992.14,1.00,20992.14,5000,success,fixture
uryYNhndPqa9ap8ve4CA5VpeWobfjzjwhv5u9LabDhfxVz6W1NqeaLHNt7sJsEUYqxBaSa76CoEh2EaZNqUwb8r6,281116302,2026-06-25T01:22:01Z,7xKXtg2CW87d97TXJSDpbD5jBkheTqA83TZRuJosgAsU,Counterparty_18_6ecaa007,high,in,Es9vMFrzaCERmJfrF4H2FYD4KCoNkY11McCe8BenwNYB,USDT,6,16211680000,16211.68,1.00,16211.68,0,success,fixture
6bovD4JRkff3x5DtqeojcEXExNL1EDp8pqXGmfnESGcMrKRWbiPLHQZyYW7toXqvMEQMT3dxFpA2HceeoTKADNFR,281128235,2026-06-25T02:41:34Z,7xKXtg2CW87d97TXJSDpbD5jBkheTqA83TZRuJosgAsU,Counterparty_18_6ecaa007,high,in,EPjFWdd5AufqSSqeM2qN1xzybapC8G4wEGGkZwyTDt1v,USDC,6,21550870000,21550.87,1.00,21550.87,0,success,fixture
SuLQ6rmeCJ9VdGHRbk9wigjcQ6SPACjaYyEM76cWXaSGHh5JKczXjYVLVTrDeVjo52D5abVwruCYYxdT4xTjbZsa,281181820,2026-06-25T08:38:48Z,7xKXtg2CW87d97TXJSDpbD5jBkheTqA83TZRuJosgAsU,Counterparty_21_18aa8f3b,high,out,EPjFWdd5AufqSSqeM2qN1xzybapC8G4wEGGkZwyTDt1v,USDC,6,23514360000,23514.36,1.00,23514.36,5000,success,fixture
Wp6e7Z9huS5ed4Uj9GKHwMtSmvpMMVJF5D9rre7A7BVWMT8bPrEVLWHw86BtkLunmf3EvwMA6nGPSZ4kLHuC2SwV,281246890,2026-06-25T15:52:36Z,7xKXtg2CW87d97TXJSDpbD5jBkheTqA83TZRuJosgAsU,Counterparty_17_f3e82208,high,out,EPjFWdd5AufqSSqeM2qN1xzybapC8G4wEGGkZwyTDt1v,USDC,6,3203590000,3203.59,1.00,3203.59,5000,success,fixture
Wp6e7Z9huS5ed4Uj9GKHwMtSmvpMMVJF5D9rre7A7BVWMT8bPrEVLWHw86BtkLunmf3EvwMA6nGPSZ4kLHuC2SwV,281246890,2026-06-25T15:52:36Z,7xKXtg2CW87d97TXJSDpbD5jBkheTqA83TZRuJosgAsU,Counterparty_17_f3e82208,high,out,EPjFWdd5AufqSSqeM2qN1xzybapC8G4wEGGkZwyTDt1v,USDC,6,3203590000,3203.59,1.00,3203.59,5000,success,fixture
1KPPLVxc6EoyVpTtVKBtozUozT9vef6AELXxaN5eqR61ThJTCcWndq9DCvRKcY3uuLveLYcpWF2s1AHLhvhX8ijz,281275342,2026-06-25T19:02:17Z,7xKXtg2CW87d97TXJSDpbD5jBkheTqA83TZRuJosgAsU,Counterparty_09_a71f3d1a,high,out,EPjFWdd5AufqSSqeM2qN1xzybapC8G4wEGGkZwyTDt1v,USDC,6,22639820000,22639.82,1.00,22639.82,5000,success,fixture
N17XruZDEANkjwppZJaSyaeggDUrot3WoecKbqW3KN2Tehs5XvyTWyfdFMveFVHLziw3uFjzeHSH1aF3FuVGS1U4,281291510,2026-06-25T20:50:04Z,7xKXtg2CW87d97TXJSDpbD5jBkheTqA83TZRuJosgAsU,Counterparty_02_d11a6706,high,out,EPjFWdd5AufqSSqeM2qN1xzybapC8G4wEGGkZwyTDt1v,USDC,6,18009530000,18009.53,1.00,18009.53,5000,success,fixture
NN6cLePnsQBgUHGhM997XD9cLAHraXijBdb4jB2zAg5iWCRMr7iiGoHA3LhNvYaq8G7KQqxR9oQF4E4y9Jw5F218,281300077,2026-06-25T21:47:11Z,7xKXtg2CW87d97TXJSDpbD5jBkheTqA83TZRuJosgAsU,Counterparty_03_fb40d6bd,high,in,EPjFWdd5AufqSSqeM2qN1xzybapC8G4wEGGkZwyTDt1v,USDC,6,14003380000,14003.38,1.00,14003.38,0,success,fixture
7B1a11MRL2tzddQw5CDhgYCbEP7xkAfQdCzVnwyrCZAuuV2g3bys8tLK7PkCeaBz7YDfAgNWjcvRsV8jc5NGQAGu,281301837,2026-06-25T21:58:55Z,7xKXtg2CW87d97TXJSDpbD5jBkheTqA83TZRuJosgAsU,Counterparty_15_69842a97,high,in,Es9vMFrzaCERmJfrF4H2FYD4KCoNkY11McCe8BenwNYB,USDT,6,1462450000,1462.45,1.00,1462.45,0,success,fixture
6YvLsACK1HvymikECT77bvg43DLRaU7mRE4X1AbSVmiB4Ar33fNrsGSztTo95dQDTbe21NWXfM247YG9Ntd12tWE,281305807,2026-06-25T22:25:23Z,7xKXtg2CW87d97TXJSDpbD5jBkheTqA83TZRuJosgAsU,Counterparty_19_5a69fc17,high,out,EPjFWdd5AufqSSqeM2qN1xzybapC8G4wEGGkZwyTDt1v,USDC,6,24762990000,24762.99,1.00,24762.99,5000,success,fixture
W6yoGLvkizxDpqp9L4RnKCJ9dMTFvDJyDCKHmVH6YPeQPriaVvhkvB3veRAbdEmUPitksKENmZcvpsJ6ZrEHEWH3,281417815,2026-06-26T10:52:06Z,7xKXtg2CW87d97TXJSDpbD5jBkheTqA83TZRuJosgAsU,Counterparty_29_8c088ab3,high,in,EPjFWdd5AufqSSqeM2qN1xzybapC8G4wEGGkZwyTDt1v,USDC,6,20780230000,20780.23,1.00,20780.23,0,success,fixture
GSXnJdWbNAHf5H8RucS15DtHYWceuJZdTDJ4UhYf7XURM89C8Qqt43w5J7cbJ9s7pkUE3zjd418NgoJKUGFFgfdq,281457162,2026-06-26T15:14:25Z,7xKXtg2CW87d97TXJSDpbD5jBkheTqA83TZRuJosgAsU,Counterparty_08_a96089bc,high,out,EPjFWdd5AufqSSqeM2qN1xzybapC8G4wEGGkZwyTDt1v,USDC,6,7845190000,7845.19,1.00,7845.19,5000,success,fixture
vNFwvzWFvvs1MEryxKBbf1Yna5hzvTAeD4dtiR8Px4X8wv4US8Sf4FUwxW4Nd4J88WjvdhwkXVfUkD7fdKTV3dgR,281474670,2026-06-26T17:11:08Z,7xKXtg2CW87d97TXJSDpbD5jBkheTqA83TZRuJosgAsU,Counterparty_21_18aa8f3b,high,in,EPjFWdd5AufqSSqeM2qN1xzybapC8G4wEGGkZwyTDt1v,USDC,6,8984780000,8984.78,1.00,8984.78,0,success,fixture
QngUPrSSrWTK3fgokRawGDKrJ22gnQABuvK9kRknQDrWgDmC9v6e5qHGgn1W2QmKXjGT4q8NYshe86N3pm735Snv,281557792,2026-06-27T02:25:17Z,7xKXtg2CW87d97TXJSDpbD5jBkheTqA83TZRuJosgAsU,Counterparty_29_8c088ab3,high,in,EPjFWdd5AufqSSqeM2qN1xzybapC8G4wEGGkZwyTDt1v,USDC,6,1106640000,1106.64,1.00,1106.64,0,success,fixture
xFkDHXAYuCoYK9Dhy6awopE1U5YcgEnC3TmHgRheGhPXajCyLvFyKjYYshSfPbXK7F8yzqqKTVMGjU8CWMj8PmSn,281558702,2026-06-27T02:31:21Z,7xKXtg2CW87d97TXJSDpbD5jBkheTqA83TZRuJosgAsU,Counterparty_04_57526846,high,out,Es9vMFrzaCERmJfrF4H2FYD4KCoNkY11McCe8BenwNYB,USDT,6,16129760000,16129.76,1.00,16129.76,5000,success,fixture
STkge8RowdwdxBonWxVk2kvZthUmsRPWzsKboUQvfVVjMfWYUXEmjsthZ23zWM3ouTa9DioGrXGvzFdGJWrKm6jo,281624755,2026-06-27T09:51:42Z,7xKXtg2CW87d97TXJSDpbD5jBkheTqA83TZRuJosgAsU,Counterparty_05_903bb13e,high,out,EPjFWdd5AufqSSqeM2qN1xzybapC8G4wEGGkZwyTDt1v,USDC,6,16487510000,16487.51,1.00,16487.51,5000,success,fixture
D8Hex9ZheTe7akS8jXMiSbUEHzMjJteRJjkBC2TturdzqdjANrNarG41DtvPb4jmncrWQShGHpKg7owx3ZaPvFKc,281660412,2026-06-27T13:49:25Z,7xKXtg2CW87d97TXJSDpbD5jBkheTqA83TZRuJosgAsU,Counterparty_29_8c088ab3,high,out,EPjFWdd5AufqSSqeM2qN1xzybapC8G4wEGGkZwyTDt1v,USDC,6,2899770000,2899.77,1.00,2899.77,5000,success,fixture
9VXzEF7xCNa79jrvcWSSFJ1Ht7gVxpHHWUNnCwr9LSwgSatNq8TeC5XQ5W7GQmjAhcLMHiW2nhvM1h2PtyVHkNna,281677655,2026-06-27T15:44:22Z,7xKXtg2CW87d97TXJSDpbD5jBkheTqA83TZRuJosgAsU,Counterparty_01_7f31801c,high,out,EPjFWdd5AufqSSqeM2qN1xzybapC8G4wEGGkZwyTDt1v,USDC,6,10336680000,10336.68,1.00,10336.68,5000,success,fixture
BsSEEMPSJGnKzFRfyX2kdGim5Vnt2RdPQR2YUoVU6UHPFJQHXBBFweiafatDw3RQ4qF6nB6gmc4H6aHVAKAwUJxC,281680775,2026-06-27T16:05:10Z,7xKXtg2CW87d97TXJSDpbD5jBkheTqA83TZRuJosgAsU,Counterparty_07_e9c1b823,high,out,EPjFWdd5AufqSSqeM2qN1xzybapC8G4wEGGkZwyTDt1v,USDC,6,17156080000,17156.08,1.00,17156.08,5000,success,fixture
LXxdvQh5AWeaDz8yCqqH9ckQGQkkJ6vSs26df6gckHc2aV1m8X1mZrokSYxz7QB3XWi7o4XuK4KFFUceQoVfRVmA,281708845,2026-06-27T19:12:18Z,7xKXtg2CW87d97TXJSDpbD5jBkheTqA83TZRuJosgAsU,Counterparty_20_8ba8f837,high,out,EPjFWdd5AufqSSqeM2qN1xzybapC8G4wEGGkZwyTDt1v,USDC,6,22044060000,22044.06,1.00,22044.06,5000,success,fixture
2fG5J8b8kcT5Nh6QNrJAxtFJ17RFR7s8CaoyLeutY7aPmdxKcJf7z4BMqRCPtpksbcfywSXe9H1kZnAj9ARdpJ4o,281787950,2026-06-28T03:59:40Z,7xKXtg2CW87d97TXJSDpbD5jBkheTqA83TZRuJosgAsU,Counterparty_20_8ba8f837,high,out,Es9vMFrzaCERmJfrF4H2FYD4KCoNkY11McCe8BenwNYB,USDT,6,8262860000,8262.86,1.00,8262.86,5000,success,fixture
uQ7Zs8BWQf6zuX42GJGzqWJDovAPyRtkXK2ussmNER9M6yijAE85uNH7h58evz2h92R1Y7GpSieE4s3Qx9C5kLHB,281789085,2026-06-28T04:07:14Z,7xKXtg2CW87d97TXJSDpbD5jBkheTqA83TZRuJosgAsU,Counterparty_20_8ba8f837,high,out,Es9vMFrzaCERmJfrF4H2FYD4KCoNkY11McCe8BenwNYB,USDT,6,14443830000,14443.83,1.00,14443.83,5000,success,fixture
zx3iAXZUDonKbVuTryQoSp79av4TfvzPMsrBy873mufqNE6Sw8NRtSXnckNgVq7EJ58v9fAhbkva51JBwEchjMhC,281827757,2026-06-28T08:25:03Z,7xKXtg2CW87d97TXJSDpbD5jBkheTqA83TZRuJosgAsU,Counterparty_08_a96089bc,high,out,Es9vMFrzaCERmJfrF4H2FYD4KCoNkY11McCe8BenwNYB,USDT,6,10570880000,10570.88,1.00,10570.88,5000,success,fixture
K2cvDcQpb2M25nK8rV7zrRNXceDd5u9exPxSPt6bbV6i8vLaU34xiQr31nfCHJfnhCaVcvyYPhW4hFi2rAeD287o,281891970,2026-06-28T15:33:08Z,7xKXtg2CW87d97TXJSDpbD5jBkheTqA83TZRuJosgAsU,Counterparty_28_89d35ea6,high,in,EPjFWdd5AufqSSqeM2qN1xzybapC8G4wEGGkZwyTDt1v,USDC,6,532080000,532.08,1.00,532.08,0,success,fixture
vs5tppi1tEnjdfP9rmeYu2r7FW8AJDUPcMbQRLq9Ew2H5yprA2AX4U8QgBXFcYJ4Bfg4Voo6UUxe2TF99xKaiz7N,281918285,2026-06-28T18:28:34Z,7xKXtg2CW87d97TXJSDpbD5jBkheTqA83TZRuJosgAsU,Counterparty_10_6d2d3cad,high,out,SOL,SOL,9,15000000000,15.0000,,,5000,success,fixture
7UPPTP4jGGGiLe6m5xL8NB2bM3WjxUdZzTJ2mXe2MRdRMd7tY7mkENYZtqjNBgLQUDYhws5vwbEKH4LdStFgp6nw,281924807,2026-06-28T19:12:03Z,7xKXtg2CW87d97TXJSDpbD5jBkheTqA83TZRuJosgAsU,Counterparty_18_6ecaa007,high,in,EPjFWdd5AufqSSqeM2qN1xzybapC8G4wEGGkZwyTDt1v,USDC,6,9057080000,9057.08,1.00,9057.08,0,success,fixture
NQhRiWzGCFcoitDRZL7KGLKSzBCtZ2pYHjfi4MDZkxodri1NogQ1gqzoJBai5UbFSANVYC62mZYCWK84vQe6PpWz,282006267,2026-06-29T04:15:07Z,7xKXtg2CW87d97TXJSDpbD5jBkheTqA83TZRuJosgAsU,Counterparty_27_b10f4db7,high,out,EPjFWdd5AufqSSqeM2qN1xzybapC8G4wEGGkZwyTDt1v,USDC,6,24662100000,24662.10,1.00,24662.10,5000,success,fixture
zB2VEHWbXysqFoPL8JuMPsTxLVzD5i7rSZbMeCSSFXho21bxiayfJFcD38LcjQXZpy7SQzU1aa4yksHz5Zkg3qj9,282023680,2026-06-29T06:11:12Z,7xKXtg2CW87d97TXJSDpbD5jBkheTqA83TZRuJosgAsU,Counterparty_09_a71f3d1a,high,out,Es9vMFrzaCERmJfrF4H2FYD4KCoNkY11McCe8BenwNYB,USDT,6,23548230000,23548.23,1.00,23548.23,5000,success,fixture
JhiVQ18868YijZF2eddXJmp7seCRXimULd97M5nxsbCSum2ScubstaY5avebnusi8qqEjz8CxfmC1cVtM839dEiB,282052947,2026-06-29T09:26:19Z,7xKXtg2CW87d97TXJSDpbD5jBkheTqA83TZRuJosgAsU,Counterparty_02_d11a6706,high,out,EPjFWdd5AufqSSqeM2qN1xzybapC8G4wEGGkZwyTDt1v,USDC,6,24776040000,24776.04,1.00,24776.04,5000,success,fixture
Xexw3KBAkW6yh6nFyEtkiArnBZaofiarNVs9NKQgwU3znrkRGEgf5AdhY7t1ArxLcxtsz6Y7WMBKB5JdQP65CnrW,282053855,2026-06-29T09:32:22Z,7xKXtg2CW87d97TXJSDpbD5jBkheTqA83TZRuJosgAsU,Counterparty_08_a96089bc,high,out,SOL,SOL,9,33000000000,33.0000,,,5000,success,fixture
6y79hpf83eyiuDDnV75bgNLoXqDboA39DTcnHzyqwwcPzQVhn8U5XTaZs2BfJm9K3d4smDpuSYkbxZ5BVqZRcrRS,282216395,2026-06-30T03:35:58Z,7xKXtg2CW87d97TXJSDpbD5jBkheTqA83TZRuJosgAsU,Counterparty_19_5a69fc17,high,out,EPjFWdd5AufqSSqeM2qN1xzybapC8G4wEGGkZwyTDt1v,USDC,6,217200000,217.20,1.00,217.20,5000,success,fixture
HXYr8bDYNvF3VyTcx7zz1CtKc1koncQsPWxZ31BiHjxKDtr9EySCBu8Se3sRfjqRcPwWHSjX2RtVkkP5Ugm8GdwQ,282228802,2026-06-30T04:58:41Z,7xKXtg2CW87d97TXJSDpbD5jBkheTqA83TZRuJosgAsU,Counterparty_22_d1f65e81,high,out,Es9vMFrzaCERmJfrF4H2FYD4KCoNkY11McCe8BenwNYB,USDT,6,4754110000,4754.11,1.00,4754.11,5000,success,fixture
yME1eAHpTKE2Z8F9ACPWQ2H59BTSLqGmtQoq1dJvzMQpiiVF7KrdAjUUCAtjHYVU1DcAtkZ4X544AHMarwnakqUJ,282423777,2026-07-01T02:38:31Z,7xKXtg2CW87d97TXJSDpbD5jBkheTqA83TZRuJosgAsU,Counterparty_03_fb40d6bd,high,out,EPjFWdd5AufqSSqeM2qN1xzybapC8G4wEGGkZwyTDt1v,USDC,6,19352300000,19352.30,1.00,19352.30,5000,success,fixture
USVD7EqfpSpCmaSGEbdWNLY28j6C6KDwnPfutpDzgFdHBzVBZuprAsbyZ8rPyTQpgqtR1K4CcjWKLWW2RJb6EGNY,282443212,2026-07-01T04:48:05Z,7xKXtg2CW87d97TXJSDpbD5jBkheTqA83TZRuJosgAsU,Counterparty_16_9911036c,high,in,Es9vMFrzaCERmJfrF4H2FYD4KCoNkY11McCe8BenwNYB,USDT,6,19396190000,19396.19,1.00,19396.19,0,success,fixture
bdcrwuEuSDikfq7NzgSPqZRTkao7J4rGvJbwHyNJMGTWduyvDiqCTDEHPkV4Zj55XPvyeRTt6nKLjURQajJe4amf,282452672,2026-07-01T05:51:09Z,7xKXtg2CW87d97TXJSDpbD5jBkheTqA83TZRuJosgAsU,Counterparty_25_a6c1ad8f,high,out,EPjFWdd5AufqSSqeM2qN1xzybapC8G4wEGGkZwyTDt1v,USDC,6,4126060000,4126.06,1.00,4126.06,5000,success,fixture
eYcLaXdquZhfTpD6dUF4PBYh4HnERdyvCCqPudo6UH9G189XKSenr18YRE7qf6duZxUGWki2vaQjPFtR1TsACD1T,282533767,2026-07-01T14:51:47Z,7xKXtg2CW87d97TXJSDpbD5jBkheTqA83TZRuJosgAsU,Counterparty_06_de562439,high,out,EPjFWdd5AufqSSqeM2qN1xzybapC8G4wEGGkZwyTDt1v,USDC,6,6852820000,6852.82,1.00,6852.82,5000,success,fixture
Zea172ShkNryyoCaPKLoD3MCjEpU7Hxq7UvsFiV2WhBYHn9z23xjyuhwP4CigKts1yVdgFfVXocZw64HZQe7Prf2,282559600,2026-07-01T17:44:00Z,7xKXtg2CW87d97TXJSDpbD5jBkheTqA83TZRuJosgAsU,Counterparty_23_44e61d9a,high,out,Es9vMFrzaCERmJfrF4H2FYD4KCoNkY11McCe8BenwNYB,USDT,6,5692370000,5692.37,1.00,5692.37,5000,success,fixture
raStfoHtR5cJw6RMoY5H7jYzckVqLrjn82MSTDy9TzCwJUE3CrNqpkhYbpTNwFNXcRTSWzEUvr2FAx78hknBJMcU,282618770,2026-07-02T00:18:28Z,7xKXtg2CW87d97TXJSDpbD5jBkheTqA83TZRuJosgAsU,Counterparty_02_d11a6706,high,out,Es9vMFrzaCERmJfrF4H2FYD4KCoNkY11McCe8BenwNYB,USDT,6,15910780000,15910.78,1.00,15910.78,5000,success,fixture
dMkZycY4nceJvxBpyiUuS2GTUtgb2shCrWUkyLHbCizrfutKDmQ34XfvSt7UPFXYxrWkaH9JY7TKd5e8RDkUeN2w,282637847,2026-07-02T02:25:39Z,7xKXtg2CW87d97TXJSDpbD5jBkheTqA83TZRuJosgAsU,Counterparty_26_2906e732,high,out,EPjFWdd5AufqSSqeM2qN1xzybapC8G4wEGGkZwyTDt1v,USDC,6,5788430000,5788.43,1.00,5788.43,5000,success,fixture
gXfGjxqsshFqsgrDGZDoDaVuUcZEcosSaesaAPZ8VEcxoUb7RPCpAGN3YtuhfvnhgGXbYFohQ98efa2RaHfS2jDE,282643532,2026-07-02T03:03:33Z,7xKXtg2CW87d97TXJSDpbD5jBkheTqA83TZRuJosgAsU,Counterparty_29_8c088ab3,high,out,EPjFWdd5AufqSSqeM2qN1xzybapC8G4wEGGkZwyTDt1v,USDC,6,20311920000,20311.92,1.00,20311.92,5000,success,fixture
QoicR7LTgAju8m5weFukRbWqQXJ6BCnZXUY1kHJLXt5bRdKj5Fzf4H3b4ZT9noaqtnFMomMhX7KCW3eE6f6oCn5A,282653310,2026-07-02T04:08:44Z,7xKXtg2CW87d97TXJSDpbD5jBkheTqA83TZRuJosgAsU,Counterparty_10_6d2d3cad,high,out,EPjFWdd5AufqSSqeM2qN1xzybapC8G4wEGGkZwyTDt1v,USDC,6,11076290000,11076.29,1.00,11076.29,5000,success,fixture
rBnmZhReWpHXTotCzEhX2EkcPiJXcqVqxmCTa7dxD8sgACodJ6rsnCmF9Zqm1xqwSCPGkeHxo7ZQJNQJ5vbgBMbz,282689037,2026-07-02T08:06:55Z,7xKXtg2CW87d97TXJSDpbD5jBkheTqA83TZRuJosgAsU,Counterparty_16_9911036c,high,in,EPjFWdd5AufqSSqeM2qN1xzybapC8G4wEGGkZwyTDt1v,USDC,6,217060000,217.06,1.00,217.06,0,success,fixture
zsNt5VEwBZ8vUAkg6p4oZYFugAB7ecGSdz5sMVEkWUrX8r2P9dZkVY1ViKPwfpgvo6QxD4HJM41tC19riRptaGcY,282701045,2026-07-02T09:26:58Z,7xKXtg2CW87d97TXJSDpbD5jBkheTqA83TZRuJosgAsU,Counterparty_17_f3e82208,high,out,EPjFWdd5AufqSSqeM2qN1xzybapC8G4wEGGkZwyTDt1v,USDC,6,7081950000,7081.95,1.00,7081.95,5000,success,fixture
gdVDEkyMLdskLUnP6e1gZSw9wK4Qzc41ncuP8xKx2GUmeShMnRSRUbEjCX9DcRvQvTAKxj9915i2AoyYjU969itT,282714115,2026-07-02T10:54:06Z,7xKXtg2CW87d97TXJSDpbD5jBkheTqA83TZRuJosgAsU,Counterparty_27_b10f4db7,high,out,Es9vMFrzaCERmJfrF4H2FYD4KCoNkY11McCe8BenwNYB,USDT,6,22886770000,22886.77,1.00,22886.77,5000,success,fixture
XHAaxU1KtVRkMak37bhPwUgiwJNJJt7HieSWrkpGokerDaNkmCMc1k1v51T7a7kVPFoKHD32g64fjzvEfh8n86wf,282721482,2026-07-02T11:43:13Z,7xKXtg2CW87d97TXJSDpbD5jBkheTqA83TZRuJosgAsU,Counterparty_04_57526846,high,out,Es9vMFrzaCERmJfrF4H2FYD4KCoNkY11McCe8BenwNYB,USDT,6,21330720000,21330.72,1.00,21330.72,5000,success,fixture
RogNkWd32k8BJzbCrpNwQJHCaSWeSD9PuugKChGh9kbpdwJsSvxFxDbzd7NSBH6kkMCbqNoXCNRBdBSeFxmFNafs,282728525,2026-07-02T12:30:10Z,7xKXtg2CW87d97TXJSDpbD5jBkheTqA83TZRuJosgAsU,Counterparty_21_18aa8f3b,high,out,EPjFWdd5AufqSSqeM2qN1xzybapC8G4wEGGkZwyTDt1v,USDC,6,16630130000,16630.13,1.00,16630.13,5000,success,fixture
S5aoKKmDmwcS79Mqsext4wnLWiBd9VmXKzAEEtpDpi1Qowd7kswARUkvB47PXC48ZiNeUAhoSG38GSYLmfCipRrm,282829882,2026-07-02T23:45:53Z,7xKXtg2CW87d97TXJSDpbD5jBkheTqA83TZRuJosgAsU,Counterparty_25_a6c1ad8f,high,out,Es9vMFrzaCERmJfrF4H2FYD4KCoNkY11McCe8BenwNYB,USDT,6,15293830000,15293.83,1.00,15293.83,5000,success,fixture
DTko4EZNiMBZqaCD8EAggUYZEzuxLDPbmkjQge7xfWyrWTGZQZSntjdAANnimJFYmTDTSCZY75Wt8tUQxEhNfqNP,282909940,2026-07-03T08:39:36Z,7xKXtg2CW87d97TXJSDpbD5jBkheTqA83TZRuJosgAsU,Counterparty_06_de562439,high,out,EPjFWdd5AufqSSqeM2qN1xzybapC8G4wEGGkZwyTDt1v,USDC,6,12201060000,12201.06,1.00,12201.06,5000,success,fixture
4cxCnV8iXC5WkEDVsnoEdieCv2MCCAddgEpTyB7oUtMjwe5hLGccAGzBMiQmGsdwzbEMcLJT8YoiWppyYFBtSKG2,282924912,2026-07-03T10:19:25Z,7xKXtg2CW87d97TXJSDpbD5jBkheTqA83TZRuJosgAsU,Counterparty_18_6ecaa007,high,out,EPjFWdd5AufqSSqeM2qN1xzybapC8G4wEGGkZwyTDt1v,USDC,6,8419730000,8419.73,1.00,8419.73,5000,success,fixture
QLx6n6nvzFK1tVbM7SgueJrgX3ag1QrcqDUTcDKcARboddgSBRfWs1aFbUccazhd8XakjiYsg5Q2QteUCQWw5dWz,282966170,2026-07-03T14:54:28Z,7xKXtg2CW87d97TXJSDpbD5jBkheTqA83TZRuJosgAsU,Counterparty_12_50e165e4,high,in,Es9vMFrzaCERmJfrF4H2FYD4KCoNkY11McCe8BenwNYB,USDT,6,7857160000,7857.16,1.00,7857.16,0,success,fixture
z9cH2WtUkijetNDf4bWbEjjKqYSWkg24VZALLSUSRfLmcFUku1kdhLEaTZBykpPzo2aMNeCNshUBdXsCRRdqwAEt,283061437,2026-07-04T01:29:35Z,7xKXtg2CW87d97TXJSDpbD5jBkheTqA83TZRuJosgAsU,Counterparty_29_8c088ab3,high,in,EPjFWdd5AufqSSqeM2qN1xzybapC8G4wEGGkZwyTDt1v,USDC,6,24165200000,24165.20,1.00,24165.20,0,success,fixture
4tvqsur3D2JLGRi6udwsdM8W5PvxBExodzx62rAidBroepPj26LDXJixpZD4guD1dTX6EkeY6f8AS4hAoA8EB8xk,283080120,2026-07-04T03:34:08Z,7xKXtg2CW87d97TXJSDpbD5jBkheTqA83TZRuJosgAsU,Counterparty_29_8c088ab3,high,out,SOL,SOL,9,31000000000,31.0000,,,5000,success,fixture
F33L19DTdDTtuyAUcdHE15Bw3HoXs5FWBkY86jWtzNgoQwXHdccyzupNhjMaAjkvneakJtfrzGFu2UXJNZLYoS4e,283084620,2026-07-04T04:04:08Z,7xKXtg2CW87d97TXJSDpbD5jBkheTqA83TZRuJosgAsU,Counterparty_09_a71f3d1a,high,out,EPjFWdd5AufqSSqeM2qN1xzybapC8G4wEGGkZwyTDt1v,USDC,6,4948710000,4948.71,1.00,4948.71,5000,success,fixture
8Zp1mMwZDdGLy3aFQJhuJvAkhXZaPdbZ8eC1UgRQRgDCQjfTtAWUmB9GTbG6tCXNFzH8bEgpfnqPNhXvcupr3Bzs,283291095,2026-07-05T03:00:38Z,7xKXtg2CW87d97TXJSDpbD5jBkheTqA83TZRuJosgAsU,Counterparty_29_8c088ab3,high,in,Es9vMFrzaCERmJfrF4H2FYD4KCoNkY11McCe8BenwNYB,USDT,6,681110000,681.11,1.00,681.11,0,success,fixture
4jvsD2db4P6haEHDJudETGMUa4maYVghqGKYAKzmH7nUWRA7tbYpKG2gTKYL9fhD9SaGoLaX2fohCewN7TkBcne3,283353545,2026-07-05T09:56:58Z,7xKXtg2CW87d97TXJSDpbD5jBkheTqA83TZRuJosgAsU,Counterparty_17_f3e82208,high,out,EPjFWdd5AufqSSqeM2qN1xzybapC8G4wEGGkZwyTDt1v,USDC,6,17342190000,17342.19,1.00,17342.19,5000,success,fixture
ci5zT1fRLj4QVZYwUT2qro5XbBkgRw7xwKphXF2VKbo2AWfYonm9zYD18uezgUgsxeLSvQsstA7XKxQiSMcembbJ,283466255,2026-07-05T22:28:22Z,7xKXtg2CW87d97TXJSDpbD5jBkheTqA83TZRuJosgAsU,Counterparty_06_de562439,high,out,EPjFWdd5AufqSSqeM2qN1xzybapC8G4wEGGkZwyTDt1v,USDC,6,9794380000,9794.38,1.00,9794.38,5000,success,fixture
kShLdrDxBGYNNmubEZaDotFFi6HeGiAPwKZMdkBZthCp1tSUUMEHYgVmr63d22Awb6132EzBpTSTw6Wc1ZnZuSsH,283531377,2026-07-06T05:42:31Z,7xKXtg2CW87d97TXJSDpbD5jBkheTqA83TZRuJosgAsU,Counterparty_09_a71f3d1a,high,out,Es9vMFrzaCERmJfrF4H2FYD4KCoNkY11McCe8BenwNYB,USDT,6,23173740000,23173.74,1.00,23173.74,5000,success,fixture
QrGkc5EtXbeNRm9DMKxFQi5Be2LQbtdtTFncPvfQ9Kuw4Nw34JuMs6ps2oSiRqT1QcZ3eMdBiHEehiZ6NahZGBAQ,283556582,2026-07-06T08:30:33Z,7xKXtg2CW87d97TXJSDpbD5jBkheTqA83TZRuJosgAsU,Counterparty_26_2906e732,high,out,EPjFWdd5AufqSSqeM2qN1xzybapC8G4wEGGkZwyTDt1v,USDC,6,3728130000,3728.13,1.00,3728.13,5000,success,fixture
yKBPM1wFQGGmppoCuo637BNLmSVMrwf5KeejfPwdqwqVX3F7mtX1QUbjo9QcDC35zJtENLQRtxDsSxXgZZktFUZU,283575207,2026-07-06T10:34:43Z,7xKXtg2CW87d97TXJSDpbD5jBkheTqA83TZRuJosgAsU,Counterparty_07_e9c1b823,high,out,Es9vMFrzaCERmJfrF4H2FYD4KCoNkY11McCe8BenwNYB,USDT,6,9940850000,9940.85,1.00,9940.85,5000,success,fixture
giaKnf4ruChYV1DwjtaKD3sfZamFgBk3QGi1B6JrSPjSSeDa1pn56cKovcePPuJFfDWSd1HCTZ7c5ZKN8tZHybus,283608525,2026-07-06T14:16:50Z,7xKXtg2CW87d97TXJSDpbD5jBkheTqA83TZRuJosgAsU,Counterparty_18_6ecaa007,high,out,Es9vMFrzaCERmJfrF4H2FYD4KCoNkY11McCe8BenwNYB,USDT,6,12456720000,12456.72,1.00,12456.72,5000,success,fixture
uQBL3RAsr98MPgfUxX9MUrCCwC8f1NGEhijKVs2HYLXzRLbKksMQfFfUMB7wuuFbFM1Yv69KNoPE7Bmvxzf41pGS,283627350,2026-07-06T16:22:20Z,7xKXtg2CW87d97TXJSDpbD5jBkheTqA83TZRuJosgAsU,Counterparty_04_57526846,high,out,EPjFWdd5AufqSSqeM2qN1xzybapC8G4wEGGkZwyTDt1v,USDC,6,3095080000,3095.08,1.00,3095.08,5000,success,fixture
J5EdynMEiYSyiWAH9GpcbHpeUzeSQF9ZY6q4x8AhBskUf5RRfWaHcx1ko8kybqJriN8KUBW1oyoHZqCZ7xhLvhZf,283652140,2026-07-06T19:07:36Z,7xKXtg2CW87d97TXJSDpbD5jBkheTqA83TZRuJosgAsU,Counterparty_06_de562439,high,in,EPjFWdd5AufqSSqeM2qN1xzybapC8G4wEGGkZwyTDt1v,USDC,6,5393690000,5393.69,1.00,5393.69,0,success,fixture
RTdJhqDTxNZRogLg5fdXbmyMwm8vFnizLKtMoMGmBfRYYDYwMeLxyAbE6ZibajS7STSFGuLCsZt3f67NHo8RZCKf,283799327,2026-07-07T11:28:51Z,7xKXtg2CW87d97TXJSDpbD5jBkheTqA83TZRuJosgAsU,Counterparty_25_a6c1ad8f,high,out,EPjFWdd5AufqSSqeM2qN1xzybapC8G4wEGGkZwyTDt1v,USDC,6,24878450000,24878.45,1.00,24878.45,5000,success,fixture
pLuPq2pkNb8i1Ma171czicykuTYfYtHHYU6eEVbtrocURDvRshKRqNGFFLuVVJpdTFDXdzxAAsxmUzBZ8g5P1CEY,283816262,2026-07-07T13:21:45Z,7xKXtg2CW87d97TXJSDpbD5jBkheTqA83TZRuJosgAsU,Counterparty_09_a71f3d1a,high,in,EPjFWdd5AufqSSqeM2qN1xzybapC8G4wEGGkZwyTDt1v,USDC,6,21032630000,21032.63,1.00,21032.63,0,success,fixture
HcbijD5eA7oEJCHd79taeirRNdrwefJtpxgjXEB1sFE6tgAABXx1M5z49ZtVUjXMLZq8GcSRrRnXPLvaMa6yfvEB,283828600,2026-07-07T14:44:00Z,7xKXtg2CW87d97TXJSDpbD5jBkheTqA83TZRuJosgAsU,Counterparty_20_8ba8f837,high,out,Es9vMFrzaCERmJfrF4H2FYD4KCoNkY11McCe8BenwNYB,USDT,6,14427710000,14427.71,1.00,14427.71,5000,success,fixture
ZHeYykaM4tmyVaxixUtXCqMF4qZ7Na1bwSVakryfHQ77wzfzFkzwBtKTX5inidgeAWNBEVz72y1oAosgsQxgiRDM,283855272,2026-07-07T17:41:49Z,7xKXtg2CW87d97TXJSDpbD5jBkheTqA83TZRuJosgAsU,Counterparty_02_d11a6706,high,out,Es9vMFrzaCERmJfrF4H2FYD4KCoNkY11McCe8BenwNYB,USDT,6,11597570000,11597.57,1.00,11597.57,5000,success,fixture
xTVQWj7mRdMK29D7sDqoKCkRcDgirjRegPW7FuzhhguPW237UcKP5hABoJyh4CFaqVtbgkD3Db8zKoWSu4J1dSxm,283871270,2026-07-07T19:28:28Z,7xKXtg2CW87d97TXJSDpbD5jBkheTqA83TZRuJosgAsU,Counterparty_28_89d35ea6,high,in,Es9vMFrzaCERmJfrF4H2FYD4KCoNkY11McCe8BenwNYB,USDT,6,13944180000,13944.18,1.00,13944.18,0,success,fixture
q5x8uY6EjH1hAP32TJCAWTsHGLvdiLqjTN9UkkP4wMDKYyYkwH66T1BZQmdyPDnvzcboYNPfhzcYMdpC4Ho5kPyM,283891345,2026-07-07T21:42:18Z,7xKXtg2CW87d97TXJSDpbD5jBkheTqA83TZRuJosgAsU,Counterparty_05_903bb13e,high,out,Es9vMFrzaCERmJfrF4H2FYD4KCoNkY11McCe8BenwNYB,USDT,6,5496970000,5496.97,1.00,5496.97,5000,success,fixture
Lfivvstu8iGV6TsM4dJjhBjtsEj7QdThGXb6sF8yivg5Q7Zo5nGRtet22JzVf4LUoLKfH4rPktb5N7fqFgHAYcdy,284033820,2026-07-08T13:32:08Z,7xKXtg2CW87d97TXJSDpbD5jBkheTqA83TZRuJosgAsU,Counterparty_02_d11a6706,high,out,Es9vMFrzaCERmJfrF4H2FYD4KCoNkY11McCe8BenwNYB,USDT,6,2480790000,2480.79,1.00,2480.79,5000,success,fixture
iNKTs7BMFS3RK24JVKaSWfLycRrhheuaeJZHa5W1ziGSt724zWtW1q5VYqxFiXMdLfDtDu3Va78y5V7dnqUv43Jg,284061637,2026-07-08T16:37:35Z,7xKXtg2CW87d97TXJSDpbD5jBkheTqA83TZRuJosgAsU,Counterparty_00_9d79b1a3,high,in,Es9vMFrzaCERmJfrF4H2FYD4KCoNkY11McCe8BenwNYB,USDT,6,8883360000,8883.36,1.00,8883.36,0,success,fixture
D77jUPUTWxo4kii74SoNtx7GDDbV9UCJWGx5Vtxwc74ibv16qwGBTYXExSz4BR1RHssWKUmoscjnYADKE4epb4pM,284146662,2026-07-09T02:04:25Z,7xKXtg2CW87d97TXJSDpbD5jBkheTqA83TZRuJosgAsU,Counterparty_01_7f31801c,high,in,EPjFWdd5AufqSSqeM2qN1xzybapC8G4wEGGkZwyTDt1v,USDC,6,16577670000,16577.67,1.00,16577.67,0,success,fixture
p3vQh2rsNGYSUUsp3am78p9Urw23Dx4ayEQRSyf6uxq2RAkW5MpE7CrEHzNP4uUZcCUd7YhwYUqcizAgEavHKp38,284162430,2026-07-09T03:49:32Z,7xKXtg2CW87d97TXJSDpbD5jBkheTqA83TZRuJosgAsU,Counterparty_07_e9c1b823,high,out,Es9vMFrzaCERmJfrF4H2FYD4KCoNkY11McCe8BenwNYB,USDT,6,262670000,262.67,1.00,262.67,5000,success,fixture
if3mE2DzJ5uGuhSNiD9eZMUobJgykfwVxotVu2pYt3U32YJR7vJsGGxV34sJoe6oxjYLzKDRcV6johuwzRGZmWUC,284163810,2026-07-09T03:58:44Z,7xKXtg2CW87d97TXJSDpbD5jBkheTqA83TZRuJosgAsU,Counterparty_27_b10f4db7,high,in,Es9vMFrzaCERmJfrF4H2FYD4KCoNkY11McCe8BenwNYB,USDT,6,15763900000,15763.90,1.00,15763.90,0,success,fixture
R1GtT7tTv9LbU2V1KVxhAqTzS29DPt5QZQ25QDk15VFkoh6UYt7MU4PaVd4Q9CHL5EGeMLVdH4nRHopQE7ktMmWe,284175290,2026-07-09T05:15:16Z,7xKXtg2CW87d97TXJSDpbD5jBkheTqA83TZRuJosgAsU,Counterparty_01_7f31801c,high,out,Es9vMFrzaCERmJfrF4H2FYD4KCoNkY11McCe8BenwNYB,USDT,6,4134730000,4134.73,1.00,4134.73,5000,success,fixture
huyMJVoQZzvWvcmjoGjX54vmMDepmAPine4sUmtYW8cMDnS1rh7XKFm2H4BPRs43K8Dz7TkSwYWPAXr1V8AyVdnp,284214232,2026-07-09T09:34:53Z,7xKXtg2CW87d97TXJSDpbD5jBkheTqA83TZRuJosgAsU,Counterparty_22_d1f65e81,high,out,EPjFWdd5AufqSSqeM2qN1xzybapC8G4wEGGkZwyTDt1v,USDC,6,14189270000,14189.27,1.00,14189.27,5000,success,fixture
CDzPRgeyfjuAepfsocGEMqcpXxScZWnYVgCQrU1L8GHaC4axtHzfuG7MDfapDqf6A9S121z5KL4ijmWSAvgop5sL,284240737,2026-07-09T12:31:35Z,7xKXtg2CW87d97TXJSDpbD5jBkheTqA83TZRuJosgAsU,Counterparty_23_44e61d9a,high,out,Es9vMFrzaCERmJfrF4H2FYD4KCoNkY11McCe8BenwNYB,USDT,6,1206360000,1206.36,1.00,1206.36,5000,success,fixture
VphkAtZQp3B6yyPMoywsivjEcGx2kYWNxMc96BRCTHEfQSXiZJKpS1Vcgrv2vXvN6jszdmd7fZ5WXQQ5AdkmJL7s,284289945,2026-07-09T17:59:38Z,7xKXtg2CW87d97TXJSDpbD5jBkheTqA83TZRuJosgAsU,Counterparty_09_a71f3d1a,high,out,Es9vMFrzaCERmJfrF4H2FYD4KCoNkY11McCe8BenwNYB,USDT,6,11210260000,11210.26,1.00,11210.26,5000,success,fixture
8JieyVzE6NGg86tHsfbphqG3XmJbBjqmo1vYuEsTyN76ZeFdJ1UmPPqVcmB2p7hd2jJDCuBFp3oCDuED9KW4jVFg,284320997,2026-07-09T21:26:39Z,7xKXtg2CW87d97TXJSDpbD5jBkheTqA83TZRuJosgAsU,Counterparty_04_57526846,high,in,EPjFWdd5AufqSSqeM2qN1xzybapC8G4wEGGkZwyTDt1v,USDC,6,23826260000,23826.26,1.00,23826.26,0,success,fixture
9AXuBqtGSsBiTSeDGvP5FJ9zS8opekAEVAkJqM1h8aLa7rhfXFjVLu8bpgWA5yqoNyJ3RvzH8hWUeBynmxsYqKFa,284424792,2026-07-10T08:58:37Z,7xKXtg2CW87d97TXJSDpbD5jBkheTqA83TZRuJosgAsU,Counterparty_03_fb40d6bd,high,in,SOL,SOL,9,43000000000,43.0000,,,0,success,fixture
EYcZ56dvzEawmneieye4SaBm48qEiu1Y5UYPDskmB8RFtmDT8tvG5XgxaNJe3qw3Lmfv4GXkBfPpKQarNZFNmTzu,284436972,2026-07-10T10:19:49Z,7xKXtg2CW87d97TXJSDpbD5jBkheTqA83TZRuJosgAsU,Counterparty_27_b10f4db7,high,in,Es9vMFrzaCERmJfrF4H2FYD4KCoNkY11McCe8BenwNYB,USDT,6,19301700000,19301.70,1.00,19301.70,0,success,fixture
71k9exkr2ZV5ZCWJmdRtbio4He8maYCzVKwB3KfNU8kAv5DXYG1RrptizCrR3LCFNxkewYFnVtm87B99pfd2VYQs,284444217,2026-07-10T11:08:07Z,7xKXtg2CW87d97TXJSDpbD5jBkheTqA83TZRuJosgAsU,Counterparty_22_d1f65e81,high,out,EPjFWdd5AufqSSqeM2qN1xzybapC8G4wEGGkZwyTDt1v,USDC,6,17308880000,17308.88,1.00,17308.88,5000,success,fixture
FTv1Gbdkjk6imXGpRf1WpZenLiYUXC332P96Hmn7r4X1W8UGJcQxs2sijbvfM7CEW1aQ6q8yreq6gHtiLQHQTfXA,284483440,2026-07-10T15:29:36Z,7xKXtg2CW87d97TXJSDpbD5jBkheTqA83TZRuJosgAsU,Counterparty_19_5a69fc17,high,out,EPjFWdd5AufqSSqeM2qN1xzybapC8G4wEGGkZwyTDt1v,USDC,6,12862140000,12862.14,1.00,12862.14,5000,success,fixture
bGi2gzpQGo5pCBQBpxrSJeVKVcW4UVihjRKKBZThxF3Wjp2Wa6p3o5o379KvKar1QSfhL978pZXLnei22JHe5u4j,284499147,2026-07-10T17:14:19Z,7xKXtg2CW87d97TXJSDpbD5jBkheTqA83TZRuJosgAsU,Counterparty_24_b30fcb06,high,out,EPjFWdd5AufqSSqeM2qN1xzybapC8G4wEGGkZwyTDt1v,USDC,6,5655890000,5655.89,1.00,5655.89,5000,success,fixture
bpRSju3BubfjmCayw6HgZfSPyUxjejw7unXc8qzQHkqcmDRt6pr5MGcFFRRqhwrLKeDKWmKF4FKiAUWcprJtNtSU,284536545,2026-07-10T21:23:38Z,7xKXtg2CW87d97TXJSDpbD5jBkheTqA83TZRuJosgAsU,Counterparty_23_44e61d9a,high,in,EPjFWdd5AufqSSqeM2qN1xzybapC8G4wEGGkZwyTDt1v,USDC,6,10883440000,10883.44,1.00,10883.44,0,success,fixture
HDDjepizMNDtLDDKdkWn7rfV9h1J4vxdkECKAJrDuhrvw3x2gi6kpqWF8RDF9KiF1jaisjYqBLHXZGvdp2Y8z96z,284539112,2026-07-10T21:40:45Z,7xKXtg2CW87d97TXJSDpbD5jBkheTqA83TZRuJosgAsU,Counterparty_05_903bb13e,high,out,EPjFWdd5AufqSSqeM2qN1xzybapC8G4wEGGkZwyTDt1v,USDC,6,17784750000,17784.75,1.00,17784.75,5000,success,fixture
kG2KJZEywsT4crMHkMTStVUSH4JYoFNhu3LVTFdyBbErh8ggN9fb2o2tR6rnNPrrc5i4aEQbDBvbSxnFKtBQNTEc,284561307,2026-07-11T00:08:43Z,7xKXtg2CW87d97TXJSDpbD5jBkheTqA83TZRuJosgAsU,Counterparty_23_44e61d9a,high,in,Es9vMFrzaCERmJfrF4H2FYD4KCoNkY11McCe8BenwNYB,USDT,6,1282020000,1282.02,1.00,1282.02,0,success,fixture
HYgBq5Hef161xoaS7tRruuHuWnf2Lvhtjfd6NzXFaj2RWgdRWjFRVC3ekS83tCqDWCULFkC4QZtRddVBzJQgX7jw,284619627,2026-07-11T06:37:31Z,7xKXtg2CW87d97TXJSDpbD5jBkheTqA83TZRuJosgAsU,Counterparty_24_b30fcb06,high,out,EPjFWdd5AufqSSqeM2qN1xzybapC8G4wEGGkZwyTDt1v,USDC,6,22448560000,22448.56,1.00,22448.56,5000,success,fixture
Nd5yNzEa9377rJjx2uRtPBmUSKCUVxsyFxyQ5tAYCJMPFtGYvQkSMqRgXTHaVZKeUBBJutdKnQv82LTh9M1Te9dT,284622682,2026-07-11T06:57:53Z,7xKXtg2CW87d97TXJSDpbD5jBkheTqA83TZRuJosgAsU,Counterparty_10_6d2d3cad,high,out,EPjFWdd5AufqSSqeM2qN1xzybapC8G4wEGGkZwyTDt1v,USDC,6,11038140000,11038.14,1.00,11038.14,5000,success,fixture
5Yh5EkTRyMhVtBCL1zCjdhfw38NPXgfb1BapH8Df2b2aZqAExQ8zE2M9F6om9JJXD6PnciKWptYUZSDHCDkwynJS,284707455,2026-07-11T16:23:02Z,7xKXtg2CW87d97TXJSDpbD5jBkheTqA83TZRuJosgAsU,Counterparty_03_fb40d6bd,high,out,Es9vMFrzaCERmJfrF4H2FYD4KCoNkY11McCe8BenwNYB,USDT,6,19353390000,19353.39,1.00,19353.39,5000,success,fixture
vDSWakCZii5yUbdR11RryzSwsZka5yBYe4LoxBQBbkJRMZ2Ubr5kVf9BhK7jggsWfV1E83c4aEHco1gbwPyoHHaW,284731272,2026-07-11T19:01:49Z,7xKXtg2CW87d97TXJSDpbD5jBkheTqA83TZRuJosgAsU,Counterparty_17_f3e82208,high,out,EPjFWdd5AufqSSqeM2qN1xzybapC8G4wEGGkZwyTDt1v,USDC,6,9003680000,9003.68,1.00,9003.68,5000,success,fixture
3hvke8rzVWjeZ9Y1ap4cUveXZrCmeCou97RjffyMZyRTfmqGJSNKVt99TfmypZLvmcxMnpchEDEgnKkPk9niCZbm,284768292,2026-07-11T23:08:37Z,7xKXtg2CW87d97TXJSDpbD5jBkheTqA83TZRuJosgAsU,Counterparty_20_8ba8f837,high,out,Es9vMFrzaCERmJfrF4H2FYD4KCoNkY11McCe8BenwNYB,USDT,6,11642710000,11642.71,1.00,11642.71,5000,success,fixture
9r5Gb1tMeP5gruHcJpPJpBBzQeNN7DuwuDn3pMg5PK7eTEjmP8pn72fTYLN7kFxtUFSqPof1wNo2H5YGYyzAAGH9,284779455,2026-07-12T00:23:02Z,7xKXtg2CW87d97TXJSDpbD5jBkheTqA83TZRuJosgAsU,Counterparty_13_34249d8b,high,out,EPjFWdd5AufqSSqeM2qN1xzybapC8G4wEGGkZwyTDt1v,USDC,6,16560590000,16560.59,1.00,16560.59,5000,success,fixture
U7LNhe2q5s84VeYjW8H32piHeGbrc5undqmwnhmJd1MGjn5MsC3HgfZ3teLivfuYSsfaYhFi5DWeVk8uTRfcpK7T,284796282,2026-07-12T02:15:13Z,7xKXtg2CW87d97TXJSDpbD5jBkheTqA83TZRuJosgAsU,Counterparty_29_8c088ab3,high,out,SOL,SOL,9,14000000000,14.0000,,,5000,success,fixture
vASSUbcQKwsMjNGrxhkSFYtYUUQfgyPgf3BjFJKrt9Fztc7vUCCRUJZwLgi7aiS7LRyBcaFSEnNb4jQqED6jQ6hD,284814900,2026-07-12T04:19:20Z,7xKXtg2CW87d97TXJSDpbD5jBkheTqA83TZRuJosgAsU,Counterparty_02_d11a6706,high,out,SOL,SOL,9,27000000000,27.0000,,,5000,success,fixture
gzgi8EAqwxheGQVMEaLsZyh576MnY3wDLWQS4i6xvTKvykBRCLvNMKTB1C8vFNnHsRgnmBAjGdK1Yvx6qVGjKFJR,284867997,2026-07-12T10:13:19Z,7xKXtg2CW87d97TXJSDpbD5jBkheTqA83TZRuJosgAsU,Counterparty_12_50e165e4,high,in,Es9vMFrzaCERmJfrF4H2FYD4KCoNkY11McCe8BenwNYB,USDT,6,20554430000,20554.43,1.00,20554.43,0,success,fixture
qDgyikNh5nGTcdxe4UQrXK5mTecHiFyTSnGkGXpvvQTr6zxZJPFNXVXnYyaQd9mgJNZFT5bktZmDVKLbydzBDqgy,284897855,2026-07-12T13:32:22Z,7xKXtg2CW87d97TXJSDpbD5jBkheTqA83TZRuJosgAsU,Counterparty_12_50e165e4,high,in,EPjFWdd5AufqSSqeM2qN1xzybapC8G4wEGGkZwyTDt1v,USDC,6,8903340000,8903.34,1.00,8903.34,0,success,fixture
ynLMeoWqjVgtHNxtCEC6pfHxk7Ub21S81BiXWmSxjpfoYLgugQmkmkStL6991D8u2mDw2EXiAiGUvhwsbD6LrWAX,284917710,2026-07-12T15:44:44Z,7xKXtg2CW87d97TXJSDpbD5jBkheTqA83TZRuJosgAsU,Counterparty_13_34249d8b,high,in,EPjFWdd5AufqSSqeM2qN1xzybapC8G4wEGGkZwyTDt1v,USDC,6,5094940000,5094.94,1.00,5094.94,0,success,fixture
E8aMQdSY2Yu8UqgvHHcnw7JpL114poJ3sVQT3AGrx84oULr3VrfYBeTapBCocZjzNpsLAWEpJHenYdupfAzxQ8tw,284924057,2026-07-12T16:27:03Z,7xKXtg2CW87d97TXJSDpbD5jBkheTqA83TZRuJosgAsU,Counterparty_20_8ba8f837,high,out,EPjFWdd5AufqSSqeM2qN1xzybapC8G4wEGGkZwyTDt1v,USDC,6,6486520000,6486.52,1.00,6486.52,5000,success,fixture
LcQn6k3395ZAL5nH2b6V39aHU5UhcXbVishDCq5KdfdXxw1Ej92JDiLjYHEoELL973TQ5x3t2KvS151hK8D8GNQN,285020905,2026-07-13T03:12:42Z,7xKXtg2CW87d97TXJSDpbD5jBkheTqA83TZRuJosgAsU,Counterparty_23_44e61d9a,high,out,EPjFWdd5AufqSSqeM2qN1xzybapC8G4wEGGkZwyTDt1v,USDC,6,4463060000,4463.06,1.00,4463.06,5000,success,fixture
X1NDuGivj3brN6fbDbkR4SdSmCLgcfQTpd653vD1bveVxPaREcmiq2H4tKrJ7R5SShik7Dt1SDMKaPDdT6htqsv1,285041680,2026-07-13T05:31:12Z,7xKXtg2CW87d97TXJSDpbD5jBkheTqA83TZRuJosgAsU,Counterparty_09_a71f3d1a,high,out,Es9vMFrzaCERmJfrF4H2FYD4KCoNkY11McCe8BenwNYB,USDT,6,16975710000,16975.71,1.00,16975.71,5000,success,fixture
LHsQdJtXtS8rB7cdGjf6hAXkoqs1vTM2VpS7zABxAbiGinh2QRKKTcmPGj1HQQMtNeN49TEnNU1YYYrbftkLsEFi,285072487,2026-07-13T08:56:35Z,7xKXtg2CW87d97TXJSDpbD5jBkheTqA83TZRuJosgAsU,Counterparty_04_57526846,high,out,EPjFWdd5AufqSSqeM2qN1xzybapC8G4wEGGkZwyTDt1v,USDC,6,6381730000,6381.73,1.00,6381.73,5000,success,fixture
nWCVPtWZKJUanyuFLhw6LTrMw6h65oG6Bd46pKcYtx1UkZo9XYZkkybm8S1gDvp1nUmbpPGpjuyakf3fVBkyqazF,285084827,2026-07-13T10:18:51Z,7xKXtg2CW87d97TXJSDpbD5jBkheTqA83TZRuJosgAsU,Counterparty_05_903bb13e,high,in,EPjFWdd5AufqSSqeM2qN1xzybapC8G4wEGGkZwyTDt1v,USDC,6,4468650000,4468.65,1.00,4468.65,0,success,fixture
f336fByED6szM9tL1Jz8MhWMZmJmtAWUaTw6itCXVuovdpwDtGFGvNUvgLzA26cJHsMVSR6TxunjCydvvnrQ4oTK,285128647,2026-07-13T15:10:59Z,7xKXtg2CW87d97TXJSDpbD5jBkheTqA83TZRuJosgAsU,Counterparty_02_d11a6706,high,in,EPjFWdd5AufqSSqeM2qN1xzybapC8G4wEGGkZwyTDt1v,USDC,6,17618390000,17618.39,1.00,17618.39,0,success,fixture
FMGToMJu5dQ8Zkz4CFta3S5yWxKrwLM6cW1QDKdsLpgGWQeYrrDozbqsGA1T2FbPhvmy1N1qjRwpoL7EaGTY4AnJ,285179245,2026-07-13T20:48:18Z,7xKXtg2CW87d97TXJSDpbD5jBkheTqA83TZRuJosgAsU,Counterparty_02_d11a6706,high,in,Es9vMFrzaCERmJfrF4H2FYD4KCoNkY11McCe8BenwNYB,USDT,6,17131520000,17131.52,1.00,17131.52,0,success,fixture
vw84Vhn4M7wbJwDigp2NvkwzMznBzeoQa1jSTvjj45DuqZAoJ6CV3JfDmZTChpvv1LJcP8NWdvm6dW686Co6CMeh,285196297,2026-07-13T22:41:59Z,7xKXtg2CW87d97TXJSDpbD5jBkheTqA83TZRuJosgAsU,Counterparty_00_9d79b1a3,high,in,Es9vMFrzaCERmJfrF4H2FYD4KCoNkY11McCe8BenwNYB,USDT,6,7227810000,7227.81,1.00,7227.81,0,success,fixture
XgJ3Uj27MrH7FaBVnFcTjbaEGg9tDvbjqfaR9APiyHUiZpTCdTzU64FQSQYJic4cLDYi6nLvreBTAXFhQ1iS34o5,285234125,2026-07-14T02:54:10Z,7xKXtg2CW87d97TXJSDpbD5jBkheTqA83TZRuJosgAsU,Counterparty_04_57526846,high,out,EPjFWdd5AufqSSqeM2qN1xzybapC8G4wEGGkZwyTDt1v,USDC,6,9450490000,9450.49,1.00,9450.49,5000,success,fixture
u5xAAfxZF2ZjqYbaLnXVwdbZZAHrEWPgSapSbkUCVHZCmF1xr3dnV5zMHYuNeP28tDwqtERVwAoj65vMRVqoa5J2,285248182,2026-07-14T04:27:53Z,7xKXtg2CW87d97TXJSDpbD5jBkheTqA83TZRuJosgAsU,Counterparty_17_f3e82208,high,in,Es9vMFrzaCERmJfrF4H2FYD4KCoNkY11McCe8BenwNYB,USDT,6,6080370000,6080.37,1.00,6080.37,0,success,fixture
LsiV1iLmcTj26SNS5ALUT9NTeP5AwQ5Ustx9Zoh2CR7stuxJCAuajKYKReYaPy8EUa5fJzrb2iJJoRFNkc3u3phi,285351982,2026-07-14T15:59:53Z,7xKXtg2CW87d97TXJSDpbD5jBkheTqA83TZRuJosgAsU,Counterparty_04_57526846,high,out,SOL,SOL,9,13000000000,13.0000,,,5000,success,fixture
eaoAGrC3VBhLuZT7xk6NUtykvsrqBF4umRYc25kdJRY36Jn5wAcy1HKV7yxB3cDqT9KcVLZNSCEuVbicUm5XFtt9,285378447,2026-07-14T18:56:19Z,7xKXtg2CW87d97TXJSDpbD5jBkheTqA83TZRuJosgAsU,Counterparty_25_a6c1ad8f,high,out,EPjFWdd5AufqSSqeM2qN1xzybapC8G4wEGGkZwyTDt1v,USDC,6,13444030000,13444.03,1.00,13444.03,5000,success,fixture
e6hLonWt15BgubEkreprHkPK6ysRJR2Yk7P31UhmkSPBcNzD43HMQXmiZySbxtNgCAAx9xp42rRsPokgzXiVLi8L,285399272,2026-07-14T21:15:09Z,7xKXtg2CW87d97TXJSDpbD5jBkheTqA83TZRuJosgAsU,Counterparty_08_a96089bc,high,in,Es9vMFrzaCERmJfrF4H2FYD4KCoNkY11McCe8BenwNYB,USDT,6,2818640000,2818.64,1.00,2818.64,0,success,fixture
Eh9NZoxUiXVyNKSQcT8XBcjLWi2GKJtThEFCnKuRPisqjTwxaKur5NKpTpDN8WMYEMq5uZQ7sovYSdkRPnudQeTM,285483442,2026-07-15T06:36:17Z,7xKXtg2CW87d97TXJSDpbD5jBkheTqA83TZRuJosgAsU,Counterparty_25_a6c1ad8f,high,out,EPjFWdd5AufqSSqeM2qN1xzybapC8G4wEGGkZwyTDt1v,USDC,6,21090980000,21090.98,1.00,21090.98,5000,success,fixture
bg4yRnbzaWZMb2Df7AitWswXgs3NDjbpYN5omZmvgNEoqHCvdVi4FdpzWoqsYDFZ1x2Hz6HjuDBizrmTokigyLhL,285559470,2026-07-15T15:03:08Z,7xKXtg2CW87d97TXJSDpbD5jBkheTqA83TZRuJosgAsU,Counterparty_03_fb40d6bd,high,in,Es9vMFrzaCERmJfrF4H2FYD4KCoNkY11McCe8BenwNYB,USDT,6,4468260000,4468.26,1.00,4468.26,0,success,fixture
CfGLKdVhDJxsX6QSRBXVUZgpUqAusX2qRUw6qLfbAcoCHRWLWKRcfX5N9nXDAD11xZooQYSTSpQRYLie5Ty38RdB,285569105,2026-07-15T16:07:22Z,7xKXtg2CW87d97TXJSDpbD5jBkheTqA83TZRuJosgAsU,Counterparty_06_de562439,high,out,SOL,SOL,9,27000000000,27.0000,,,5000,success,fixture
YBhtaY9pxcTS1K8UKoykJaMgyQdiBAKakEtgnQafHXWENpow9BanvX1MTCAX51LmDDm7bWN74gWfB5PhcyFPh1DJ,285582982,2026-07-15T17:39:53Z,7xKXtg2CW87d97TXJSDpbD5jBkheTqA83TZRuJosgAsU,Counterparty_09_a71f3d1a,high,out,EPjFWdd5AufqSSqeM2qN1xzybapC8G4wEGGkZwyTDt1v,USDC,6,10118470000,10118.47,1.00,10118.47,5000,success,fixture
A2KW8dR1eL3iizjgV3P9WyoWJ1BPZwxZEPznaRZ5CiAPiodNWnws9JsqjLS5viXRXfjCdnZrjaH9mMeePegvS532,285637570,2026-07-15T23:43:48Z,7xKXtg2CW87d97TXJSDpbD5jBkheTqA83TZRuJosgAsU,Counterparty_27_b10f4db7,high,out,EPjFWdd5AufqSSqeM2qN1xzybapC8G4wEGGkZwyTDt1v,USDC,6,3263850000,3263.85,1.00,3263.85,5000,success,fixture
jdagNZrj9fHbTGst4fdoWnAaNMmhJ8VeEmvrgLF6Lzdn8HB5PHLoxx3eSWvRALAcQYH3L2rQBpjmYhmWs2DQHWUR,285650847,2026-07-16T01:12:19Z,7xKXtg2CW87d97TXJSDpbD5jBkheTqA83TZRuJosgAsU,Counterparty_29_8c088ab3,high,in,EPjFWdd5AufqSSqeM2qN1xzybapC8G4wEGGkZwyTDt1v,USDC,6,14936840000,14936.84,1.00,14936.84,0,success,fixture
NjT3SXXQPdPVsGpqsMK7t1MpqhjyVXzj9P1K3CNmutpbigpZc52hbMtMaVAENYZKqQsXhA3a2AK82sK6Q4sWpqLe,285699130,2026-07-16T06:34:12Z,7xKXtg2CW87d97TXJSDpbD5jBkheTqA83TZRuJosgAsU,Counterparty_07_e9c1b823,high,in,EPjFWdd5AufqSSqeM2qN1xzybapC8G4wEGGkZwyTDt1v,USDC,6,551660000,551.66,1.00,551.66,0,success,fixture
gCWZUcuVRPFCUf1dYwoGnZJTbdQ33dXnQ8eXm6AooawqrJWa6ayg6GXhpjj5khbteLg4zNbr1XWZzXdoNTPtKKB3,285710652,2026-07-16T07:51:01Z,7xKXtg2CW87d97TXJSDpbD5jBkheTqA83TZRuJosgAsU,Counterparty_22_d1f65e81,high,out,Es9vMFrzaCERmJfrF4H2FYD4KCoNkY11McCe8BenwNYB,USDT,6,23921720000,23921.72,1.00,23921.72,5000,success,fixture
9RhrNKiFLrVvPd7mS2toHGNeiZEgaNhhnxdp4WtfnsdUQZwMVZqFkYNTjtc5RXaLuELk3YvmE4Vij7tkvWWR7ykh,285739095,2026-07-16T11:00:38Z,7xKXtg2CW87d97TXJSDpbD5jBkheTqA83TZRuJosgAsU,Counterparty_27_b10f4db7,high,in,EPjFWdd5AufqSSqeM2qN1xzybapC8G4wEGGkZwyTDt1v,USDC,6,936820000,936.82,1.00,936.82,0,success,fixture
VAw4J6cUBgD5gq7iRyVcyhVMpmcRmHYH1yry8fuAhQPGy8VNMt1HSv7U8KnFbwozJ4FfxW9wRXNKPVTueh4eK6H9,285750910,2026-07-16T12:19:24Z,7xKXtg2CW87d97TXJSDpbD5jBkheTqA83TZRuJosgAsU,Counterparty_11_b3669cbd,high,out,Es9vMFrzaCERmJfrF4H2FYD4KCoNkY11McCe8BenwNYB,USDT,6,20301450000,20301.45,1.00,20301.45,5000,success,fixture
opYVuUFgRRFxQ9XGS12stVQQ1H1icJ8nDZFrZd475WMAsbi91tziXf1YXwiejZoobkS8aCQTn5TUH3yBci19yc2A,285809030,2026-07-16T18:46:52Z,7xKXtg2CW87d97TXJSDpbD5jBkheTqA83TZRuJosgAsU,Counterparty_05_903bb13e,high,in,Es9vMFrzaCERmJfrF4H2FYD4KCoNkY11McCe8BenwNYB,USDT,6,9739490000,9739.49,1.00,9739.49,0,success,fixture
hjEByfpMTFJCVYXMsBBPdA2T6ySPb6Atf92iQdoBAeK85MxrTE3AeMMqjmeSFUGWjotAiTCugoKjqC3UR5NjHgZ2,285830987,2026-07-16T21:13:15Z,7xKXtg2CW87d97TXJSDpbD5jBkheTqA83TZRuJosgAsU,Counterparty_20_8ba8f837,high,out,EPjFWdd5AufqSSqeM2qN1xzybapC8G4wEGGkZwyTDt1v,USDC,6,3281240000,3281.24,1.00,3281.24,5000,success,fixture
vc5KX98mxJNaTaEmEg47doha6XomfsnKUfwMHadgP9gdYaohYYtCygFnKD182Whs8pwEtgTT3NPcthE1hDmKHs5L,285846520,2026-07-16T22:56:48Z,7xKXtg2CW87d97TXJSDpbD5jBkheTqA83TZRuJosgAsU,Counterparty_09_a71f3d1a,high,out,EPjFWdd5AufqSSqeM2qN1xzybapC8G4wEGGkZwyTDt1v,USDC,6,300140000,300.14,1.00,300.14,5000,success,fixture
dNK9v6pqmXvmmPwU9XNBZ118Tpyynx5iVEJLWejsKmqMeCFMk8uTnEcFuBUJoZfYn6kkw346V1Wc79kngKhiNVS5,285881997,2026-07-17T02:53:19Z,7xKXtg2CW87d97TXJSDpbD5jBkheTqA83TZRuJosgAsU,Counterparty_23_44e61d9a,high,out,EPjFWdd5AufqSSqeM2qN1xzybapC8G4wEGGkZwyTDt1v,USDC,6,8966990000,8966.99,1.00,8966.99,5000,success,fixture
dh4mLPzAaftbU1R5o4RNTWGFVqJQVz36SMAVT6FTjc5Lezc49PFh2ZJDXoSggBhgwSKJLWrvYxCMtyt1bKkCGpAz,286064757,2026-07-17T23:11:43Z,7xKXtg2CW87d97TXJSDpbD5jBkheTqA83TZRuJosgAsU,Counterparty_08_a96089bc,high,in,EPjFWdd5AufqSSqeM2qN1xzybapC8G4wEGGkZwyTDt1v,USDC,6,16886000000,16886.00,1.00,16886.00,0,success,fixture
HKPkjZphAfzsTpfKoQH6jkvdty8vFouWc3HfZYvU92fDtctDVGfSMpBLzCuXjT1ntYKjk8LUHwqzJ1sBUm8DPDKA,286082787,2026-07-18T01:11:55Z,7xKXtg2CW87d97TXJSDpbD5jBkheTqA83TZRuJosgAsU,Counterparty_10_6d2d3cad,high,out,EPjFWdd5AufqSSqeM2qN1xzybapC8G4wEGGkZwyTDt1v,USDC,6,2928710000,2928.71,1.00,2928.71,5000,success,fixture
6rA1ifgAcTjbjonXcKAjmXXN7MFSjVs94meVxpP3uRRge7ki9obMwpSaNdxJK6TKudGE7rz66MRqhnbML2BRpv97,286109690,2026-07-18T04:11:16Z,7xKXtg2CW87d97TXJSDpbD5jBkheTqA83TZRuJosgAsU,Counterparty_16_9911036c,high,in,EPjFWdd5AufqSSqeM2qN1xzybapC8G4wEGGkZwyTDt1v,USDC,6,22814840000,22814.84,1.00,22814.84,0,success,fixture
hXWsSeAmmx5exi8p2N1wYy7eW3fPYKqLPnJ2wUe8yLGZWtUXEciLG8rmhMptQTYUfMfWgBdRCpTFBnXEBHFYq3Dk,286135260,2026-07-18T07:01:44Z,7xKXtg2CW87d97TXJSDpbD5jBkheTqA83TZRuJosgAsU,Counterparty_27_b10f4db7,high,out,Es9vMFrzaCERmJfrF4H2FYD4KCoNkY11McCe8BenwNYB,USDT,6,18809850000,18809.85,1.00,18809.85,5000,success,fixture
8u7Vz1BYZKXDLLWvdsDVBpCFrgytp8XqR5gmxTcByBPabNjauJjD8EhnqMmkkYL1aVLVJ2xVDgXAdhT7pYPTNVYe,286152667,2026-07-18T08:57:47Z,7xKXtg2CW87d97TXJSDpbD5jBkheTqA83TZRuJosgAsU,Counterparty_18_6ecaa007,high,in,EPjFWdd5AufqSSqeM2qN1xzybapC8G4wEGGkZwyTDt1v,USDC,6,16706310000,16706.31,1.00,16706.31,0,success,fixture
oZvXf4Tzjm2tHaaSekFC4mNrQrGH1Ps2kavfrAXDdTp6zMfwVUHr1MDkipMTV4pXZfyWYnNPHBUw5enx2GvsaHAw,286174812,2026-07-18T11:25:25Z,7xKXtg2CW87d97TXJSDpbD5jBkheTqA83TZRuJosgAsU,Counterparty_05_903bb13e,high,out,EPjFWdd5AufqSSqeM2qN1xzybapC8G4wEGGkZwyTDt1v,USDC,6,13287950000,13287.95,1.00,13287.95,5000,success,fixture
f54ALw8dZvujCXqBJKigQC3VRdehu5PAuzbE66rdWYZdP7USPw47yb44QJK2qAWVR48jx9F7R9NvXQ6232ERxTqb,286211460,2026-07-18T15:29:44Z,7xKXtg2CW87d97TXJSDpbD5jBkheTqA83TZRuJosgAsU,Counterparty_11_b3669cbd,high,out,Es9vMFrzaCERmJfrF4H2FYD4KCoNkY11McCe8BenwNYB,USDT,6,7936740000,7936.74,1.00,7936.74,5000,success,fixture
j2EdC2hN7KTt2oWwzHPukPPGJVs4MWmhHrsBEcrxciMpSqPruCwYw6NPgbptvFMvL7o6hSMgYhCqRDHwnYPNtVzQ,286221785,2026-07-18T16:38:34Z,7xKXtg2CW87d97TXJSDpbD5jBkheTqA83TZRuJosgAsU,Counterparty_24_b30fcb06,high,in,SOL,SOL,9,25000000000,25.0000,,,0,success,fixture
6mTM6XmuQcUSTCwSPYu4LEbtaDDqdCDkoaH2gdn8CrSyf5WSrHdcQVVyKBVEvMdcH4kkkyyW2ouMLWA4qg9UJwxR,286333092,2026-07-19T05:00:37Z,7xKXtg2CW87d97TXJSDpbD5jBkheTqA83TZRuJosgAsU,Counterparty_22_d1f65e81,high,out,Es9vMFrzaCERmJfrF4H2FYD4KCoNkY11McCe8BenwNYB,USDT,6,19341520000,19341.52,1.00,19341.52,5000,success,fixture
VMFqaTTca5LNiEqeu9kLu6xsDpyDYEDtCSjLv4a7fhLLKcd4rA2aK9sWFPge7d96MXjZUuHnJnauqBdU6tB1sMAk,286362880,2026-07-19T08:19:12Z,7xKXtg2CW87d97TXJSDpbD5jBkheTqA83TZRuJosgAsU,Counterparty_28_89d35ea6,high,out,EPjFWdd5AufqSSqeM2qN1xzybapC8G4wEGGkZwyTDt1v,USDC,6,1266150000,1266.15,1.00,1266.15,5000,success,fixture
D3NWpPWmZuRSx4W4CuxN2WoRUU3RdikP2ZQnAU64TZgTQPxwpE9RqHYJx7inH5CkJ1kqvHDdUaKZwEMesrR411y5,286368955,2026-07-19T08:59:42Z,7xKXtg2CW87d97TXJSDpbD5jBkheTqA83TZRuJosgAsU,Counterparty_17_f3e82208,high,out,Es9vMFrzaCERmJfrF4H2FYD4KCoNkY11McCe8BenwNYB,USDT,6,353650000,353.65,1.00,353.65,5000,success,fixture
1PyxnD8DK39STpNz3BjDXjJ8TYcYtkn9MqqrySZopvuR987s29APZ1rkG4kvNUfp1UXKKY6qUGgAoZCGJr8xHmGj,286403215,2026-07-19T12:48:06Z,7xKXtg2CW87d97TXJSDpbD5jBkheTqA83TZRuJosgAsU,Counterparty_26_2906e732,high,out,EPjFWdd5AufqSSqeM2qN1xzybapC8G4wEGGkZwyTDt1v,USDC,6,23249130000,23249.13,1.00,23249.13,5000,success,fixture
vvDRdt7taLQJJ7xktebkFZQVnydAaBStApf27TtP7MfodMBXKVwtbvpY7QiNpFDE5iVdrF5sjEiLuYNzRy5gvUp7,286461762,2026-07-19T19:18:25Z,7xKXtg2CW87d97TXJSDpbD5jBkheTqA83TZRuJosgAsU,Counterparty_27_b10f4db7,high,out,EPjFWdd5AufqSSqeM2qN1xzybapC8G4wEGGkZwyTDt1v,USDC,6,20758060000,20758.06,1.00,20758.06,5000,success,fixture
MuMDD4tYY3JT88VBfMeRGd2K2iswd1WK9vS3zba3Ni25X7vtToLJMqPS6crMYg4SLmWYwi8vQg72F4u197MxmoUF,286507687,2026-07-20T00:24:35Z,7xKXtg2CW87d97TXJSDpbD5jBkheTqA83TZRuJosgAsU,Counterparty_05_903bb13e,high,in,EPjFWdd5AufqSSqeM2qN1xzybapC8G4wEGGkZwyTDt1v,USDC,6,12187680000,12187.68,1.00,12187.68,0,success,fixture
jTrVVE26H9uDNj9YkgkJGK3W5mpzpSAroYSUHXanxmLaU2iMRH8F6n2SSSr3oAgmxYAgLN8DoPxT1fe45jHsa1Sc,286545862,2026-07-20T04:39:05Z,7xKXtg2CW87d97TXJSDpbD5jBkheTqA83TZRuJosgAsU,Counterparty_02_d11a6706,high,in,Es9vMFrzaCERmJfrF4H2FYD4KCoNkY11McCe8BenwNYB,USDT,6,20633430000,20633.43,1.00,20633.43,0,success,fixture
gazXv53v8KgL66strUFvCcApAQ8dRHr9eNZhR8UVA75zxY2xsAuMHwLsufRMM3BnJpBzn6wajsAMvtHha4NmWPgv,286605380,2026-07-20T11:15:52Z,7xKXtg2CW87d97TXJSDpbD5jBkheTqA83TZRuJosgAsU,Counterparty_10_6d2d3cad,high,in,SOL,SOL,9,15000000000,15.0000,,,0,success,fixture
57Fv8QtqmTtavYE8k39LBRtKMfotUyFdJUaKQZEn7t1td1DwPckPZnX9RDkCmtXP3vCYh5fARLC8p1CGcrVuBwav,286751327,2026-07-21T03:28:51Z,7xKXtg2CW87d97TXJSDpbD5jBkheTqA83TZRuJosgAsU,Counterparty_17_f3e82208,high,in,EPjFWdd5AufqSSqeM2qN1xzybapC8G4wEGGkZwyTDt1v,USDC,6,14344530000,14344.53,1.00,14344.53,0,success,fixture
Jvn6LyB27GJvgujsbwLEcypCbjq5zL2KRCLXbUkoDsPvVqCETjBXFF4Zjd1GLMrKLSiZKtzGqCv5p3xfMKfRcT7Y,286762060,2026-07-21T04:40:24Z,7xKXtg2CW87d97TXJSDpbD5jBkheTqA83TZRuJosgAsU,Counterparty_14_829f4116,high,out,Es9vMFrzaCERmJfrF4H2FYD4KCoNkY11McCe8BenwNYB,USDT,6,1975600000,1975.60,1.00,1975.60,5000,success,fixture
EeA2o39PavPUNqsEGrXnXXsG2kD7RYmcX7esBvT7QKcXkA1w7AHj49QuKNM2j4NKe3Zpo3jdecvEdwYShWGaZX9L,286817225,2026-07-21T10:48:10Z,7xKXtg2CW87d97TXJSDpbD5jBkheTqA83TZRuJosgAsU,Counterparty_12_50e165e4,high,in,EPjFWdd5AufqSSqeM2qN1xzybapC8G4wEGGkZwyTDt1v,USDC,6,532250000,532.25,1.00,532.25,0,success,fixture
yFAnBEz99HBwUDVxcoESZp6BNH7KN9arYubJXPg1JHWKm6VULEJJ51PWeLjo3RmMCqPECeGh9JLvJjbqFJoQ8deQ,286843517,2026-07-21T13:43:27Z,7xKXtg2CW87d97TXJSDpbD5jBkheTqA83TZRuJosgAsU,Counterparty_10_6d2d3cad,high,in,Es9vMFrzaCERmJfrF4H2FYD4KCoNkY11McCe8BenwNYB,USDT,6,21467890000,21467.89,1.00,21467.89,0,success,fixture
SsKjS8r9EofPMHQphAzNodr8vEVCv1uTsWVhxjE4gkWc2GwggoEHScSB4nXNEd8uf6qjsheDcBakdu6ZvoEyoM1V,286966412,2026-07-22T03:22:45Z,7xKXtg2CW87d97TXJSDpbD5jBkheTqA83TZRuJosgAsU,Counterparty_07_e9c1b823,high,out,EPjFWdd5AufqSSqeM2qN1xzybapC8G4wEGGkZwyTDt1v,USDC,6,17539810000,17539.81,1.00,17539.81,5000,success,fixture
F3b6Tf3DN2EopJ93SAZogNoap1J9KzcNu7h5jUaocpFeB5u5yLsGhRYcPaVFDtpkHRRXUpSa9gE42pYEX1GzZVsY,287008360,2026-07-22T08:02:24Z,7xKXtg2CW87d97TXJSDpbD5jBkheTqA83TZRuJosgAsU,Counterparty_09_a71f3d1a,high,out,Es9vMFrzaCERmJfrF4H2FYD4KCoNkY11McCe8BenwNYB,USDT,6,8906290000,8906.29,1.00,8906.29,5000,success,fixture
dtfYM5ji1e2SniPru7gwK2YButFJtT7Qo3J8np5Y4ZAdA94eAuM6qmEg21CemP35sp6LVHzkvwVCgd4nPQM9GXZD,287040952,2026-07-22T11:39:41Z,7xKXtg2CW87d97TXJSDpbD5jBkheTqA83TZRuJosgAsU,Counterparty_22_d1f65e81,high,out,EPjFWdd5AufqSSqeM2qN1xzybapC8G4wEGGkZwyTDt1v,USDC,6,20193630000,20193.63,1.00,20193.63,5000,success,fixture
YmsHk8czUiPC2xQwWrjPoUEgcyDRQCp1DVQaD1eLN7QHZ1fJ3iJiXS3mnHJh4du2xnXfhWYCXpxiqbt73Q2gznAn,287048020,2026-07-22T12:26:48Z,7xKXtg2CW87d97TXJSDpbD5jBkheTqA83TZRuJosgAsU,Counterparty_23_44e61d9a,high,in,Es9vMFrzaCERmJfrF4H2FYD4KCoNkY11McCe8BenwNYB,USDT,6,4413100000,4413.10,1.00,4413.10,0,success,fixture
HR7v9w6jMvXQUooqxpBqUHy7CqU2ZHa8ZsiVSB1eg4UdF6fvUG2swGgfN5UpY4LN3nNoguebAu9knoTVFkt7CqEJ,287099612,2026-07-22T18:10:45Z,7xKXtg2CW87d97TXJSDpbD5jBkheTqA83TZRuJosgAsU,Counterparty_25_a6c1ad8f,high,in,Es9vMFrzaCERmJfrF4H2FYD4KCoNkY11McCe8BenwNYB,USDT,6,17500710000,17500.71,1.00,17500.71,0,success,fixture
oXRk197c4UqUxY9NCVeDqoouKHzJPy8nte3SVYLiA5ov1wqcD1TEoJKDvoY72kjaHBNVyoPJCtFWGNEmHdwW9LaT,287202090,2026-07-23T05:33:56Z,7xKXtg2CW87d97TXJSDpbD5jBkheTqA83TZRuJosgAsU,Counterparty_16_9911036c,high,out,SOL,SOL,9,46000000000,46.0000,,,5000,success,fixture
1L2W7HSteVhn7HoYjeYottumGK8cPnMdN3anEYKQnrS38W2DfuR725WPgk2jw3q7Vp3RWdsiJd3YbUmfCaMMk7Sz,287248740,2026-07-23T10:44:56Z,7xKXtg2CW87d97TXJSDpbD5jBkheTqA83TZRuJosgAsU,Counterparty_22_d1f65e81,high,in,EPjFWdd5AufqSSqeM2qN1xzybapC8G4wEGGkZwyTDt1v,USDC,6,12065740000,12065.74,1.00,12065.74,0,success,fixture
rdntCGLz62jpxAwLAP3MfkRE74RqBUvcKKz5cWssWsUvkbgT6mXUhbVmCdT9ox2LBreYQsnbh646mzL54o2aoAPe,287298737,2026-07-23T16:18:15Z,7xKXtg2CW87d97TXJSDpbD5jBkheTqA83TZRuJosgAsU,Counterparty_20_8ba8f837,high,in,EPjFWdd5AufqSSqeM2qN1xzybapC8G4wEGGkZwyTDt1v,USDC,6,12778440000,12778.44,1.00,12778.44,0,success,fixture
eeMTDpkzMFr8MF7GpTxDRzF5XeY4yUAEgWCRQ9WoDhPJDN93md4J98wWWTBqNFyKfBsshgzBdcwF6TwaYxEeXvWJ,287314280,2026-07-23T18:01:52Z,7xKXtg2CW87d97TXJSDpbD5jBkheTqA83TZRuJosgAsU,Counterparty_00_9d79b1a3,high,out,EPjFWdd5AufqSSqeM2qN1xzybapC8G4wEGGkZwyTDt1v,USDC,6,8182310000,8182.31,1.00,8182.31,5000,success,fixture
YX2xVeGDKdvvS4N17hwnUTwYpefocK3YSYZeogkzuxYFn4a2UdMc5JziTyX8YgiPVmU2BKoDXPVFZFekNfwvnjW9,287351612,2026-07-23T22:10:45Z,7xKXtg2CW87d97TXJSDpbD5jBkheTqA83TZRuJosgAsU,Counterparty_28_89d35ea6,high,out,Es9vMFrzaCERmJfrF4H2FYD4KCoNkY11McCe8BenwNYB,USDT,6,12891530000,12891.53,1.00,12891.53,5000,success,fixture
XXu8J3PtVwwW49Qp2m6QQKHgK3hvsgmgybMWtM9QRhEYHJpcJPNoNnjiXRvqkTEGuNmJC1nzN2dzNEr1kVBXoX9a,287357220,2026-07-23T22:48:08Z,7xKXtg2CW87d97TXJSDpbD5jBkheTqA83TZRuJosgAsU,Counterparty_20_8ba8f837,high,out,Es9vMFrzaCERmJfrF4H2FYD4KCoNkY11McCe8BenwNYB,USDT,6,4782600000,4782.60,1.00,4782.60,5000,success,fixture
Wy5LDkEmU2Z3pqe3736KqqTo7w4oEfAYvZaZc7bfE3JtzSj8RGca8TZXnboP6aukPTf3Ph3jeRNSqcbqBRXCa31X,287362237,2026-07-23T23:21:35Z,7xKXtg2CW87d97TXJSDpbD5jBkheTqA83TZRuJosgAsU,Counterparty_04_57526846,high,out,EPjFWdd5AufqSSqeM2qN1xzybapC8G4wEGGkZwyTDt1v,USDC,6,158920000,158.92,1.00,158.92,5000,success,fixture
TvRQTqBnr3yTuYh4xGzfFERVwkYWHLw73xpzkcHDeXz8prq8aCn4z1EjJ3gpGNpqZCXpk8yYDko9u4E6j1USSKzU,287374212,2026-07-24T00:41:25Z,7xKXtg2CW87d97TXJSDpbD5jBkheTqA83TZRuJosgAsU,Counterparty_22_d1f65e81,high,out,EPjFWdd5AufqSSqeM2qN1xzybapC8G4wEGGkZwyTDt1v,USDC,6,16535340000,16535.34,1.00,16535.34,5000,success,fixture
4JwGZbNzoAxxaV5wyPrmaFJiirJF29uegmjWznGcMLJxwCtJ4AgzrHuybq1LmUZaRmoyhgnchg3bnVSDyzvHjCYB,287436265,2026-07-24T07:35:06Z,7xKXtg2CW87d97TXJSDpbD5jBkheTqA83TZRuJosgAsU,Counterparty_09_a71f3d1a,high,out,Es9vMFrzaCERmJfrF4H2FYD4KCoNkY11McCe8BenwNYB,USDT,6,3494140000,3494.14,1.00,3494.14,5000,success,fixture
fknx4Gp3SVFbEqxr49ZKFuodMdfrkuMGLyAjaFTLJ4ceypChkUcY4PijRsaMmTTALRCqbXGwFLwnAtW4cTTca9RG,287450190,2026-07-24T09:07:56Z,7xKXtg2CW87d97TXJSDpbD5jBkheTqA83TZRuJosgAsU,Counterparty_08_a96089bc,high,in,EPjFWdd5AufqSSqeM2qN1xzybapC8G4wEGGkZwyTDt1v,USDC,6,2690570000,2690.57,1.00,2690.57,0,success,fixture
fknx4Gp3SVFbEqxr49ZKFuodMdfrkuMGLyAjaFTLJ4ceypChkUcY4PijRsaMmTTALRCqbXGwFLwnAtW4cTTca9RG,287450190,2026-07-24T09:07:56Z,7xKXtg2CW87d97TXJSDpbD5jBkheTqA83TZRuJosgAsU,Counterparty_08_a96089bc,high,in,EPjFWdd5AufqSSqeM2qN1xzybapC8G4wEGGkZwyTDt1v,USDC,6,2690570000,2690.57,1.00,2690.57,0,success,fixture
qX4yRdmovGkeCaNG9ih4AMLT6wTnjniXeKTpViVajs5aqdasUEnTp6xFxdMgnKrhMse9n58ncNpVCFhNh46gJWEY,287503280,2026-07-24T15:01:52Z,7xKXtg2CW87d97TXJSDpbD5jBkheTqA83TZRuJosgAsU,Counterparty_15_69842a97,high,out,EPjFWdd5AufqSSqeM2qN1xzybapC8G4wEGGkZwyTDt1v,USDC,6,13240860000,13240.86,1.00,13240.86,5000,success,fixture
hhwuxFYbN6FfDz57xRNE8AxTHPRmpgRVPvV3PX7uxX6Qgi6ibFFszFFQSBrhitQN28ENqcL8qr4noGoH65zFVDuj,287529922,2026-07-24T17:59:29Z,7xKXtg2CW87d97TXJSDpbD5jBkheTqA83TZRuJosgAsU,Counterparty_04_57526846,high,in,Es9vMFrzaCERmJfrF4H2FYD4KCoNkY11McCe8BenwNYB,USDT,6,20908830000,20908.83,1.00,20908.83,0,success,fixture
rDNLGXxjcpza9T3EFiQgo847jQVmm2fu4ZQden5tKKdC2nVHetBSqfndghTrgdtRxrjKvcifqfpokkqwW6yaKAbs,287533147,2026-07-24T18:20:59Z,7xKXtg2CW87d97TXJSDpbD5jBkheTqA83TZRuJosgAsU,Counterparty_11_b3669cbd,high,out,EPjFWdd5AufqSSqeM2qN1xzybapC8G4wEGGkZwyTDt1v,USDC,6,18737310000,18737.31,1.00,18737.31,5000,success,fixture
6wYVM8Ypi27ST3cc1u6sfghLyZcEijWNQu4uFwWNcrgfXnjQnV87qjF1NPvhtKcaQm73zBY9unpoT7HgDD8wSEWu,287589232,2026-07-25T00:34:53Z,7xKXtg2CW87d97TXJSDpbD5jBkheTqA83TZRuJosgAsU,Counterparty_25_a6c1ad8f,high,in,Es9vMFrzaCERmJfrF4H2FYD4KCoNkY11McCe8BenwNYB,USDT,6,3631960000,3631.96,1.00,3631.96,0,success,fixture
XMtHY9nbs8pMjV2UUCPsn17nUCC2LDjvVV8HgxKcXBKaHe9U8PCaxqkkG1MqUc9o4xcw4ZC2oXiZw1fZZzCB3eu9,287712377,2026-07-25T14:15:51Z,7xKXtg2CW87d97TXJSDpbD5jBkheTqA83TZRuJosgAsU,Counterparty_11_b3669cbd,high,in,Es9vMFrzaCERmJfrF4H2FYD4KCoNkY11McCe8BenwNYB,USDT,6,228820000,228.82,1.00,228.82,0,success,fixture
X2NEpbEEbaqHcXgoAmmj2Rezja3HB4KDsmgJ4Wi15RjJjwjQx72KxyiRFRZn7zMYxfb6CDZWcn23GaLNYSpB2PkP,287753900,2026-07-25T18:52:40Z,7xKXtg2CW87d97TXJSDpbD5jBkheTqA83TZRuJosgAsU,Counterparty_11_b3669cbd,high,out,EPjFWdd5AufqSSqeM2qN1xzybapC8G4wEGGkZwyTDt1v,USDC,6,16525350000,16525.35,1.00,16525.35,5000,success,fixture
sLrMFDsZtf2U9GwsQHtSyRs9whCrTNmK47ShNffPF41mkUBwC8CAKCqtVUyXmjXLS9qMg5R276CJn76QwZuHbtah,287800852,2026-07-26T00:05:41Z,7xKXtg2CW87d97TXJSDpbD5jBkheTqA83TZRuJosgAsU,Counterparty_12_50e165e4,high,in,EPjFWdd5AufqSSqeM2qN1xzybapC8G4wEGGkZwyTDt1v,USDC,6,17691010000,17691.01,1.00,17691.01,0,success,fixture
NWNwsQHSs2RcDJrCT2QDGxabBuhLfneUeSRo4bnswouk8ZWqMac3K7Kh2DTFLaVHN79tpR8dyGxVg4xBBipzfEy2,287878747,2026-07-26T08:44:59Z,7xKXtg2CW87d97TXJSDpbD5jBkheTqA83TZRuJosgAsU,Counterparty_19_5a69fc17,high,out,Es9vMFrzaCERmJfrF4H2FYD4KCoNkY11McCe8BenwNYB,USDT,6,9743270000,9743.27,1.00,9743.27,5000,success,fixture
cxuZGsjsRtHGp6UYpaMpgZvJHJy3ccjdzMpeE2DCh3WhyQU1wnuNAUggr48pQBEvi3z9ffjgSRDF2fuzBGPwSPH1,287890187,2026-07-26T10:01:15Z,7xKXtg2CW87d97TXJSDpbD5jBkheTqA83TZRuJosgAsU,Counterparty_07_e9c1b823,high,in,EPjFWdd5AufqSSqeM2qN1xzybapC8G4wEGGkZwyTDt1v,USDC,6,21158750000,21158.75,1.00,21158.75,0,success,fixture
SiNuBWxBciLPEeYHgpheQ2Vo1ZwbULu1TpYQqTwx2B3b1jn7dvwBf3BCr5zQruLyuGg3JHbd3eFCzBPDGEC1BGP5,287963692,2026-07-26T18:11:17Z,7xKXtg2CW87d97TXJSDpbD5jBkheTqA83TZRuJosgAsU,Counterparty_01_7f31801c,high,in,Es9vMFrzaCERmJfrF4H2FYD4KCoNkY11McCe8BenwNYB,USDT,6,21463420000,21463.42,1.00,21463.42,0,success,fixture
MNNATW9z4kGShzXp4AWoM811yPzpwvkUcY3Ue1MW5r5C6ma6wRWxmfDtCGQtsDdtFqmF2hxQJaKoemM6xxTNXu4z,288058205,2026-07-27T04:41:22Z,7xKXtg2CW87d97TXJSDpbD5jBkheTqA83TZRuJosgAsU,Counterparty_14_829f4116,high,out,EPjFWdd5AufqSSqeM2qN1xzybapC8G4wEGGkZwyTDt1v,USDC,6,4860130000,4860.13,1.00,4860.13,5000,success,fixture
ukY8FnEDxusJKpYR9UwEfEuKokDTCTsA2KHGgVGQekiW61X9xMmSkEnRnUpfH57c44NGXPfjtfnpt31HZgRLSjQ9,288059772,2026-07-27T04:51:49Z,7xKXtg2CW87d97TXJSDpbD5jBkheTqA83TZRuJosgAsU,Counterparty_28_89d35ea6,high,out,EPjFWdd5AufqSSqeM2qN1xzybapC8G4wEGGkZwyTDt1v,USDC,6,5977330000,5977.33,1.00,5977.33,5000,success,fixture
iAwZ79FQRVxgZDrSD5JUBkLxdi7AWy7p8G2zWCJ2XjaVPH8c6PUEASZUZN4VJQ74iRoUDKDSCfJafYaU7k4iG8F8,288086122,2026-07-27T07:47:29Z,7xKXtg2CW87d97TXJSDpbD5jBkheTqA83TZRuJosgAsU,Counterparty_01_7f31801c,high,in,EPjFWdd5AufqSSqeM2qN1xzybapC8G4wEGGkZwyTDt1v,USDC,6,7923080000,7923.08,1.00,7923.08,0,success,fixture
7CRyfGWeHfwgdMwxBCMCgTqHHLkaJqGtphUrnobUZ8xy85LsFF3UH2fna2McYX6vNMmPfkjsm4rhRmyBrXaXg4BP,288102227,2026-07-27T09:34:51Z,7xKXtg2CW87d97TXJSDpbD5jBkheTqA83TZRuJosgAsU,Counterparty_18_6ecaa007,high,in,Es9vMFrzaCERmJfrF4H2FYD4KCoNkY11McCe8BenwNYB,USDT,6,618910000,618.91,1.00,618.91,0,success,fixture
Y6k2T9dKQx29pRjqdKJWFrQjEJ7yviKmGg52pECGpm8uaUvjpUWwdh4yUUhYpHXXih9q4n76jx4K1cFZHGpWwcCS,288113660,2026-07-27T10:51:04Z,7xKXtg2CW87d97TXJSDpbD5jBkheTqA83TZRuJosgAsU,Counterparty_00_9d79b1a3,high,in,Es9vMFrzaCERmJfrF4H2FYD4KCoNkY11McCe8BenwNYB,USDT,6,14746600000,14746.60,1.00,14746.60,0,success,fixture
U4WK38xYWQ4yfkQHUNkKru2bJCKPT2VMLh3f8Po3bpSGC6b79oAhYUzJPWmgGuzvouadW35MQ3Afohty7RZo6Nhp,288167272,2026-07-27T16:48:29Z,7xKXtg2CW87d97TXJSDpbD5jBkheTqA83TZRuJosgAsU,Counterparty_09_a71f3d1a,high,out,EPjFWdd5AufqSSqeM2qN1xzybapC8G4wEGGkZwyTDt1v,USDC,6,6127950000,6127.95,1.00,6127.95,5000,success,fixture
MxDmGdRFwrT3MpXntRRjsuiAY39ZeNx7xwV7aW1oATxiA5XsHNgmSi6wNwkwbRMhnyqYxb3g5GhkKFp6U7qhnx7V,288197072,2026-07-27T20:07:09Z,7xKXtg2CW87d97TXJSDpbD5jBkheTqA83TZRuJosgAsU,Counterparty_05_903bb13e,high,out,EPjFWdd5AufqSSqeM2qN1xzybapC8G4wEGGkZwyTDt1v,USDC,6,1048050000,1048.05,1.00,1048.05,5000,success,fixture
nWMCfTnkdnLksCmRg7PwJnbhgWbbo6jhH7m9HMvBsVquX3Q3sbtXNN3MUBHKvub6bptxpxobbjuRVaenQx27Fyd8,288203090,2026-07-27T20:47:16Z,7xKXtg2CW87d97TXJSDpbD5jBkheTqA83TZRuJosgAsU,Counterparty_29_8c088ab3,high,out,EPjFWdd5AufqSSqeM2qN1xzybapC8G4wEGGkZwyTDt1v,USDC,6,15215070000,15215.07,1.00,15215.07,5000,success,fixture
X7mmQaiwfpv9qYct7oAkPfZFEndkd5eYyojeETZTzuJB8M56o9ntS51eo5o9anAXYMRjPDfdtcmEYUnhhWFtBTqw,288271472,2026-07-28T04:23:09Z,7xKXtg2CW87d97TXJSDpbD5jBkheTqA83TZRuJosgAsU,Counterparty_26_2906e732,high,out,SOL,SOL,9,15000000000,15.0000,,,5000,success,fixture
QPaC5HWWy2mf91V86tPvBFnqc1CDUmB7isfojB5Pas8adYo1kQd7U7r8ZUEbQNcc6oeyMdpWmXBnm7Rca3n4qrNG,288384015,2026-07-28T16:53:26Z,7xKXtg2CW87d97TXJSDpbD5jBkheTqA83TZRuJosgAsU,Counterparty_15_69842a97,high,out,Es9vMFrzaCERmJfrF4H2FYD4KCoNkY11McCe8BenwNYB,USDT,6,23016770000,23016.77,1.00,23016.77,5000,success,fixture
QQHhYk48JCyeN2GhDUdGRbFL3Ay782JPLqda3hhvrhKR2SQDLheE2gUTxUDLf8TRx4QpMYVDwod3HPNhKDTCtFD6,288401595,2026-07-28T18:50:38Z,7xKXtg2CW87d97TXJSDpbD5jBkheTqA83TZRuJosgAsU,Counterparty_19_5a69fc17,high,out,SOL,SOL,9,18000000000,18.0000,,,5000,success,fixture
j6Nc39xg1pd2LRDzXRR3mkJmRNQtZwsUTnN9PoHcDYKJ6Vj6tjMxZz82t9tq7G5CQ5AdtGr6x51o1ptNxg5AehxW,288427165,2026-07-28T21:41:06Z,7xKXtg2CW87d97TXJSDpbD5jBkheTqA83TZRuJosgAsU,Counterparty_20_8ba8f837,high,out,Es9vMFrzaCERmJfrF4H2FYD4KCoNkY11McCe8BenwNYB,USDT,6,3567780000,3567.78,1.00,3567.78,5000,success,fixture
dcebCCtKNPmK2oiJA8218LhegS88qvvXVaMtJQEdpvi3oPVngbRR9pUfCwsEGdNtGov13pjhz9iPpPDfNxjCxhQS,288440672,2026-07-28T23:11:09Z,7xKXtg2CW87d97TXJSDpbD5jBkheTqA83TZRuJosgAsU,Counterparty_22_d1f65e81,high,in,EPjFWdd5AufqSSqeM2qN1xzybapC8G4wEGGkZwyTDt1v,USDC,6,16074850000,16074.85,1.00,16074.85,0,success,fixture
BWHy1mM6HimG8wRK6s5fgw6mDUQTLn4iqBmQKyuCU33T9bqidjCBDaHEQwWfgDbifMdLQyzcdBAM5iXJxYMCfJgV,288452675,2026-07-29T00:31:10Z,7xKXtg2CW87d97TXJSDpbD5jBkheTqA83TZRuJosgAsU,Counterparty_14_829f4116,high,out,EPjFWdd5AufqSSqeM2qN1xzybapC8G4wEGGkZwyTDt1v,USDC,6,10411130000,10411.13,1.00,10411.13,5000,success,fixture
SBW1jADyCLL6CGwEU6oGAkcwrQ1XBP7XckSmEXjRvWnGq7R9Mq9SrMzKukoxUfSb5PYjpe2FyfCrGQQNZu1gfqS5,288479677,2026-07-29T03:31:11Z,7xKXtg2CW87d97TXJSDpbD5jBkheTqA83TZRuJosgAsU,Counterparty_20_8ba8f837,high,in,EPjFWdd5AufqSSqeM2qN1xzybapC8G4wEGGkZwyTDt1v,USDC,6,6259050000,6259.05,1.00,6259.05,0,success,fixture
ap5NVHmek8UwY5UyMUX4kdazUUYtvbbN8oUcC2DcvQAiaQWgLt45xxNKm6jQ2SZsecN67bci66RksrwYwbYDJZ4c,288525762,2026-07-29T08:38:25Z,7xKXtg2CW87d97TXJSDpbD5jBkheTqA83TZRuJosgAsU,Counterparty_24_b30fcb06,high,out,EPjFWdd5AufqSSqeM2qN1xzybapC8G4wEGGkZwyTDt1v,USDC,6,8370780000,8370.78,1.00,8370.78,5000,success,fixture
nfuHzX8Zfv5mUTb3YFyn8o326VdXXSRj34CB12iGmmULr9EZB9GNMCA2fL7BHNinSChh7Apyz2BQHuiu2dH76yDd,288529860,2026-07-29T09:05:44Z,7xKXtg2CW87d97TXJSDpbD5jBkheTqA83TZRuJosgAsU,Counterparty_25_a6c1ad8f,high,out,EPjFWdd5AufqSSqeM2qN1xzybapC8G4wEGGkZwyTDt1v,USDC,6,11507200000,11507.20,1.00,11507.20,5000,success,fixture
G8yyu2QEcaaijfF7qBgn1LxypJBZyvuAGpT8U3q62jgYApvcghEnbB59wpuh737Qq71T4wpfYtZLdXk2KkhAm3eV,288547007,2026-07-29T11:00:03Z,7xKXtg2CW87d97TXJSDpbD5jBkheTqA83TZRuJosgAsU,Counterparty_21_18aa8f3b,high,out,Es9vMFrzaCERmJfrF4H2FYD4KCoNkY11McCe8BenwNYB,USDT,6,13383540000,13383.54,1.00,13383.54,5000,success,fixture
aL8FbjG8CWU3YbrGDPfKbChxs9HQ9Kutqbb8Rx1jDyQtGL7YUmvPLT7tH77irei73i7KkrWxFdijky6hBvdZuiGt,288556432,2026-07-29T12:02:53Z,7xKXtg2CW87d97TXJSDpbD5jBkheTqA83TZRuJosgAsU,Counterparty_10_6d2d3cad,high,out,EPjFWdd5AufqSSqeM2qN1xzybapC8G4wEGGkZwyTDt1v,USDC,6,18451900000,18451.90,1.00,18451.90,5000,success,fixture
6b5wgDwbFLYjzVp3P61iuqpnHXF1hc2CaB7E8n6mLvZCLhyw6vpLpF2JqKLRdWbheKAsMdTFLevq2q26eVTaoofF,288577307,2026-07-29T14:22:03Z,7xKXtg2CW87d97TXJSDpbD5jBkheTqA83TZRuJosgAsU,Counterparty_07_e9c1b823,high,out,EPjFWdd5AufqSSqeM2qN1xzybapC8G4wEGGkZwyTDt1v,USDC,6,2104330000,2104.33,1.00,2104.33,5000,success,fixture
M2MS67nPrPQt73YLtfhb8caSsqfxRy76Qcaf25Y5oZVv9eWz1u6oCyTZEi8PqSBixHC4R4Qhy5r7SgrXTg1NJGNq,288586372,2026-07-29T15:22:29Z,7xKXtg2CW87d97TXJSDpbD5jBkheTqA83TZRuJosgAsU,Counterparty_04_57526846,high,out,Es9vMFrzaCERmJfrF4H2FYD4KCoNkY11McCe8BenwNYB,USDT,6,4208940000,4208.94,1.00,4208.94,5000,success,fixture
zKdG8GM9nspYkUtCstPNgGYUjQ56xay9MUqyUhrN8REf8WBX7rNHbmDTCb6xpDK8FsN2DDKS1nXLeTwhZVMVLipK,288662280,2026-07-29T23:48:32Z,7xKXtg2CW87d97TXJSDpbD5jBkheTqA83TZRuJosgAsU,Counterparty_13_34249d8b,high,out,EPjFWdd5AufqSSqeM2qN1xzybapC8G4wEGGkZwyTDt1v,USDC,6,23327320000,23327.32,1.00,23327.32,5000,success,fixture
k7vXAe8BSdZ7MuGFJPFDbLuE2gh9TfWZZiDE84nCr4ZNmA3iQSHNga1DHH4NbtPUPoguQ6euXpHmGrfrP3HyKqnj,288674682,2026-07-30T01:11:13Z,7xKXtg2CW87d97TXJSDpbD5jBkheTqA83TZRuJosgAsU,Counterparty_20_8ba8f837,high,out,EPjFWdd5AufqSSqeM2qN1xzybapC8G4wEGGkZwyTDt1v,USDC,6,23187890000,23187.89,1.00,23187.89,5000,success,fixture
LJEE5fsgwX7t8kwQFFuGyJseVBgUvgW262q3pEshLFKLffYQpnbmPucnTh5oaaZ6vXZS4nty98QdeAYfHEWUFZ9Y,288701750,2026-07-30T04:11:40Z,7xKXtg2CW87d97TXJSDpbD5jBkheTqA83TZRuJosgAsU,Counterparty_28_89d35ea6,high,out,EPjFWdd5AufqSSqeM2qN1xzybapC8G4wEGGkZwyTDt1v,USDC,6,1575260000,1575.26,1.00,1575.26,5000,success,fixture
d3p6KiyWPmvnsLSgutwCTGCzgoUWRjCmd7Sm3GyxBJyhbKj5moozEYTqc8Q5q7ZrrMTVBHEZ3W25hmkpWRNpSwDS,288813707,2026-07-30T16:38:03Z,7xKXtg2CW87d97TXJSDpbD5jBkheTqA83TZRuJosgAsU,Counterparty_01_7f31801c,high,in,EPjFWdd5AufqSSqeM2qN1xzybapC8G4wEGGkZwyTDt1v,USDC,6,23335170000,23335.17,1.00,23335.17,0,success,fixture
YcUUiz3DBJ92HstJjcCiw3oYs24xz6MfLx5zTzQjjy6Svov9G8dpZ8ajveraHYy6Gf8rtMNvepRtppGUEA7CEJVT,288936537,2026-07-31T06:16:55Z,7xKXtg2CW87d97TXJSDpbD5jBkheTqA83TZRuJosgAsU,Counterparty_08_a96089bc,high,out,EPjFWdd5AufqSSqeM2qN1xzybapC8G4wEGGkZwyTDt1v,USDC,6,17580470000,17580.47,1.00,17580.47,5000,success,fixture
Hhz39ap53R1rhwYRFvKJEEJkT1CiypREGoQSJ5nShCetcjY3tBNA7Qooy6JkhoFPwx7X9iDjRZQ3HopsjLbQBR4h,288979505,2026-07-31T11:03:22Z,7xKXtg2CW87d97TXJSDpbD5jBkheTqA83TZRuJosgAsU,Counterparty_28_89d35ea6,high,in,Es9vMFrzaCERmJfrF4H2FYD4KCoNkY11McCe8BenwNYB,USDT,6,8154420000,8154.42,1.00,8154.42,0,success,fixture
1sHuPxnDppF1KFHgJc8QzdcZvAmRaXKKFGkYE8Hh1Af2F24b7sks1Ff658iL1YPQdWbsUB5wTEHZLppKF4NELHqh,289032595,2026-07-31T16:57:18Z,7xKXtg2CW87d97TXJSDpbD5jBkheTqA83TZRuJosgAsU,Counterparty_28_89d35ea6,high,out,SOL,SOL,9,27000000000,27.0000,,,5000,success,fixture
uPzdgo7r8zYDd3sSTM4pSZahoZQWnUr3CWD8U2GvP4AmLzxN1SuD9pWsv4mmkPAwJ6jUfuHrrhpMUzLRbTRWSrhj,289072957,2026-07-31T21:26:23Z,7xKXtg2CW87d97TXJSDpbD5jBkheTqA83TZRuJosgAsU,Counterparty_23_44e61d9a,high,out,EPjFWdd5AufqSSqeM2qN1xzybapC8G4wEGGkZwyTDt1v,USDC,6,20220150000,20220.15,1.00,20220.15,5000,success,fixture
qj948frpk688RS79C38go3V9oNjpaqVGDgpoE3KdDURNEb1jCWiyjtLra7AqsKC76K2sckSha9Nx1djM9AfKR92v,289137285,2026-08-01T04:35:14Z,7xKXtg2CW87d97TXJSDpbD5jBkheTqA83TZRuJosgAsU,Counterparty_06_de562439,high,out,Es9vMFrzaCERmJfrF4H2FYD4KCoNkY11McCe8BenwNYB,USDT,6,11567920000,11567.92,1.00,11567.92,5000,success,fixture
BzV8XjbGGEBqjm67Un2BMzRrJFoHjXzj8j9bhoY6smNxFdrf5iNRnppoRiiscwUtFFH8K686NpeDp8dQ9wMRdp1L,289158277,2026-08-01T06:55:11Z,7xKXtg2CW87d97TXJSDpbD5jBkheTqA83TZRuJosgAsU,Counterparty_05_903bb13e,high,out,EPjFWdd5AufqSSqeM2qN1xzybapC8G4wEGGkZwyTDt1v,USDC,6,120202000000,120202.00,1.00,120202.00,5000,success,fixture
q5RRDigEn4E9B7UqcnsZ3W17ZAx6vmuzyvNNYHtuk6z9tqQ7C7bbDymDK1wi5Xdn5ezLJmnNhQyXzUpReqnRAPDT,289159375,2026-08-01T07:02:30Z,7xKXtg2CW87d97TXJSDpbD5jBkheTqA83TZRuJosgAsU,Counterparty_03_fb40d6bd,high,in,EPjFWdd5AufqSSqeM2qN1xzybapC8G4wEGGkZwyTDt1v,USDC,6,24669170000,24669.17,1.00,24669.17,0,success,fixture
BxQHtPoDfU36qU4dvgwuFAvhpHW2VdAS9Qjzs7nXKD8kSr4E9Q4iuFpkmreLGkhfZaHJAWcdPAkGU6swYeHdToHN,289240940,2026-08-01T16:06:16Z,7xKXtg2CW87d97TXJSDpbD5jBkheTqA83TZRuJosgAsU,Counterparty_09_a71f3d1a,high,out,Es9vMFrzaCERmJfrF4H2FYD4KCoNkY11McCe8BenwNYB,USDT,6,11711910000,11711.91,1.00,11711.91,5000,success,fixture
eCyptqV5js64VqGP89cfTCCjs3TbziBKDBFDkrG4sAEgeFHJR2sSuny2vwRdHnFk1SgPi9DNVbySMr9fL69ZNGXn,289295247,2026-08-01T22:08:19Z,7xKXtg2CW87d97TXJSDpbD5jBkheTqA83TZRuJosgAsU,Counterparty_01_7f31801c,high,out,Es9vMFrzaCERmJfrF4H2FYD4KCoNkY11McCe8BenwNYB,USDT,6,8780320000,8780.32,1.00,8780.32,5000,success,fixture
TenTXnG9vQyJeSR2zuYs1CchXEqsYv9Ec2QW8A8SwvpuzuUCfRkzRahrmCXFHBadx4itHBSbMpkKKSu1hihnjSZa,289299235,2026-08-01T22:34:54Z,7xKXtg2CW87d97TXJSDpbD5jBkheTqA83TZRuJosgAsU,Counterparty_29_8c088ab3,high,out,SOL,SOL,9,43000000000,43.0000,,,5000,success,fixture
XVNC4HxX8u5SY5dhk4AAtdL6G8cqTffsgFraRVVLxeULdg4gp7qEhEHj6BGCc5B1TVmfXK3FKnKmxW5kFHsshejt,289375867,2026-08-02T07:05:47Z,7xKXtg2CW87d97TXJSDpbD5jBkheTqA83TZRuJosgAsU,Counterparty_13_34249d8b,high,in,EPjFWdd5AufqSSqeM2qN1xzybapC8G4wEGGkZwyTDt1v,USDC,6,21321190000,21321.19,1.00,21321.19,0,success,fixture
EVa3MGJwAP8d7wbW8U9wbdVLVUtWUUmSq4mg6e8fDzQBRvH9NdjigE8VUxeYww1asPTqwVMd82hQwiUosEszoeij,289428240,2026-08-02T12:54:56Z,7xKXtg2CW87d97TXJSDpbD5jBkheTqA83TZRuJosgAsU,Counterparty_13_34249d8b,high,out,EPjFWdd5AufqSSqeM2qN1xzybapC8G4wEGGkZwyTDt1v,USDC,6,10029350000,10029.35,1.00,10029.35,5000,success,fixture
bGy8vavBoTEXhH5ebYkp4ECCM4oZ6gDFgkABXxHiKxQHjmPoKrKXBVaYnfvCKKtVukokWu5WL2TScRVdrdpH9x1k,289501037,2026-08-02T21:00:15Z,7xKXtg2CW87d97TXJSDpbD5jBkheTqA83TZRuJosgAsU,Counterparty_03_fb40d6bd,high,in,EPjFWdd5AufqSSqeM2qN1xzybapC8G4wEGGkZwyTDt1v,USDC,6,20064680000,20064.68,1.00,20064.68,0,success,fixture
sQeKCPz35ySQVQQMXLaREhAc51kjYjpq1sNS4xyNMXEanhqvK84dS1r2pURu8Tytkx5jND6VRS2tmBKKmQRfWme6,289506025,2026-08-02T21:33:30Z,7xKXtg2CW87d97TXJSDpbD5jBkheTqA83TZRuJosgAsU,Counterparty_09_a71f3d1a,high,in,EPjFWdd5AufqSSqeM2qN1xzybapC8G4wEGGkZwyTDt1v,USDC,6,22725490000,22725.49,1.00,22725.49,0,success,fixture
VG671sBuvMmtDsWjMweFENbM8mPj5hKdJ3j2YHuUxwX9FeWrguvab67aZA7qpq4VRwrqk3MjrdQzMbjhkkWr3HAQ,289562385,2026-08-03T03:49:14Z,7xKXtg2CW87d97TXJSDpbD5jBkheTqA83TZRuJosgAsU,Counterparty_05_903bb13e,high,out,EPjFWdd5AufqSSqeM2qN1xzybapC8G4wEGGkZwyTDt1v,USDC,6,107408000000,107408.00,1.00,107408.00,5000,success,fixture
GrhAhWYBUrJbiboGgPcMnkMcMBCejLBkvP9nwM7S8ZMYQg6V54N4awh4QLf6HVWLJXFqQhEPrALVxaopwoK8vswW,289619515,2026-08-03T10:10:06Z,7xKXtg2CW87d97TXJSDpbD5jBkheTqA83TZRuJosgAsU,Counterparty_05_903bb13e,high,out,EPjFWdd5AufqSSqeM2qN1xzybapC8G4wEGGkZwyTDt1v,USDC,6,126097000000,126097.00,1.00,126097.00,5000,success,fixture
qAkk9kFfPUqxmW9j6YRsr5natqfzqcecYnczwuWYUXpVQx5EZXWj59sEfb6bdFgWihtB3JZXF3JQ8eHMNpZTZtv6,289624287,2026-08-03T10:41:55Z,7xKXtg2CW87d97TXJSDpbD5jBkheTqA83TZRuJosgAsU,Counterparty_25_a6c1ad8f,high,out,Es9vMFrzaCERmJfrF4H2FYD4KCoNkY11McCe8BenwNYB,USDT,6,7418350000,7418.35,1.00,7418.35,5000,success,fixture
3pBcQ8fwT88QdK3aA8QLQLKY2sAAseT4zLyKECupY18cP5x3TXdLdVzNsRXvovf9q9ZhWqVjVAxoM6tgjgTRFzSN,289707942,2026-08-03T19:59:37Z,7xKXtg2CW87d97TXJSDpbD5jBkheTqA83TZRuJosgAsU,Counterparty_21_18aa8f3b,high,out,Es9vMFrzaCERmJfrF4H2FYD4KCoNkY11McCe8BenwNYB,USDT,6,21265110000,21265.11,1.00,21265.11,5000,success,fixture
ZPPgzcw9t5VUhRx5d69saL78YF4fbN2FuKvHRnP5xxBK5bdGwagZLSg4bmz8eXHi23NTHDNyq49EcuoNqjy4GY5t,289739592,2026-08-03T23:30:37Z,7xKXtg2CW87d97TXJSDpbD5jBkheTqA83TZRuJosgAsU,Counterparty_28_89d35ea6,high,out,Es9vMFrzaCERmJfrF4H2FYD4KCoNkY11McCe8BenwNYB,USDT,6,1258440000,1258.44,1.00,1258.44,5000,success,fixture
kqrP1oQ8Exgpm8yahJ6Z2Pp6uK792nu1YHh3JpQ5NUefvEEtrAXTmgAsrRcdzeHVFZWvgD3dAkQCwEf4R4QTDTt3,289760605,2026-08-04T01:50:42Z,7xKXtg2CW87d97TXJSDpbD5jBkheTqA83TZRuJosgAsU,Counterparty_04_57526846,high,out,Es9vMFrzaCERmJfrF4H2FYD4KCoNkY11McCe8BenwNYB,USDT,6,4133260000,4133.26,1.00,4133.26,5000,success,fixture
hVZqMKMWKzXkW2S3arhsNpNcoZjDLbsQxTKqoFBwWnQL65ouMUQAXW46iPuRBRSyqgdb6b4uQ9VteA23cMHSGu7U,289821985,2026-08-04T08:39:54Z,7xKXtg2CW87d97TXJSDpbD5jBkheTqA83TZRuJosgAsU,Counterparty_24_b30fcb06,high,out,Es9vMFrzaCERmJfrF4H2FYD4KCoNkY11McCe8BenwNYB,USDT,6,13504050000,13504.05,1.00,13504.05,5000,success,fixture
iGcJwtVhus6pmbJtQZ5xRFx4C7Cet5bBDTDwX9Nu869fja3pxEqo64ARAFV2Q3RsWkKcoCkPBxAdBMKwytSNuqnk,289827987,2026-08-04T09:19:55Z,7xKXtg2CW87d97TXJSDpbD5jBkheTqA83TZRuJosgAsU,Counterparty_12_50e165e4,high,in,Es9vMFrzaCERmJfrF4H2FYD4KCoNkY11McCe8BenwNYB,USDT,6,14272770000,14272.77,1.00,14272.77,0,success,fixture
ZsZYnzigWacZLPwZhnoYgoyPWmeX67Kxf6WfvKT5ixg4RenCtFhndtP72bxiworpE9qYjaSSawUbjfdaLA22FCRt,289836642,2026-08-04T10:17:37Z,7xKXtg2CW87d97TXJSDpbD5jBkheTqA83TZRuJosgAsU,Counterparty_20_8ba8f837,high,in,SOL,SOL,9,25000000000,25.0000,,,0,success,fixture
9WeMQdRjez3Mm7hPxz1BTXNNiz7CPLBWbCq2VtgWedmUoSXvGHoQfNXkSL3yFqzZ7TUrJdSe2BZBLyfmaDdq99jN,289863487,2026-08-04T13:16:35Z,7xKXtg2CW87d97TXJSDpbD5jBkheTqA83TZRuJosgAsU,Counterparty_01_7f31801c,high,in,EPjFWdd5AufqSSqeM2qN1xzybapC8G4wEGGkZwyTDt1v,USDC,6,4735440000,4735.44,1.00,4735.44,0,success,fixture
sgqPiFDxpKA9MEeFg99H9QyqYXVrCWWHQVkN4B7jtaayPC67KaLU3FnRDaFeuSnrbYbvZxLCts2qpsjKWNzmhmye,289902757,2026-08-04T17:38:23Z,7xKXtg2CW87d97TXJSDpbD5jBkheTqA83TZRuJosgAsU,Counterparty_07_e9c1b823,high,out,Es9vMFrzaCERmJfrF4H2FYD4KCoNkY11McCe8BenwNYB,USDT,6,19566390000,19566.39,1.00,19566.39,5000,success,fixture
k3xmNj5o8gFwabEk4f2JNhZ6SjzXvCfx6fG1J9r36cQe4rPBXF86qcVySPxTYCCJ7BZRNo2mGwaL847kdPtyefhn,289928317,2026-08-04T20:28:47Z,7xKXtg2CW87d97TXJSDpbD5jBkheTqA83TZRuJosgAsU,Counterparty_05_903bb13e,high,out,EPjFWdd5AufqSSqeM2qN1xzybapC8G4wEGGkZwyTDt1v,USDC,6,73764000000,73764.00,1.00,73764.00,5000,success,fixture
oEdjubiryaewJ7GB71zqdV94mC8xXq3XMLzwaPDKhnsTQNXte9wr93G13LJdUwLR5AogFd4u2AzpxP79r8EoxWNw,290016010,2026-08-05T06:13:24Z,7xKXtg2CW87d97TXJSDpbD5jBkheTqA83TZRuJosgAsU,Counterparty_11_b3669cbd,high,out,Es9vMFrzaCERmJfrF4H2FYD4KCoNkY11McCe8BenwNYB,USDT,6,12932240000,12932.24,1.00,12932.24,5000,success,fixture
EgwLg69iMbu5dFzUReKxDULEUPkmD6jLzpMmfsJQTcq8Q3qbeM7KRmFsi7bVgceXyTrFGkq39D1JAtuEGuFmaahq,290028897,2026-08-05T07:39:19Z,7xKXtg2CW87d97TXJSDpbD5jBkheTqA83TZRuJosgAsU,Counterparty_05_903bb13e,high,out,EPjFWdd5AufqSSqeM2qN1xzybapC8G4wEGGkZwyTDt1v,USDC,6,136692000000,136692.00,1.00,136692.00,5000,success,fixture
AUaExgQ3rWpm2P6tDw3TfTVC5r9b7MRcGcVs2uCXxaNFVdyucrA8KodBL6FX7XG1xyUmDd3vaQaE3TcHkZExUrqa,290032012,2026-08-05T08:00:05Z,7xKXtg2CW87d97TXJSDpbD5jBkheTqA83TZRuJosgAsU,Counterparty_13_34249d8b,high,out,EPjFWdd5AufqSSqeM2qN1xzybapC8G4wEGGkZwyTDt1v,USDC,6,17654500000,17654.50,1.00,17654.50,5000,success,fixture
QGmRym3P85X6Uko4FvfbqrctSETMGTni97ZeHMQf4RY142fiidLt9LaeHC4KRRkxJszpxcgUUYT4MsUHB1usLMUx,290077137,2026-08-05T13:00:55Z,7xKXtg2CW87d97TXJSDpbD5jBkheTqA83TZRuJosgAsU,Counterparty_24_b30fcb06,high,out,EPjFWdd5AufqSSqeM2qN1xzybapC8G4wEGGkZwyTDt1v,USDC,6,1056730000,1056.73,1.00,1056.73,5000,success,fixture
jNR9JXffJoHGDv8YbBVFot3PixgXTU93aLu1VaJnSHz1q8NVVKTR98fgmYZjMvUNh9MzNjwLAHNcsUSWCgCdf4WB,290099250,2026-08-05T15:28:20Z,7xKXtg2CW87d97TXJSDpbD5jBkheTqA83TZRuJosgAsU,Counterparty_05_903bb13e,high,out,EPjFWdd5AufqSSqeM2qN1xzybapC8G4wEGGkZwyTDt1v,USDC,6,144190000000,144190.00,1.00,144190.00,5000,success,fixture
7uDBkg4sz7r4yCvfi7NarwwkxNk8v7cQa68u47KR39DrpQGyNhseSZBZe17sJ4b8w9mGNUFt6SYuRS4AV7SceCWa,290169895,2026-08-05T23:19:18Z,7xKXtg2CW87d97TXJSDpbD5jBkheTqA83TZRuJosgAsU,Counterparty_17_f3e82208,high,out,EPjFWdd5AufqSSqeM2qN1xzybapC8G4wEGGkZwyTDt1v,USDC,6,15452650000,15452.65,1.00,15452.65,5000,success,fixture
vtTxS5oyGbbwUNhN2rpy3nzew6mQfPoSpVZDAEdmipsqQqeqDRt18erK6AhW2TR7crMjFT3naYb3V91j92zwzFhn,290286955,2026-08-06T12:19:42Z,7xKXtg2CW87d97TXJSDpbD5jBkheTqA83TZRuJosgAsU,Counterparty_05_903bb13e,high,out,EPjFWdd5AufqSSqeM2qN1xzybapC8G4wEGGkZwyTDt1v,USDC,6,121975000000,121975.00,1.00,121975.00,5000,success,fixture
edjnTkpzvbKywUt1a72RA4j4DJqsBKkHAv4msKEqb3PuV7gxkpcxFpicRGZsstmKmj4RRTskMc41pHDgxrxxVvFh,290296347,2026-08-06T13:22:19Z,7xKXtg2CW87d97TXJSDpbD5jBkheTqA83TZRuJosgAsU,Counterparty_20_8ba8f837,high,out,Es9vMFrzaCERmJfrF4H2FYD4KCoNkY11McCe8BenwNYB,USDT,6,18011940000,18011.94,1.00,18011.94,5000,success,fixture
nR81c6uKDQRs6K4oGzcKMiGi6eZq4sXJTsqrwci9DMLTxeMvks731Dor2WvqSC1QuuJNpeRVv5N2zm3UUzjRUJ65,290336322,2026-08-06T17:48:49Z,7xKXtg2CW87d97TXJSDpbD5jBkheTqA83TZRuJosgAsU,Counterparty_05_903bb13e,high,out,EPjFWdd5AufqSSqeM2qN1xzybapC8G4wEGGkZwyTDt1v,USDC,6,134843000000,134843.00,1.00,134843.00,5000,success,fixture
em9vX7JvVk9HRF3t6xofbpRnHCJ9zEvciFeVBaGGds7A8ijcY2SuBydECaxZ4ndcEBA83u81CFCy125maRWUR832,290369407,2026-08-06T21:29:23Z,7xKXtg2CW87d97TXJSDpbD5jBkheTqA83TZRuJosgAsU,Counterparty_20_8ba8f837,high,out,Es9vMFrzaCERmJfrF4H2FYD4KCoNkY11McCe8BenwNYB,USDT,6,18388860000,18388.86,1.00,18388.86,5000,success,fixture
gL1fmevw3WEWo9Bgo8YRJb1ES5KhjrPLH2knCf6gQRN2jvMpaJcL5hJdCt9bFvMnS3n99veFPz56jYrLyZhSDTgG,290502855,2026-08-07T12:19:02Z,7xKXtg2CW87d97TXJSDpbD5jBkheTqA83TZRuJosgAsU,Counterparty_23_44e61d9a,high,in,EPjFWdd5AufqSSqeM2qN1xzybapC8G4wEGGkZwyTDt1v,USDC,6,8396500000,8396.50,1.00,8396.50,0,success,fixture
U7bGrWRApfQ1XTiXmv5hTC7YA3KbawaSc4jL7ZRudF3FyujBRwLiNsSHgUWL7eg6S3MnzkqFfk2RsHstd3donqYi,290531107,2026-08-07T15:27:23Z,7xKXtg2CW87d97TXJSDpbD5jBkheTqA83TZRuJosgAsU,Counterparty_05_903bb13e,high,out,EPjFWdd5AufqSSqeM2qN1xzybapC8G4wEGGkZwyTDt1v,USDC,6,89107000000,89107.00,1.00,89107.00,5000,success,fixture
3R87Hx1CBjEuhNzveT1RPaNwPCCyqestQ2fjLKEU2tpJbZtKbjmnkSoq5b7YKMVpMVSa9UiEsUfmk1h3ZejXFis4,290550067,2026-08-07T17:33:47Z,7xKXtg2CW87d97TXJSDpbD5jBkheTqA83TZRuJosgAsU,Counterparty_05_903bb13e,high,out,EPjFWdd5AufqSSqeM2qN1xzybapC8G4wEGGkZwyTDt1v,USDC,6,96554000000,96554.00,1.00,96554.00,5000,success,fixture
rGqNrWkWzex2X8H5RhsFkmFtMTPab1mvHGK6SkpuN5cCXMPEzdJCpkDYpDGpGxHEFDvGvgPAr786kjYg1qwb3wXQ,290569815,2026-08-07T19:45:26Z,7xKXtg2CW87d97TXJSDpbD5jBkheTqA83TZRuJosgAsU,Counterparty_15_69842a97,high,out,Es9vMFrzaCERmJfrF4H2FYD4KCoNkY11McCe8BenwNYB,USDT,6,16182230000,16182.23,1.00,16182.23,5000,success,fixture
C3v8CgPf2zwG7jrWYhMSzdmm11m1m7iehqp6WRxNvyEuqCKwLaGHEsxZrX8Q5MKoYLUg88Wh4znmcV19XAbCz3wH,290593020,2026-08-07T22:20:08Z,7xKXtg2CW87d97TXJSDpbD5jBkheTqA83TZRuJosgAsU,Counterparty_05_903bb13e,high,out,EPjFWdd5AufqSSqeM2qN1xzybapC8G4wEGGkZwyTDt1v,USDC,6,131689000000,131689.00,1.00,131689.00,5000,success,fixture
DGJcLFLrKnEmnYMXPcsoJK8dkbRzSuPrtAK3Kn6PViHpXEDubJcmJ97gpeGG4jzaFhF47TNnX7kr91cBTiyyXXiD,290615970,2026-08-08T00:53:08Z,7xKXtg2CW87d97TXJSDpbD5jBkheTqA83TZRuJosgAsU,Counterparty_09_a71f3d1a,high,out,EPjFWdd5AufqSSqeM2qN1xzybapC8G4wEGGkZwyTDt1v,USDC,6,2038980000,2038.98,1.00,2038.98,5000,success,fixture
scx7ngA5wqtKXkHfobJVLR1KCeGW7XocHkXsyC6HU6WCYNb4tJPtAgvzCUVxvUgZaigWebaWXNKJNZHyVqK5GJ18,290623482,2026-08-08T01:43:13Z,7xKXtg2CW87d97TXJSDpbD5jBkheTqA83TZRuJosgAsU,Counterparty_29_8c088ab3,high,in,Es9vMFrzaCERmJfrF4H2FYD4KCoNkY11McCe8BenwNYB,USDT,6,19146880000,19146.88,1.00,19146.88,0,success,fixture
2RNjktSoBvW9gb2Sedj26iU9xWC4HRMEWMNqyRJqvTHv6X2pb4PFi5ri3q2GDv2gAG9Xj8dEWmHrQBffpn8ruBL7,290738602,2026-08-08T14:30:41Z,7xKXtg2CW87d97TXJSDpbD5jBkheTqA83TZRuJosgAsU,Counterparty_29_8c088ab3,high,out,EPjFWdd5AufqSSqeM2qN1xzybapC8G4wEGGkZwyTDt1v,USDC,6,12398500000,12398.50,1.00,12398.50,5000,success,fixture
UXmx7ZYXSxz9jabtETGUbazjjP26oiSyrshBWSCeBCUUUVZvmZ1dmmDViS6SuMBCcifkznbf1WKeeGtMdb79MNgX,290753682,2026-08-08T16:11:13Z,7xKXtg2CW87d97TXJSDpbD5jBkheTqA83TZRuJosgAsU,Counterparty_04_57526846,high,out,EPjFWdd5AufqSSqeM2qN1xzybapC8G4wEGGkZwyTDt1v,USDC,6,19867630000,19867.63,1.00,19867.63,5000,success,fixture
CW2wBbfTriRT1NGKCa6RtHH5unkT53z7gmWMhzENbxuhLTvH3Q83Djcb19YE1HAYTEU9wZx7HhHkJW8aqeFeMsE2,290781975,2026-08-08T19:19:50Z,7xKXtg2CW87d97TXJSDpbD5jBkheTqA83TZRuJosgAsU,Counterparty_18_6ecaa007,high,in,EPjFWdd5AufqSSqeM2qN1xzybapC8G4wEGGkZwyTDt1v,USDC,6,13277330000,13277.33,1.00,13277.33,0,success,fixture
Rqxvmemckffjsd9XN6mYNbagh5HhJJxKfZFMzMGdDPLDuNakTJHfUjjDrgys9trmKDkkQnbcMEtWeaC8ooyKhGEf,290918580,2026-08-09T10:30:32Z,7xKXtg2CW87d97TXJSDpbD5jBkheTqA83TZRuJosgAsU,Counterparty_26_2906e732,high,out,EPjFWdd5AufqSSqeM2qN1xzybapC8G4wEGGkZwyTDt1v,USDC,6,21316630000,21316.63,1.00,21316.63,5000,success,fixture
GhLnuyTbunfnBX4okJWCDrkkGHhHyyUTS73P7LfopR6b4RxZSBZucRqppamaXgBJHfzHy2qGksqikgQ6aUgnMTt6,290923120,2026-08-09T11:00:48Z,7xKXtg2CW87d97TXJSDpbD5jBkheTqA83TZRuJosgAsU,Counterparty_05_903bb13e,high,out,EPjFWdd5AufqSSqeM2qN1xzybapC8G4wEGGkZwyTDt1v,USDC,6,89281000000,89281.00,1.00,89281.00,5000,success,fixture
7RhEayc8eEnkehiAX6d7ZedtFcvw7gbXyf97TN17wa5WpQWTp17Z3aUnVkvMp99T9Lfs6N9kagFBZ7svSxUNsp6Y,290959015,2026-08-09T15:00:06Z,7xKXtg2CW87d97TXJSDpbD5jBkheTqA83TZRuJosgAsU,Counterparty_06_de562439,high,in,EPjFWdd5AufqSSqeM2qN1xzybapC8G4wEGGkZwyTDt1v,USDC,6,20229980000,20229.98,1.00,20229.98,0,success,fixture
JbnWJ6k5nhKaRkyBUVMq8vpi8sggYUHNFJgTPsM5rPriULy8gSVafUGo1t4dEPpZuC4v8SsDv36qpMdXihACJA9a,290982100,2026-08-09T17:34:00Z,7xKXtg2CW87d97TXJSDpbD5jBkheTqA83TZRuJosgAsU,Counterparty_17_f3e82208,high,out,EPjFWdd5AufqSSqeM2qN1xzybapC8G4wEGGkZwyTDt1v,USDC,6,21819760000,21819.76,1.00,21819.76,5000,success,fixture
EJ4SdvzYtNH8FrCRDnn1wwj7tsvM4ciqe99gZD3eAA5qFEyW2HjMsm3EiZT2YBgLD3T9ZWDrJN89dQu8gVkkAboN,291051602,2026-08-10T01:17:21Z,7xKXtg2CW87d97TXJSDpbD5jBkheTqA83TZRuJosgAsU,Counterparty_12_50e165e4,high,out,Es9vMFrzaCERmJfrF4H2FYD4KCoNkY11McCe8BenwNYB,USDT,6,8030150000,8030.15,1.00,8030.15,5000,success,fixture
tLv1pMHQvZUU8aAKqboYL5JBYZQyFh5H7oofZZXCTEnHkdC6hB9EnFdxevtazvuB8Mds21Wmu8Ex9jm1KnJZHrPT,291086792,2026-08-10T05:11:57Z,7xKXtg2CW87d97TXJSDpbD5jBkheTqA83TZRuJosgAsU,Counterparty_25_a6c1ad8f,high,out,EPjFWdd5AufqSSqeM2qN1xzybapC8G4wEGGkZwyTDt1v,USDC,6,21948340000,21948.34,1.00,21948.34,5000,success,fixture
gt67XAgxAGFnMd8GoEQE6zQGPUBnqbwWo9nLPmvh2rJnm2dH7JsVjY6qvUcBbjgbC5bi9KKRcBu7SDR9fY1EaUwi,291226132,2026-08-10T20:40:53Z,7xKXtg2CW87d97TXJSDpbD5jBkheTqA83TZRuJosgAsU,Counterparty_27_b10f4db7,high,out,SOL,SOL,9,47000000000,47.0000,,,5000,success,fixture
175rmTaTiKoUBCQCn9DYCZ8VduECD4pCtqDHzxTVhg7xhB6K6R8J5N2eGXYkq714Jq1jes37Eas1RfaqJYXqNfUN,291248735,2026-08-10T23:11:34Z,7xKXtg2CW87d97TXJSDpbD5jBkheTqA83TZRuJosgAsU,Counterparty_28_89d35ea6,high,out,SOL,SOL,9,20000000000,20.0000,,,5000,success,fixture
XYgaFjRWWZ51Y1Zmz9H4ZgsFhP6nmxyFDpq7PWdC4cCjGsUR6vnRiB26VuAetMo8k9RivxS4ykcxTeUr86w2cJ1k,291331432,2026-08-11T08:22:53Z,7xKXtg2CW87d97TXJSDpbD5jBkheTqA83TZRuJosgAsU,Counterparty_05_903bb13e,high,out,EPjFWdd5AufqSSqeM2qN1xzybapC8G4wEGGkZwyTDt1v,USDC,6,53534000000,53534.00,1.00,53534.00,5000,success,fixture
4iyjmSEqzF67ds5nUm67eNNpF2fGYEo8vDHk4FYYg5W1rEYdhiE2T7tbe9y4z1KQa93XAt7SCvJVmL9LUcJXGAQy,291390900,2026-08-11T14:59:20Z,7xKXtg2CW87d97TXJSDpbD5jBkheTqA83TZRuJosgAsU,Counterparty_10_6d2d3cad,high,in,Es9vMFrzaCERmJfrF4H2FYD4KCoNkY11McCe8BenwNYB,USDT,6,10863170000,10863.17,1.00,10863.17,0,success,fixture
y1s5ZeXqYfkPq38zkLRV3pgkqFUYAqiNz3p9Zm24tmLj5WXzn3vhYGJmwU3kG7T7FjL1pYeg9tkp6RyJPXMvCYPK,291415437,2026-08-11T17:42:55Z,7xKXtg2CW87d97TXJSDpbD5jBkheTqA83TZRuJosgAsU,Counterparty_22_d1f65e81,high,out,Es9vMFrzaCERmJfrF4H2FYD4KCoNkY11McCe8BenwNYB,USDT,6,21944250000,21944.25,1.00,21944.25,5000,success,fixture
f4ceLQZfqnhRBSucEZHcZVTEa2xA2kXS6AGeSk7C8hsjf2hwNp6cytb7AdisbaiRwisq7Zr9ut2iuY1SRnqwf3x8,291449160,2026-08-11T21:27:44Z,7xKXtg2CW87d97TXJSDpbD5jBkheTqA83TZRuJosgAsU,Counterparty_05_903bb13e,high,out,EPjFWdd5AufqSSqeM2qN1xzybapC8G4wEGGkZwyTDt1v,USDC,6,126826000000,126826.00,1.00,126826.00,5000,success,fixture
qWKuVBxCSK1bvNqWiCk7ReiTTTDh2gF9ggZ6fdoT2MgGBdhXk6Q2pfysiRcZxDwBWQoxGCXnDM9K5z2EdWWGkfVG,291509617,2026-08-12T04:10:47Z,7xKXtg2CW87d97TXJSDpbD5jBkheTqA83TZRuJosgAsU,Counterparty_14_829f4116,high,out,Es9vMFrzaCERmJfrF4H2FYD4KCoNkY11McCe8BenwNYB,USDT,6,19892420000,19892.42,1.00,19892.42,5000,success,fixture
FM3C97nJstg6Sw64mq6fuweNFkA61NgXZiLjsCuxwjb6tKixGhMv8nigiLmn8gwdWfsbx6YTG2j7fuipwvq77PJt,291516035,2026-08-12T04:53:34Z,7xKXtg2CW87d97TXJSDpbD5jBkheTqA83TZRuJosgAsU,Counterparty_23_44e61d9a,high,in,Es9vMFrzaCERmJfrF4H2FYD4KCoNkY11McCe8BenwNYB,USDT,6,22738570000,22738.57,1.00,22738.57,0,success,fixture
HFqARBbzohHEBFjYR3ohwEMRX9eJJzAKuXCw9BzUKXAZxGiGFLpGBhR3rykkEC9AjVNR7YiyPaELkJj5uWF2gutZ,291585875,2026-08-12T12:39:10Z,7xKXtg2CW87d97TXJSDpbD5jBkheTqA83TZRuJosgAsU,Counterparty_22_d1f65e81,high,in,Es9vMFrzaCERmJfrF4H2FYD4KCoNkY11McCe8BenwNYB,USDT,6,16993960000,16993.96,1.00,16993.96,0,success,fixture
M3xYnjZ6ekyzhuVtEQHssuK9PCJnmXYYXHKrJdRHseG3LUKt44U1RdbxZ9RLbU9pjWQtQtEYWeFsyucPzixKitR2,291593850,2026-08-12T13:32:20Z,7xKXtg2CW87d97TXJSDpbD5jBkheTqA83TZRuJosgAsU,Counterparty_04_57526846,high,in,EPjFWdd5AufqSSqeM2qN1xzybapC8G4wEGGkZwyTDt1v,USDC,6,8428030000,8428.03,1.00,8428.03,0,success,fixture
Yo1M8cTxQv4SWforeTJxN57Qei1Mg9xvNTZW1LxBUHRgYgP3wob4srLmSTv1mhRFZnsuvCZQ3nK7TAqWN1wthhB2,291663022,2026-08-12T21:13:29Z,7xKXtg2CW87d97TXJSDpbD5jBkheTqA83TZRuJosgAsU,Counterparty_05_903bb13e,high,in,EPjFWdd5AufqSSqeM2qN1xzybapC8G4wEGGkZwyTDt1v,USDC,6,3701230000,3701.23,1.00,3701.23,0,success,fixture
w8ZZckJAWw8pRogUMTKPQoEsfwBaH2xEJYUfSLpQmJvL1TSafeoLANEBZDSeF1xhc257ijvbYC8iDdboDo2B3m2t,291750792,2026-08-13T06:58:37Z,7xKXtg2CW87d97TXJSDpbD5jBkheTqA83TZRuJosgAsU,Counterparty_13_34249d8b,high,out,Es9vMFrzaCERmJfrF4H2FYD4KCoNkY11McCe8BenwNYB,USDT,6,14761210000,14761.21,1.00,14761.21,5000,success,fixture
gno8CzVfuwxeV1CdCV5B4NGjzfWqaYo8EYnzuM9ecaG9A2tkq79sQSosox4cDC3y3HqcYftkyWaZZxdVPkEmpony,291785112,2026-08-13T10:47:25Z,7xKXtg2CW87d97TXJSDpbD5jBkheTqA83TZRuJosgAsU,Counterparty_16_9911036c,high,out,EPjFWdd5AufqSSqeM2qN1xzybapC8G4wEGGkZwyTDt1v,USDC,6,20987680000,20987.68,1.00,20987.68,5000,success,fixture
tMfpfkG325FyHxh6Lx3Pphb4RhX2d5vHssJUPLaH1413yK32KnTHwPHgWRasEKobtVPBQT2KzcefAxKSU9MVU46D,291810037,2026-08-13T13:33:35Z,7xKXtg2CW87d97TXJSDpbD5jBkheTqA83TZRuJosgAsU,Counterparty_22_d1f65e81,high,out,Es9vMFrzaCERmJfrF4H2FYD4KCoNkY11McCe8BenwNYB,USDT,6,24298100000,24298.10,1.00,24298.10,5000,success,fixture
9hLGHjAnUsR5VfXeSbZxmTb3sQmztbfh67rGjjPBig3dikiSqNsU717HFZpacemdFVQSWrkemZAP2X7KT68voAPL,291884587,2026-08-13T21:50:35Z,7xKXtg2CW87d97TXJSDpbD5jBkheTqA83TZRuJosgAsU,Counterparty_25_a6c1ad8f,high,in,EPjFWdd5AufqSSqeM2qN1xzybapC8G4wEGGkZwyTDt1v,USDC,6,11513600000,11513.60,1.00,11513.60,0,success,fixture
xM8skTHao1Vvw9hVhe73EpDTmbrBfREPEDkd1QuQ2LzLZux8mYiWTTPPvbUaqN8CWUQCcfBbURKwjmkUhKmgzw76,291896537,2026-08-13T23:10:15Z,7xKXtg2CW87d97TXJSDpbD5jBkheTqA83TZRuJosgAsU,Counterparty_03_fb40d6bd,high,in,Es9vMFrzaCERmJfrF4H2FYD4KCoNkY11McCe8BenwNYB,USDT,6,20293520000,20293.52,1.00,20293.52,0,success,fixture
jZBC51vBh6yYzuebuC7hDHaTBdbNpvYsokfVFqUxuFxubGy8wZCbkMT2NFdqVp2YsmebohUSk8WXm4SxYGzSartA,291914375,2026-08-14T01:09:10Z,7xKXtg2CW87d97TXJSDpbD5jBkheTqA83TZRuJosgAsU,Counterparty_00_9d79b1a3,high,out,Es9vMFrzaCERmJfrF4H2FYD4KCoNkY11McCe8BenwNYB,USDT,6,12424690000,12424.69,1.00,12424.69,5000,success,fixture
YqEjhQxTFgC57ZWczq7pRARixdaXVFNpk84PwksthgWELLrzTaNt13gKVgkHWqjqxeBeFwiSrwi7RwTxAomg3bVd,291952717,2026-08-14T05:24:47Z,7xKXtg2CW87d97TXJSDpbD5jBkheTqA83TZRuJosgAsU,Counterparty_04_57526846,high,out,EPjFWdd5AufqSSqeM2qN1xzybapC8G4wEGGkZwyTDt1v,USDC,6,12659290000,12659.29,1.00,12659.29,5000,success,fixture
9Lg86tmUN29w1y33AtLQhFeiyF5G9iyuyu8tMxM5E1MNX3aEhhUcpCk7KLKwaagRRegnYAYwmFUVzhsVoKiTAp19,292113425,2026-08-14T23:16:10Z,7xKXtg2CW87d97TXJSDpbD5jBkheTqA83TZRuJosgAsU,Counterparty_16_9911036c,high,out,Es9vMFrzaCERmJfrF4H2FYD4KCoNkY11McCe8BenwNYB,USDT,6,12185360000,12185.36,1.00,12185.36,5000,success,fixture
gCDwehhAF89S3JDAU2gD6x4RTaLmhFFNUX4ZUi4L8JQJPnTGMz4C314jpMEKXJf7UCHYQNL87j1kcrx9NQptQpre,292138825,2026-08-15T02:05:30Z,7xKXtg2CW87d97TXJSDpbD5jBkheTqA83TZRuJosgAsU,Counterparty_11_b3669cbd,high,in,Es9vMFrzaCERmJfrF4H2FYD4KCoNkY11McCe8BenwNYB,USDT,6,6982740000,6982.74,1.00,6982.74,0,success,fixture
q6WYsf2tEhSURSFSiogLXCZ5iGBTwMeZJN1DDkYg4nCjjfJ2vFYQEPhmDjp7jDAnHpN9wmVmNTVv7ehN4utvsoG4,292154145,2026-08-15T03:47:38Z,7xKXtg2CW87d97TXJSDpbD5jBkheTqA83TZRuJosgAsU,Counterparty_16_9911036c,high,out,EPjFWdd5AufqSSqeM2qN1xzybapC8G4wEGGkZwyTDt1v,USDC,6,15044080000,15044.08,1.00,15044.08,5000,success,fixture
LZKC6XpCsYHrzhA5ngH4jpyKxXcodwj6DUX8U5hTaKqejwZhpzdfi5hARxGmamt9VyfL6LPisP1eWGxqEDz3faX3,292189462,2026-08-15T07:43:05Z,7xKXtg2CW87d97TXJSDpbD5jBkheTqA83TZRuJosgAsU,Counterparty_05_903bb13e,high,out,EPjFWdd5AufqSSqeM2qN1xzybapC8G4wEGGkZwyTDt1v,USDC,6,117366000000,117366.00,1.00,117366.00,5000,success,fixture
KyAwCVho6WARS9qiQSQ2HRx1X2j36KwiJ8vF1uRZiTxCH3smZVrt7y11huTTbf4kJtq7Y9bA1XTBDZo88PxsjB9F,292351210,2026-08-16T01:41:24Z,7xKXtg2CW87d97TXJSDpbD5jBkheTqA83TZRuJosgAsU,Counterparty_05_903bb13e,high,out,EPjFWdd5AufqSSqeM2qN1xzybapC8G4wEGGkZwyTDt1v,USDC,6,69409000000,69409.00,1.00,69409.00,5000,success,fixture
AGpKoHNGatNijUQGNCDxk9TU3hkjq1x3HW2wdp654pGuLeqjQuT56fmqfZdepSvM66c7kyMZEpVsJSU5LoLXVU6Z,292466542,2026-08-16T14:30:17Z,7xKXtg2CW87d97TXJSDpbD5jBkheTqA83TZRuJosgAsU,Counterparty_20_8ba8f837,high,out,EPjFWdd5AufqSSqeM2qN1xzybapC8G4wEGGkZwyTDt1v,USDC,6,22019000000,22019.00,1.00,22019.00,5000,success,fixture
WjWt5koUde7RMZWCFTGLq583HbwNVcnTV8ARMtXmBcv5cAvrev8BwYqcgiwbZQiBHdke5gyS2haK7omPkcrNyQDW,292467310,2026-08-16T14:35:24Z,7xKXtg2CW87d97TXJSDpbD5jBkheTqA83TZRuJosgAsU,Counterparty_01_7f31801c,high,out,Es9vMFrzaCERmJfrF4H2FYD4KCoNkY11McCe8BenwNYB,USDT,6,7128580000,7128.58,1.00,7128.58,5000,success,fixture
h8b8JGEqMitaTCbGyQZnc1QbarVYjueUZ3WTcYd4CJKTHJBDiPdaohoRJZJ2moreCkrX2yAd3tYQHAsvAzhHcec3,292485310,2026-08-16T16:35:24Z,7xKXtg2CW87d97TXJSDpbD5jBkheTqA83TZRuJosgAsU,Counterparty_05_903bb13e,high,out,EPjFWdd5AufqSSqeM2qN1xzybapC8G4wEGGkZwyTDt1v,USDC,6,110769000000,110769.00,1.00,110769.00,5000,success,fixture
QdCdG42yKkJfABzeJTtxcgWSh7TuTr88bQW3p46v2wdB4vtXFVcmUSMPjztXz8fNNXBd3DH5iFbTtM5WRYkxjimi,292534112,2026-08-16T22:00:45Z,7xKXtg2CW87d97TXJSDpbD5jBkheTqA83TZRuJosgAsU,Counterparty_20_8ba8f837,high,out,EPjFWdd5AufqSSqeM2qN1xzybapC8G4wEGGkZwyTDt1v,USDC,6,15994210000,15994.21,1.00,15994.21,5000,success,fixture
Svh3YJBdq2SjifPACBFwDTfEu8hc2RBy31sYhD29tHsCzRinU9HmtdVQGXsphK2mtMYysm6tiqJLSjfQzTkrYH4o,292544987,2026-08-16T23:13:15Z,7xKXtg2CW87d97TXJSDpbD5jBkheTqA83TZRuJosgAsU,Counterparty_28_89d35ea6,high,out,Es9vMFrzaCERmJfrF4H2FYD4KCoNkY11McCe8BenwNYB,USDT,6,11958820000,11958.82,1.00,11958.82,5000,success,fixture
5bUqaDB41WoEcokSNyKFV1789StfeCafWi99HdVT6grkFLubYXikR37F72ngbU9HQD68MqY7b9rRN9CxW8m1SaHT,292576587,2026-08-17T02:43:55Z,7xKXtg2CW87d97TXJSDpbD5jBkheTqA83TZRuJosgAsU,Counterparty_27_b10f4db7,high,out,EPjFWdd5AufqSSqeM2qN1xzybapC8G4wEGGkZwyTDt1v,USDC,6,13779460000,13779.46,1.00,13779.46,5000,success,fixture
jN2aawBQkV2KJzpqNrPHBcGQhZbXhHC74eJFwb3PrKksWvteioHpZeZF1y8aqvUu4b2rnWQsnFdFjnoecxQrRVqq,292578355,2026-08-17T02:55:42Z,7xKXtg2CW87d97TXJSDpbD5jBkheTqA83TZRuJosgAsU,Counterparty_25_a6c1ad8f,high,in,SOL,SOL,9,50000000000,50.0000,,,0,success,fixture
RNWJD2zSAu2Ra5LkkwchLtdgh8eZmVA4CveZ65E1q1aJGiEe8Kz6enc8q5mhVeTGzD2hN1WqJdN4xKKGwxBV7uve,292695840,2026-08-17T15:58:56Z,7xKXtg2CW87d97TXJSDpbD5jBkheTqA83TZRuJosgAsU,Counterparty_05_903bb13e,high,out,EPjFWdd5AufqSSqeM2qN1xzybapC8G4wEGGkZwyTDt1v,USDC,6,123197000000,123197.00,1.00,123197.00,5000,success,fixture
gzcyfYuYHsYrwQgJkKiGKvZnN9ePwDVpWsHyux2qsGXRWTcXK2HxA2xXTWP6LfVPDL65MqXrEirE4ge4s3in3dwJ,292734945,2026-08-17T20:19:38Z,7xKXtg2CW87d97TXJSDpbD5jBkheTqA83TZRuJosgAsU,Counterparty_25_a6c1ad8f,high,out,EPjFWdd5AufqSSqeM2qN1xzybapC8G4wEGGkZwyTDt1v,USDC,6,11800920000,11800.92,1.00,11800.92,5000,success,fixture
boKnRpewEV5tJWicYPx2aj2PimWh55yuwYaHhLJ44AoYuHrZfHBJLFVfuESRU4KLbqSspW88ba5T5aBpYnViFKuV,292738470,2026-08-17T20:43:08Z,7xKXtg2CW87d97TXJSDpbD5jBkheTqA83TZRuJosgAsU,Counterparty_18_6ecaa007,high,out,EPjFWdd5AufqSSqeM2qN1xzybapC8G4wEGGkZwyTDt1v,USDC,6,17069940000,17069.94,1.00,17069.94,5000,success,fixture
nYhmQm4iRUpGGX3uQhnk2mjiAHfWkAHGfejvB18r6inRSnez6aDyUBvUHmLZbjyReLoTqyox67hdrtPuAJpEpSmL,292749047,2026-08-17T21:53:39Z,7xKXtg2CW87d97TXJSDpbD5jBkheTqA83TZRuJosgAsU,Counterparty_05_903bb13e,high,out,EPjFWdd5AufqSSqeM2qN1xzybapC8G4wEGGkZwyTDt1v,USDC,6,72072000000,72072.00,1.00,72072.00,5000,success,fixture
AUbAu46A3Ansz7MtASwC4XjkrUkXdQntYMkW7oqZUyfsVAQ2t2UwfWGUNsZVtnineHemAwyjE8hP781yhc6tYZD6,292835980,2026-08-18T07:33:12Z,7xKXtg2CW87d97TXJSDpbD5jBkheTqA83TZRuJosgAsU,Counterparty_10_6d2d3cad,high,out,EPjFWdd5AufqSSqeM2qN1xzybapC8G4wEGGkZwyTDt1v,USDC,6,20376070000,20376.07,1.00,20376.07,5000,success,fixture
HBokNWfe5FRR972DaxZkTuAf7CXzgf3ysbZq86Xj9zfbu1zrkiUaTQx3maUFtXsrRPetpqvmd7U9HXrFw6KfybTH,292849420,2026-08-18T09:02:48Z,7xKXtg2CW87d97TXJSDpbD5jBkheTqA83TZRuJosgAsU,Counterparty_05_903bb13e,high,out,EPjFWdd5AufqSSqeM2qN1xzybapC8G4wEGGkZwyTDt1v,USDC,6,142949000000,142949.00,1.00,142949.00,5000,success,fixture
GmWAScnWqnYeyGoZyjadvJxf6tBwaUVBZYXHYsbRg64K2VRnxwsBfRxgsRMCvpK7pMYF5jZ4A2K2H5nz1Wt7d59f,292868020,2026-08-18T11:06:48Z,7xKXtg2CW87d97TXJSDpbD5jBkheTqA83TZRuJosgAsU,Counterparty_08_a96089bc,high,in,Es9vMFrzaCERmJfrF4H2FYD4KCoNkY11McCe8BenwNYB,USDT,6,8242580000,8242.58,1.00,8242.58,0,success,fixture
JSFqd94atUXb3ZPSxkrCW8maWMm11kERe7MQgxHCcHGJXgNQCYUETmqQQwSJVCd9dkFu7oJtGcUwRDAtpAXt1CTY,292876995,2026-08-18T12:06:38Z,7xKXtg2CW87d97TXJSDpbD5jBkheTqA83TZRuJosgAsU,Counterparty_05_903bb13e,high,out,EPjFWdd5AufqSSqeM2qN1xzybapC8G4wEGGkZwyTDt1v,USDC,6,132660000000,132660.00,1.00,132660.00,5000,success,fixture
yti2nAhaS2tR3Kc2CsvCH1TsPwLyXHVtSmfN3ne2Hx6hZoeZNUSmHE37zRNhvPUt9FZcYaZZVoyRPUmggvG5ERj4,292926155,2026-08-18T17:34:22Z,7xKXtg2CW87d97TXJSDpbD5jBkheTqA83TZRuJosgAsU,Counterparty_04_57526846,high,in,Es9vMFrzaCERmJfrF4H2FYD4KCoNkY11McCe8BenwNYB,USDT,6,854110000,854.11,1.00,854.11,0,success,fixture
27SSJbu1BGU9b4x8xfFZavmpgixQD58PJryjzGdXb7QYGHt6xMet62kRrU1ZTwCGnRP4KS3ATiCtALxYchf9AN7h,292957295,2026-08-18T21:01:58Z,7xKXtg2CW87d97TXJSDpbD5jBkheTqA83TZRuJosgAsU,Counterparty_22_d1f65e81,high,in,Es9vMFrzaCERmJfrF4H2FYD4KCoNkY11McCe8BenwNYB,USDT,6,14067820000,14067.82,1.00,14067.82,0,success,fixture
taMrPBwBfAgVXs3CQhescKPctMMvK9Bv3MKoZozVCvsxsd8CfZjmykdSVGGiQkxkGW2whUpEAE41h5V6fxpPPyvX,293019217,2026-08-19T03:54:47Z,7xKXtg2CW87d97TXJSDpbD5jBkheTqA83TZRuJosgAsU,Counterparty_06_de562439,high,in,EPjFWdd5AufqSSqeM2qN1xzybapC8G4wEGGkZwyTDt1v,USDC,6,12361830000,12361.83,1.00,12361.83,0,success,fixture
SPuxPYsXyf1Zy9VBF5ZiJEACBQfnu8jFTtNo8XkXXEeBivT2G39deB9hZ3zdA4BHCaSfdh2yoojuK6EVfXxXBFvT,293316402,2026-08-20T12:56:01Z,7xKXtg2CW87d97TXJSDpbD5jBkheTqA83TZRuJosgAsU,Counterparty_25_a6c1ad8f,high,out,Es9vMFrzaCERmJfrF4H2FYD4KCoNkY11McCe8BenwNYB,USDT,6,6059790000,6059.79,1.00,6059.79,5000,success,fixture
D6GoTYcqGmXinYVs26KFSmGLjeQXcaPUpcNPmWJLHF8oDM8pbqmCDEpXJoeqafK7vDKFQCL1nb9J34cKm9hxqY7x,293337832,2026-08-20T15:18:53Z,7xKXtg2CW87d97TXJSDpbD5jBkheTqA83TZRuJosgAsU,Counterparty_05_903bb13e,high,out,EPjFWdd5AufqSSqeM2qN1xzybapC8G4wEGGkZwyTDt1v,USDC,6,87268000000,87268.00,1.00,87268.00,5000,success,fixture
5e6wGuoyPz2PnpFomLgHq5gnxX8NmYwqMPY8zSUtFCZhi9JTG2vsU8pT9ww5jjxbjQznUGM91xr1WU5M3KA4Mfcj,293358407,2026-08-20T17:36:03Z,7xKXtg2CW87d97TXJSDpbD5jBkheTqA83TZRuJosgAsU,Counterparty_25_a6c1ad8f,high,out,Es9vMFrzaCERmJfrF4H2FYD4KCoNkY11McCe8BenwNYB,USDT,6,13863760000,13863.76,1.00,13863.76,5000,success,fixture
boMsYLHcwd4S7mB4EuHXvh7VpNHQQcctHP2T8PxkfDddiibCrKPMkZYrpVy6RgKWhAxBhtNThgdSw56BNFMMiKnJ,293369687,2026-08-20T18:51:15Z,7xKXtg2CW87d97TXJSDpbD5jBkheTqA83TZRuJosgAsU,Counterparty_12_50e165e4,high,out,Es9vMFrzaCERmJfrF4H2FYD4KCoNkY11McCe8BenwNYB,USDT,6,12000950000,12000.95,1.00,12000.95,5000,success,fixture
GPeZi1aJRfauqYE9dsWzMZJqNUAX7ziDW4hAHLSwgaJPdbgo2f4RSu2dLWaD4uTAwUKSoNZzbdecYCJJqLRG6Aoa,293413612,2026-08-20T23:44:05Z,7xKXtg2CW87d97TXJSDpbD5jBkheTqA83TZRuJosgAsU,Counterparty_25_a6c1ad8f,high,in,Es9vMFrzaCERmJfrF4H2FYD4KCoNkY11McCe8BenwNYB,USDT,6,1505740000,1505.74,1.00,1505.74,0,success,fixture
xKBMBJwTvW8fE4RnitKuYDme2raXPDNbidcEBoJENjfzouQ8GDF5znTpfQJD9GCJTdFPP8TgYcasDjYtuXXsBq4L,293419062,2026-08-21T00:20:25Z,7xKXtg2CW87d97TXJSDpbD5jBkheTqA83TZRuJosgAsU,Counterparty_05_903bb13e,high,out,EPjFWdd5AufqSSqeM2qN1xzybapC8G4wEGGkZwyTDt1v,USDC,6,123747000000,123747.00,1.00,123747.00,5000,success,fixture
77oFbRDDajGdhCcpcTp7rhdPkWmjUy7BsCcSZNjBbfVPzMcMwQTqhUuoMfGdbERrcpHQVVS1o3Kf2a9yL1LFEwM2,293577582,2026-08-21T17:57:13Z,7xKXtg2CW87d97TXJSDpbD5jBkheTqA83TZRuJosgAsU,Counterparty_22_d1f65e81,high,out,Es9vMFrzaCERmJfrF4H2FYD4KCoNkY11McCe8BenwNYB,USDT,6,16853710000,16853.71,1.00,16853.71,5000,success,fixture
KTSykmcxLopMP1uJzagAmSViEybgsgiVmPytsiSrDyL63bNRoopy9abKE6ZcLaNqhB22ysbeHGvrLoUZ8o4vQHhZ,293602167,2026-08-21T20:41:07Z,7xKXtg2CW87d97TXJSDpbD5jBkheTqA83TZRuJosgAsU,Counterparty_01_7f31801c,high,out,Es9vMFrzaCERmJfrF4H2FYD4KCoNkY11McCe8BenwNYB,USDT,6,14804380000,14804.38,1.00,14804.38,5000,success,fixture
adyJqz9MUQjAepw3pztRh4sDC1Ah3vsGBSM1dXXwPDhxudSVEWgHbV8pJirZNNzCHNtxYrcWj7jwNqaH5sQUi2b9,293613792,2026-08-21T21:58:37Z,7xKXtg2CW87d97TXJSDpbD5jBkheTqA83TZRuJosgAsU,Counterparty_05_903bb13e,high,out,EPjFWdd5AufqSSqeM2qN1xzybapC8G4wEGGkZwyTDt1v,USDC,6,109956000000,109956.00,1.00,109956.00,5000,success,fixture
cr8e9XYccoqN8gt3svhMGLbuUK3w74Lj9mHuRAJNwT5aQ5YLpLT22KMCn6x9affw7Q87HrNMy8CdEet6F4JLvqcq,293663892,2026-08-22T03:32:37Z,7xKXtg2CW87d97TXJSDpbD5jBkheTqA83TZRuJosgAsU,Counterparty_27_b10f4db7,high,in,Es9vMFrzaCERmJfrF4H2FYD4KCoNkY11McCe8BenwNYB,USDT,6,18087730000,18087.73,1.00,18087.73,0,success,fixture
VTBCw29oGjHpmp6EBS775yXc42rSaq67HgA6iyRLFGpKVh99avB23jPxMxXWxbJcV9mbCefWhphydUahhbLPXbFt,293699252,2026-08-22T07:28:21Z,7xKXtg2CW87d97TXJSDpbD5jBkheTqA83TZRuJosgAsU,Counterparty_05_903bb13e,high,out,EPjFWdd5AufqSSqeM2qN1xzybapC8G4wEGGkZwyTDt1v,USDC,6,90352000000,90352.00,1.00,90352.00,5000,success,fixture
AzHGVb1JV1K3XheDRP5tZvVQSseCUzmze9q4vrrFjoBXENrY8AQRzXC5AwG12crNWjZxdPse8QFAnLCNrRR21ebs,293749695,2026-08-22T13:04:38Z,7xKXtg2CW87d97TXJSDpbD5jBkheTqA83TZRuJosgAsU,Counterparty_00_9d79b1a3,high,out,Es9vMFrzaCERmJfrF4H2FYD4KCoNkY11McCe8BenwNYB,USDT,6,17719270000,17719.27,1.00,17719.27,5000,success,fixture
eEiiA35s3kcfsam51XBFAotAizywkuYLpVaGt36gyqLJ81ZbELqJHANGYK9JfqL6tYZNcHXpY3AEe9ZjhD64f5QV,293840850,2026-08-22T23:12:20Z,7xKXtg2CW87d97TXJSDpbD5jBkheTqA83TZRuJosgAsU,Counterparty_19_5a69fc17,high,in,EPjFWdd5AufqSSqeM2qN1xzybapC8G4wEGGkZwyTDt1v,USDC,6,21111300000,21111.30,1.00,21111.30,0,success,fixture
iCYU821BnFPu5j92gqxHQenrRe8NrXEnHfHyDcPhjUDEXPdxZmoJem6GobpXynaYx18ca6hsjmwnk68oFFsXgMyj,293932660,2026-08-23T09:24:24Z,7xKXtg2CW87d97TXJSDpbD5jBkheTqA83TZRuJosgAsU,Counterparty_06_de562439,high,in,EPjFWdd5AufqSSqeM2qN1xzybapC8G4wEGGkZwyTDt1v,USDC,6,7804210000,7804.21,1.00,7804.21,0,success,fixture
WWuYwYs46JjeW9mRZ9y77dNUiirpfSLU2YVDhMfQRmtdk8euBA3Pxuzw8EQSGwovdpjWtKoasjgCP34YP7UWpJyt,293946475,2026-08-23T10:56:30Z,7xKXtg2CW87d97TXJSDpbD5jBkheTqA83TZRuJosgAsU,Counterparty_13_34249d8b,high,out,EPjFWdd5AufqSSqeM2qN1xzybapC8G4wEGGkZwyTDt1v,USDC,6,11998690000,11998.69,1.00,11998.69,5000,success,fixture
dcXsGQnZYCWBgfyDEhoNmXzkh2BmzH2zugGdZSjUDnftaLrRKbKJ9kWGecFMoqSskP9nGf5cocTjWSBsAXGNxFvG,293967580,2026-08-23T13:17:12Z,7xKXtg2CW87d97TXJSDpbD5jBkheTqA83TZRuJosgAsU,Counterparty_28_89d35ea6,high,in,Es9vMFrzaCERmJfrF4H2FYD4KCoNkY11McCe8BenwNYB,USDT,6,20769200000,20769.20,1.00,20769.20,0,success,fixture
7ZSsY3BKL2FhrmG3Jp8usRiS9upyJx655ZonqoT21pvbfA7pesSDvfwLsMUZp2LJWD7HidXRKU6FTcJXKmbZGR2Y,294170665,2026-08-24T11:51:06Z,7xKXtg2CW87d97TXJSDpbD5jBkheTqA83TZRuJosgAsU,Counterparty_11_b3669cbd,high,out,Es9vMFrzaCERmJfrF4H2FYD4KCoNkY11McCe8BenwNYB,USDT,6,14919280000,14919.28,1.00,14919.28,5000,success,fixture
SvsxNRf1LJZjzHpjUYpFECnCgw5mBKbfNPbWmV21jwUzBGkgHMevekvJBTJ3YT2hcfME469n4FxGdZ2m8GoZY6xq,294261937,2026-08-24T21:59:35Z,7xKXtg2CW87d97TXJSDpbD5jBkheTqA83TZRuJosgAsU,Counterparty_17_f3e82208,high,in,EPjFWdd5AufqSSqeM2qN1xzybapC8G4wEGGkZwyTDt1v,USDC,6,14003700000,14003.70,1.00,14003.70,0,success,fixture
F3AJCSkHTpasNhkNp8d2Ao3L5wriz5MnLbZ3rM74fFDKSrQoGFTDqG1MXnrQmLDWmx41dubzK8SrHFVV3hiA7sW1,294292940,2026-08-25T01:26:16Z,7xKXtg2CW87d97TXJSDpbD5jBkheTqA83TZRuJosgAsU,Counterparty_23_44e61d9a,high,out,EPjFWdd5AufqSSqeM2qN1xzybapC8G4wEGGkZwyTDt1v,USDC,6,3747230000,3747.23,1.00,3747.23,5000,success,fixture
prTvtNRmjAezBQrjjbjCxyBazBnbz1qq8aEAGQE3UzZZNUboLkvUYThYZ2gSJMtcFXJoJdMvdXNA6FPhD6XMzPks,294352292,2026-08-25T08:01:57Z,7xKXtg2CW87d97TXJSDpbD5jBkheTqA83TZRuJosgAsU,Counterparty_19_5a69fc17,high,out,EPjFWdd5AufqSSqeM2qN1xzybapC8G4wEGGkZwyTDt1v,USDC,6,16580890000,16580.89,1.00,16580.89,5000,success,fixture
tYkqScboSyaWiaPsfdnvpSqHaTBZwY9t3E5fQvL8fzTRRLQ2MYDq2EUrhqAVxesqp9isLSGA2zFzVHYSWnWQyEW9,294366762,2026-08-25T09:38:25Z,7xKXtg2CW87d97TXJSDpbD5jBkheTqA83TZRuJosgAsU,Counterparty_01_7f31801c,high,in,Es9vMFrzaCERmJfrF4H2FYD4KCoNkY11McCe8BenwNYB,USDT,6,21072120000,21072.12,1.00,21072.12,0,success,fixture
XySZKjaSQMajLABPCwWVRaPWNQmUvryKLAeCYYN26fEAtQ9nTuVLgJ9wCqwC6UR4gzPCDZs7JfcV5mKCp2omFjMW,294377557,2026-08-25T10:50:23Z,7xKXtg2CW87d97TXJSDpbD5jBkheTqA83TZRuJosgAsU,Counterparty_14_829f4116,high,out,EPjFWdd5AufqSSqeM2qN1xzybapC8G4wEGGkZwyTDt1v,USDC,6,5893320000,5893.32,1.00,5893.32,5000,success,fixture
DaoAgA5RAeaoR1LmCYZQmYst7q4GTiDh1QRfNiiqTCMh3keRgL59EMBcabgeksu1kcyZqqaRq2a56yz1W7KfpCEn,294399287,2026-08-25T13:15:15Z,7xKXtg2CW87d97TXJSDpbD5jBkheTqA83TZRuJosgAsU,Counterparty_07_e9c1b823,high,out,EPjFWdd5AufqSSqeM2qN1xzybapC8G4wEGGkZwyTDt1v,USDC,6,16732830000,16732.83,1.00,16732.83,5000,success,fixture
zALNkgz8faYb8oEEd8sYADq9caBiqFgCnmvWML6rEyaX4QMKtK2tNmLYMPDCK8DTvg3tX3swBoiLeg8Jk71mXx7X,294414725,2026-08-25T14:58:10Z,7xKXtg2CW87d97TXJSDpbD5jBkheTqA83TZRuJosgAsU,Counterparty_14_829f4116,high,out,EPjFWdd5AufqSSqeM2qN1xzybapC8G4wEGGkZwyTDt1v,USDC,6,16344960000,16344.96,1.00,16344.96,5000,success,fixture
1fMY28QyvtLG4Gyd66oYu5qbr99jXcBHaxfUEbqomDnLSjiQVzaV8GF5N2ecFeF15nh4F5z3xN5ZGJjYEb9oyddX,294489290,2026-08-25T23:15:16Z,7xKXtg2CW87d97TXJSDpbD5jBkheTqA83TZRuJosgAsU,Counterparty_05_903bb13e,high,out,EPjFWdd5AufqSSqeM2qN1xzybapC8G4wEGGkZwyTDt1v,USDC,6,111993000000,111993.00,1.00,111993.00,5000,success,fixture
3LZPw6jKiA4AQfuGSLQ3wkAcCsoG7GH9XQrQVRWCfg58nNKe2pKhHDz6awnDiLGUygQFs6y3kiwBjeXX8ki7M2TA,294509335,2026-08-26T01:28:54Z,7xKXtg2CW87d97TXJSDpbD5jBkheTqA83TZRuJosgAsU,Counterparty_03_fb40d6bd,high,out,Es9vMFrzaCERmJfrF4H2FYD4KCoNkY11McCe8BenwNYB,USDT,6,19923160000,19923.16,1.00,19923.16,5000,success,fixture
yucNKbXrNG78ehqqtas1HBQPLzAat1MGVTqL9QNt2XcxUcahVbS2kC3Foe9B8Gy5X3zz6gnzMcSTEerdj9btXdar,294548750,2026-08-26T05:51:40Z,7xKXtg2CW87d97TXJSDpbD5jBkheTqA83TZRuJosgAsU,Counterparty_29_8c088ab3,high,out,EPjFWdd5AufqSSqeM2qN1xzybapC8G4wEGGkZwyTDt1v,USDC,6,23026090000,23026.09,1.00,23026.09,5000,success,fixture
cfMqzVguozZUvcVzBpxXVHqGvhJrraYhGJV5nKGJNMzb69AFRmAnE5TTNbWT4EvTRzrem2wyqdRX1PLqRwzvTbpp,294554570,2026-08-26T06:30:28Z,7xKXtg2CW87d97TXJSDpbD5jBkheTqA83TZRuJosgAsU,Counterparty_19_5a69fc17,high,in,EPjFWdd5AufqSSqeM2qN1xzybapC8G4wEGGkZwyTDt1v,USDC,6,9043550000,9043.55,1.00,9043.55,0,success,fixture
7JFygmnSSS7FouymJYEBsEPhKnfKo17CZmgXpLwmGBMk5BCNzWA1jXUN2CHy5Bkqw1fPXe1YxGX83u2dkKvFaZBq,294638442,2026-08-26T15:49:37Z,7xKXtg2CW87d97TXJSDpbD5jBkheTqA83TZRuJosgAsU,Counterparty_05_903bb13e,high,out,EPjFWdd5AufqSSqeM2qN1xzybapC8G4wEGGkZwyTDt1v,USDC,6,62308000000,62308.00,1.00,62308.00,5000,success,fixture
YndLXu2QNk8TeLszoxmh2fXHisredFo4eXBahogrvRAukG3dm8D2VMTATmETZrgXxwpo4n9aEcMjXaRMCWbNbPkr,294655900,2026-08-26T17:46:00Z,7xKXtg2CW87d97TXJSDpbD5jBkheTqA83TZRuJosgAsU,Counterparty_21_18aa8f3b,high,out,Es9vMFrzaCERmJfrF4H2FYD4KCoNkY11McCe8BenwNYB,USDT,6,8762780000,8762.78,1.00,8762.78,5000,success,fixture
KVy3NA3G6jFvkBugbcxzW6soqxBEpB2ExURaUK9sVxpXbR9UbmjrNCXAaWpR2oGA1ZXVcFvJV6p1TCjbFuFJhhPu,294679037,2026-08-26T20:20:15Z,7xKXtg2CW87d97TXJSDpbD5jBkheTqA83TZRuJosgAsU,Counterparty_24_b30fcb06,high,out,Es9vMFrzaCERmJfrF4H2FYD4KCoNkY11McCe8BenwNYB,USDT,6,15839310000,15839.31,1.00,15839.31,5000,success,fixture
JQShr69QiYzch1JWFV7eatnihQqkk8XTdjRb2zihRKQwnPLLovmA7QYjmbsFWgjBUK2MEnAhuVDifUaaQgEHo9ac,294742750,2026-08-27T03:25:00Z,7xKXtg2CW87d97TXJSDpbD5jBkheTqA83TZRuJosgAsU,Counterparty_05_903bb13e,high,out,EPjFWdd5AufqSSqeM2qN1xzybapC8G4wEGGkZwyTDt1v,USDC,6,124994000000,124994.00,1.00,124994.00,5000,success,fixture
xb26CjrBNqSt94bET7p1xcb3APYuj3s5wSxiBn4piSnGW4FzQNgPyyg7M8SVzRq5UnTAdSytPbxSxpDRw49rQGxR,294745215,2026-08-27T03:41:26Z,7xKXtg2CW87d97TXJSDpbD5jBkheTqA83TZRuJosgAsU,Counterparty_06_de562439,high,in,Es9vMFrzaCERmJfrF4H2FYD4KCoNkY11McCe8BenwNYB,USDT,6,20377180000,20377.18,1.00,20377.18,0,success,fixture
ti5jx7NgKcNFH21m5CkVUpmyB9DueanLYLCuyhBNSnWpZmY5wZrZaA9EVaibiX4NjbwK5Ra4Rm5oDmoHdiQSLWpd,294767270,2026-08-27T06:08:28Z,7xKXtg2CW87d97TXJSDpbD5jBkheTqA83TZRuJosgAsU,Counterparty_27_b10f4db7,high,out,EPjFWdd5AufqSSqeM2qN1xzybapC8G4wEGGkZwyTDt1v,USDC,6,24775860000,24775.86,1.00,24775.86,5000,success,fixture
pYfkg7pgTAhGoLun6jfdkRHFDcNtGy9oKWCyQj4QbGFGHDu3tmG56nvQwjaYS2QoJQxWroRmdkJYNsWSenzotJor,294778467,2026-08-27T07:23:07Z,7xKXtg2CW87d97TXJSDpbD5jBkheTqA83TZRuJosgAsU,Counterparty_29_8c088ab3,high,out,EPjFWdd5AufqSSqeM2qN1xzybapC8G4wEGGkZwyTDt1v,USDC,6,6632460000,6632.46,1.00,6632.46,5000,success,fixture
Tx9rFM5y1mvXTM5rqf5sXh3mcwrP6XmGjBxbeP6JPRDH3fu5csPZ1PPbp6opt7MzvVHJntgSjQGfj8S4iYuX14K1,294840892,2026-08-27T14:19:17Z,7xKXtg2CW87d97TXJSDpbD5jBkheTqA83TZRuJosgAsU,Counterparty_28_89d35ea6,high,in,Es9vMFrzaCERmJfrF4H2FYD4KCoNkY11McCe8BenwNYB,USDT,6,10550390000,10550.39,1.00,10550.39,0,success,fixture
t7wZn83KM4y9LEnWES5zNmssaYERqS9V6EmPZofSdGEPGtg4n1hNbMxqvU6QhKVjG6iNxRuRGeYdCPPsy87RKGSk,294880015,2026-08-27T18:40:06Z,7xKXtg2CW87d97TXJSDpbD5jBkheTqA83TZRuJosgAsU,Counterparty_21_18aa8f3b,high,in,Es9vMFrzaCERmJfrF4H2FYD4KCoNkY11McCe8BenwNYB,USDT,6,7963600000,7963.60,1.00,7963.60,0,success,fixture
YhnzUnSXL4bmyzxYYx953ViNCsKvm42GvEm3ysQw52mkutqfnxYAKtWt9PJCUPKy5UptjbejEeCYwUqoqnnFecMm,294901112,2026-08-27T21:00:45Z,7xKXtg2CW87d97TXJSDpbD5jBkheTqA83TZRuJosgAsU,Counterparty_05_903bb13e,high,out,EPjFWdd5AufqSSqeM2qN1xzybapC8G4wEGGkZwyTDt1v,USDC,6,122817000000,122817.00,1.00,122817.00,5000,success,fixture
rMTe1q9ocje7hY4ZyZZ1VtAJA4XNG2qcmVxWAARvfUrSVFJgMyxamsU46pMn33aQscMqJd5nKmRP5UzYsweB8AV5,294909095,2026-08-27T21:53:58Z,7xKXtg2CW87d97TXJSDpbD5jBkheTqA83TZRuJosgAsU,Counterparty_27_b10f4db7,high,out,EPjFWdd5AufqSSqeM2qN1xzybapC8G4wEGGkZwyTDt1v,USDC,6,3138610000,3138.61,1.00,3138.61,5000,success,fixture
8VmerSi4wuXNkVagosvoaiHvdXzKegVgf4MBx97Y88JbwTsNTPap7cgbj7z1U5YEhtkwxnMTxG7TDv7BfWQvPVuC,295002662,2026-08-28T08:17:45Z,7xKXtg2CW87d97TXJSDpbD5jBkheTqA83TZRuJosgAsU,Counterparty_24_b30fcb06,high,out,EPjFWdd5AufqSSqeM2qN1xzybapC8G4wEGGkZwyTDt1v,USDC,6,19652390000,19652.39,1.00,19652.39,5000,success,fixture
ThiBKLWxxPTDx5tt79h5Ebm1YbwCczYbqt4zST5MmyLPgxZNZSRFPUMnvK6a2BhwckaCN95BjanbRUe3MvgJRenf,295038075,2026-08-28T12:13:50Z,7xKXtg2CW87d97TXJSDpbD5jBkheTqA83TZRuJosgAsU,Counterparty_09_a71f3d1a,high,in,EPjFWdd5AufqSSqeM2qN1xzybapC8G4wEGGkZwyTDt1v,USDC,6,5222880000,5222.88,1.00,5222.88,0,success,fixture
qzxfxWWeQER5zJ1cD1iW3f4SGzGR49YD8oNUXvoBT5YprDUCeAKMtfjbdXnVxWDbopCmLDZA5JUBfBBCBawFDaos,295076667,2026-08-28T16:31:07Z,7xKXtg2CW87d97TXJSDpbD5jBkheTqA83TZRuJosgAsU,Counterparty_05_903bb13e,high,out,EPjFWdd5AufqSSqeM2qN1xzybapC8G4wEGGkZwyTDt1v,USDC,6,115549000000,115549.00,1.00,115549.00,5000,success,fixture
ZheKjZ2uuw5bSzHLb9Bq8VyyPaZpFdVZQV1bC4t2Hb3TXMXj6vvCvDRd6LfS6qij6BZzYkueJsBfjUczZAWoqSej,295088920,2026-08-28T17:52:48Z,7xKXtg2CW87d97TXJSDpbD5jBkheTqA83TZRuJosgAsU,Counterparty_15_69842a97,high,out,Es9vMFrzaCERmJfrF4H2FYD4KCoNkY11McCe8BenwNYB,USDT,6,8853050000,8853.05,1.00,8853.05,5000,success,fixture
mkLNFdtyZTArbkeMx1g4nqPe8r5g5aToBoDGfrqCvC2iYo8N67SdmkRtTRmX9wNC7LPCnUyHY6CHSDFPih6NVq7a,295163902,2026-08-29T02:12:41Z,7xKXtg2CW87d97TXJSDpbD5jBkheTqA83TZRuJosgAsU,Counterparty_28_89d35ea6,high,out,EPjFWdd5AufqSSqeM2qN1xzybapC8G4wEGGkZwyTDt1v,USDC,6,18355070000,18355.07,1.00,18355.07,5000,success,fixture
A8ZwywYEgcjC7q9zNzMZbYXJu3zrP4Er5N5ELqjRQ4bnjTMmTgdUmpFbYsJKXyY6FL6BNpGitavmzrhGHxv62UQr,295201660,2026-08-29T06:24:24Z,7xKXtg2CW87d97TXJSDpbD5jBkheTqA83TZRuJosgAsU,Counterparty_28_89d35ea6,high,in,Es9vMFrzaCERmJfrF4H2FYD4KCoNkY11McCe8BenwNYB,USDT,6,23855790000,23855.79,1.00,23855.79,0,success,fixture
GocM1ZpEGBX72LMEpM6EMiUoDknKF5mV5fkh5zRFtDqPHVh6mPxHxEGhhZzBML7YtTbdAmkA3Sb9diezoHNrcm3C,295336155,2026-08-29T21:21:02Z,7xKXtg2CW87d97TXJSDpbD5jBkheTqA83TZRuJosgAsU,Counterparty_29_8c088ab3,high,out,EPjFWdd5AufqSSqeM2qN1xzybapC8G4wEGGkZwyTDt1v,USDC,6,3982860000,3982.86,1.00,3982.86,5000,success,fixture
SSpeAQM9fvwi4N2gCR414j6ssu8jrp46uMU5T5weWDcHsHrpghZ696wF14kpcZ9iqDawLjRvdg4qkkynucwSX9Dk,295382907,2026-08-30T02:32:43Z,7xKXtg2CW87d97TXJSDpbD5jBkheTqA83TZRuJosgAsU,Counterparty_02_d11a6706,high,in,EPjFWdd5AufqSSqeM2qN1xzybapC8G4wEGGkZwyTDt1v,USDC,6,8698670000,8698.67,1.00,8698.67,0,success,fixture
BrMmUnsX9SsC2pZJSX9jerBQLExrhxMpQ6seSBcBCCxP1q7bCPosjhSBqyLVCcTDeqHyCi16wBsBGJ6KddCf1s1f,295423125,2026-08-30T07:00:50Z,7xKXtg2CW87d97TXJSDpbD5jBkheTqA83TZRuJosgAsU,Counterparty_13_34249d8b,high,out,EPjFWdd5AufqSSqeM2qN1xzybapC8G4wEGGkZwyTDt1v,USDC,6,22828560000,22828.56,1.00,22828.56,5000,success,fixture
FbxVAskXhANZx5CAMf3tesmNRSqbKnHZopAGYGhDVdr5sC796648aWZ3GmPmcTtpg4jzz5Ww4xuYKm3thFfAP7eg,295434712,2026-08-30T08:18:05Z,7xKXtg2CW87d97TXJSDpbD5jBkheTqA83TZRuJosgAsU,Counterparty_22_d1f65e81,high,out,EPjFWdd5AufqSSqeM2qN1xzybapC8G4wEGGkZwyTDt1v,USDC,6,10531940000,10531.94,1.00,10531.94,5000,success,fixture
H3KChnve6i4EuVJeVDULQTY5Bu6mBLfcowVUhzL5MPXvxypuj98kG5mg6GeRaGtexmy4BstZBdVUYoCCr2Yt6ri5,295444007,2026-08-30T09:20:03Z,7xKXtg2CW87d97TXJSDpbD5jBkheTqA83TZRuJosgAsU,Counterparty_05_903bb13e,high,out,EPjFWdd5AufqSSqeM2qN1xzybapC8G4wEGGkZwyTDt1v,USDC,6,97965000000,97965.00,1.00,97965.00,5000,success,fixture
hPHjiddothWzCSrxF7iN4Z51cUUVv4Jkr9pePukVf2EMJj3vvRJApiaBFwQdwZJtbZYSgj6bntTKqamK5C6AGKdR,295472392,2026-08-30T12:29:17Z,7xKXtg2CW87d97TXJSDpbD5jBkheTqA83TZRuJosgAsU,Counterparty_05_903bb13e,high,out,EPjFWdd5AufqSSqeM2qN1xzybapC8G4wEGGkZwyTDt1v,USDC,6,128938000000,128938.00,1.00,128938.00,5000,success,fixture
WT4DaQgqYhVq4EJc9KVymY82hftGnBLc1cT6Fv8W8ivAYnKZnJTvXXGWcARDfZpy9x5JrswTNsZJu1KoLveejYxA,295516047,2026-08-30T17:20:19Z,7xKXtg2CW87d97TXJSDpbD5jBkheTqA83TZRuJosgAsU,Counterparty_15_69842a97,high,out,EPjFWdd5AufqSSqeM2qN1xzybapC8G4wEGGkZwyTDt1v,USDC,6,17907480000,17907.48,1.00,17907.48,5000,success,fixture
WuD1bdX9yov1hWqvFcxnwBXsXXWpq88yqZK9M9moXiZRD1rf41V6A54uAnwJADKkKYEyk4PpjXwumjVX7qgvsnzU,295664937,2026-08-31T09:52:55Z,7xKXtg2CW87d97TXJSDpbD5jBkheTqA83TZRuJosgAsU,Counterparty_21_18aa8f3b,high,out,EPjFWdd5AufqSSqeM2qN1xzybapC8G4wEGGkZwyTDt1v,USDC,6,15656130000,15656.13,1.00,15656.13,5000,success,fixture
TFVeJtx1qtBmUNJAEqN76R7PwPfHt3oWb8R6cKvhgyxQdDn53jFrK6wFx7RJWhvQBQPEjJmki5fhBboGBWRJhmcF,295713002,2026-08-31T15:13:21Z,7xKXtg2CW87d97TXJSDpbD5jBkheTqA83TZRuJosgAsU,Counterparty_26_2906e732,high,in,EPjFWdd5AufqSSqeM2qN1xzybapC8G4wEGGkZwyTDt1v,USDC,6,1151400000,1151.40,1.00,1151.40,0,success,fixture
2VZxJL9HRWUsms24Hxj9tPfVyTMY6CNHLxPbLtVdjtP6fS5Hdwzg2w5vjnH2mye2NLiLLwdUBipQAv8TPGczugWu,295761412,2026-08-31T20:36:05Z,7xKXtg2CW87d97TXJSDpbD5jBkheTqA83TZRuJosgAsU,Counterparty_25_a6c1ad8f,high,out,EPjFWdd5AufqSSqeM2qN1xzybapC8G4wEGGkZwyTDt1v,USDC,6,19173860000,19173.86,1.00,19173.86,5000,success,fixture
LcjL7zSq3LyT6jNJp4957e17zX3XtQSb7HBeczsG6NBCidmx7ht2XEon9BpuxkZGT1kayJdsorvDYcG4UEgjRDua,295807220,2026-09-01T01:41:28Z,7xKXtg2CW87d97TXJSDpbD5jBkheTqA83TZRuJosgAsU,Counterparty_09_a71f3d1a,high,out,EPjFWdd5AufqSSqeM2qN1xzybapC8G4wEGGkZwyTDt1v,USDC,6,19458520000,19458.52,1.00,19458.52,5000,success,fixture
DkQyf7HU8hB38oH3oWezZFJ21VuVs5tkiTh47p2cotoFr8wVtGLvfodUDC7QQFiqGwgsWxMD7YM9uubR7sCjBH2z,295814285,2026-09-01T02:28:34Z,7xKXtg2CW87d97TXJSDpbD5jBkheTqA83TZRuJosgAsU,Counterparty_28_89d35ea6,high,out,Es9vMFrzaCERmJfrF4H2FYD4KCoNkY11McCe8BenwNYB,USDT,6,1178170000,1178.17,1.00,1178.17,5000,success,fixture
ouAv7hwbB6tRj2yUjDdBF5aRWhja8k6jtu2bt4AxGbcGySdkX1rk9tvjsPVfyMGsPULJj5z5fikDPKrVmCaSGedm,295889722,2026-09-01T10:51:29Z,7xKXtg2CW87d97TXJSDpbD5jBkheTqA83TZRuJosgAsU,Counterparty_12_50e165e4,high,in,EPjFWdd5AufqSSqeM2qN1xzybapC8G4wEGGkZwyTDt1v,USDC,6,645840000,645.84,1.00,645.84,0,success,fixture
kV2RhuXhUENG9ADkY8bPeA5x9RuhaoKiZQTFY66KwAfLD232pGWvNrGdqbdmAxGmm5EAHUPfjhZwRRgE9XqbnH7Y,295893610,2026-09-01T11:17:24Z,7xKXtg2CW87d97TXJSDpbD5jBkheTqA83TZRuJosgAsU,Counterparty_21_18aa8f3b,high,out,EPjFWdd5AufqSSqeM2qN1xzybapC8G4wEGGkZwyTDt1v,USDC,6,22480630000,22480.63,1.00,22480.63,5000,success,fixture
pMWm2q4iiChVsi91SDhLMd68BGanrviq9wfkTsMVXxp9HCkeuMtKD6TQCSyRvydF22cighF6WDHmwB4SgUfHA6QB,295946730,2026-09-01T17:11:32Z,7xKXtg2CW87d97TXJSDpbD5jBkheTqA83TZRuJosgAsU,Counterparty_18_6ecaa007,high,in,EPjFWdd5AufqSSqeM2qN1xzybapC8G4wEGGkZwyTDt1v,USDC,6,17330550000,17330.55,1.00,17330.55,0,success,fixture
twsASeqPbkAUjJ6scRdRPTh5vE1cXtU7kvkyArDtaMdNq8HvDrJSbAGesrLwZJhz3w2vBXqF11jwZUfSyR548vqR,296074612,2026-09-02T07:24:05Z,7xKXtg2CW87d97TXJSDpbD5jBkheTqA83TZRuJosgAsU,Counterparty_16_9911036c,high,in,EPjFWdd5AufqSSqeM2qN1xzybapC8G4wEGGkZwyTDt1v,USDC,6,21999240000,21999.24,1.00,21999.24,0,success,fixture
8zH8wyiPWWj8c4pVHd9AqjiyDgvUTQ9bhQm7hH7e1ZqvCrVJMjVJQTPwyeiqfAQ2YUxDFXvmtFTKwrDQqFY8C7KS,296086955,2026-09-02T08:46:22Z,7xKXtg2CW87d97TXJSDpbD5jBkheTqA83TZRuJosgAsU,Counterparty_07_e9c1b823,high,in,EPjFWdd5AufqSSqeM2qN1xzybapC8G4wEGGkZwyTDt1v,USDC,6,21361070000,21361.07,1.00,21361.07,0,success,fixture
XJz4WM6xgGg8HRt1GVbBcy2FMTaffm8kz2ciiQbYXW1zoXP27DdikgEvtfhCMSVvgXmrLrktSuG6qXrX5aSCTToV,296104397,2026-09-02T10:42:39Z,7xKXtg2CW87d97TXJSDpbD5jBkheTqA83TZRuJosgAsU,Counterparty_23_44e61d9a,high,out,EPjFWdd5AufqSSqeM2qN1xzybapC8G4wEGGkZwyTDt1v,USDC,6,13330290000,13330.29,1.00,13330.29,5000,success,fixture
AD715X6mV8fseKMWpH3Nq8fjhdQ2c5fzn11vvquNTrVttFhPBtTFQfQ6XtUGQCH8Gi2AnCtasqRX74STMpU2BKeB,296115075,2026-09-02T11:53:50Z,7xKXtg2CW87d97TXJSDpbD5jBkheTqA83TZRuJosgAsU,Counterparty_06_de562439,high,out,Es9vMFrzaCERmJfrF4H2FYD4KCoNkY11McCe8BenwNYB,USDT,6,14527560000,14527.56,1.00,14527.56,5000,success,fixture
gwBxBokzH11T5EaRNJwmeUS4BiMw6JGNbo3vJvX65vcnw2s3LN46zMpG5n8dMgzuhT4vAXSfrDtymxJsqYYfUT4w,296271862,2026-09-03T05:19:05Z,7xKXtg2CW87d97TXJSDpbD5jBkheTqA83TZRuJosgAsU,Counterparty_10_6d2d3cad,high,out,Es9vMFrzaCERmJfrF4H2FYD4KCoNkY11McCe8BenwNYB,USDT,6,10988480000,10988.48,1.00,10988.48,5000,success,fixture
PTxG1AVsQ141E3kPoRqkS7eyxrfPiE2PRK7cHrdDuVbjwzKUVd4ZqXo2i8aXBTyit328hqEUQym84FJKLH9ff3SX,296416870,2026-09-03T21:25:48Z,7xKXtg2CW87d97TXJSDpbD5jBkheTqA83TZRuJosgAsU,Counterparty_08_a96089bc,high,out,EPjFWdd5AufqSSqeM2qN1xzybapC8G4wEGGkZwyTDt1v,USDC,6,13926710000,13926.71,1.00,13926.71,5000,success,fixture
8kjxKVAhDWEPTK2WaFoonr2bF4rSfVyaqfehdQ7iHPKfcETWz6HRXHd3URaZoTVQ5xcNqYz76ULPU3PjfsQuSELG,296470852,2026-09-04T03:25:41Z,7xKXtg2CW87d97TXJSDpbD5jBkheTqA83TZRuJosgAsU,Counterparty_29_8c088ab3,high,in,EPjFWdd5AufqSSqeM2qN1xzybapC8G4wEGGkZwyTDt1v,USDC,6,20606830000,20606.83,1.00,20606.83,0,success,fixture
RNQtavyx8RWPqgCEbEw7eFLbqd6cznq3o4Db5uHxRDH9nfuCLB7mfyQdWpvGqw4vep7C5ZMAXzDK66KoS6DG6Nyi,296472935,2026-09-04T03:39:34Z,7xKXtg2CW87d97TXJSDpbD5jBkheTqA83TZRuJosgAsU,Counterparty_11_b3669cbd,high,out,EPjFWdd5AufqSSqeM2qN1xzybapC8G4wEGGkZwyTDt1v,USDC,6,1868080000,1868.08,1.00,1868.08,5000,success,fixture
Qm3TyfBfubWskFiaUskJ34RtX9LTxUDe3GBtx6HG4D6bmDduzGGu2z678txZHj2SPHZbMNaYMQ9mKPAdS7N5JDTf,296473772,2026-09-04T03:45:09Z,7xKXtg2CW87d97TXJSDpbD5jBkheTqA83TZRuJosgAsU,Counterparty_14_829f4116,high,out,EPjFWdd5AufqSSqeM2qN1xzybapC8G4wEGGkZwyTDt1v,USDC,6,23283660000,23283.66,1.00,23283.66,5000,success,fixture
asBU5WEHmR3tbWEqtUvD6HdDm6a6DV9qAepDap1LN1iF1rziaspFJd8i6SKYTHeCoXDcmTct7EyFoXi9ymBhYtmr,296619402,2026-09-04T19:56:01Z,7xKXtg2CW87d97TXJSDpbD5jBkheTqA83TZRuJosgAsU,Counterparty_17_f3e82208,high,in,EPjFWdd5AufqSSqeM2qN1xzybapC8G4wEGGkZwyTDt1v,USDC,6,12020440000,12020.44,1.00,12020.44,0,success,fixture
qVaKh3L7rLY7H1kZxqsaWYudqPws5MmSgevB9e8iDWhre3h5ScaKk1LmXwSmGF1rgmeLXrif7L7zMitdCryZL9Wy,296651525,2026-09-04T23:30:10Z,7xKXtg2CW87d97TXJSDpbD5jBkheTqA83TZRuJosgAsU,Counterparty_12_50e165e4,high,out,Es9vMFrzaCERmJfrF4H2FYD4KCoNkY11McCe8BenwNYB,USDT,6,15065350000,15065.35,1.00,15065.35,5000,success,fixture
Tdk7qdjiZ6UpCQKffD7LMGoTN7DEaU8sFTWmKwR6U7Uu1MJGFVk2XqjsmvGRX69YmHX1TfqwQGt5C7WsaurfLw1j,296695707,2026-09-05T04:24:43Z,7xKXtg2CW87d97TXJSDpbD5jBkheTqA83TZRuJosgAsU,Counterparty_21_18aa8f3b,high,out,Es9vMFrzaCERmJfrF4H2FYD4KCoNkY11McCe8BenwNYB,USDT,6,14880170000,14880.17,1.00,14880.17,5000,success,fixture
TENbrwGLeBnyRDcerzhubYiiJgMPf64gArrpFGQQwaZPWwAzZiFHSiEiauf7yU6jf2PMcYQE2mhAeT6Joefjq4sy,296859275,2026-09-05T22:35:10Z,7xKXtg2CW87d97TXJSDpbD5jBkheTqA83TZRuJosgAsU,Counterparty_21_18aa8f3b,high,out,EPjFWdd5AufqSSqeM2qN1xzybapC8G4wEGGkZwyTDt1v,USDC,6,14144590000,14144.59,1.00,14144.59,5000,success,fixture
H2Vj1Hy8e2CJu8Tkr7YV9DYdhVqF3dw1NzFtvDq48keBN8wwaUKV2HaQprM3BE6GrVqroKnJvY8wPRP4EuX7Mpn2,296867047,2026-09-05T23:26:59Z,7xKXtg2CW87d97TXJSDpbD5jBkheTqA83TZRuJosgAsU,Counterparty_00_9d79b1a3,high,out,EPjFWdd5AufqSSqeM2qN1xzybapC8G4wEGGkZwyTDt1v,USDC,6,16972280000,16972.28,1.00,16972.28,5000,success,fixture
nSQQ2iYaHRwcM2gMqYrkKuHF1DLhg8ykzZud5v8XfXB4DavnNeGJs36vQESL6MKW7MuMD7EoCQgyEuTXowa7GtUV,296970627,2026-09-06T10:57:31Z,7xKXtg2CW87d97TXJSDpbD5jBkheTqA83TZRuJosgAsU,Counterparty_27_b10f4db7,high,out,EPjFWdd5AufqSSqeM2qN1xzybapC8G4wEGGkZwyTDt1v,USDC,6,20441340000,20441.34,1.00,20441.34,5000,success,fixture
FVLJrJ5rYBFJPUrNsDZuRdHVdq1BPxKrbQpFRvq9Tcd3JmWCDaUonJ5i11fNFZxNhyMXpJC6SoJGMref2vt3erFX,297006562,2026-09-06T14:57:05Z,7xKXtg2CW87d97TXJSDpbD5jBkheTqA83TZRuJosgAsU,Counterparty_17_f3e82208,high,in,EPjFWdd5AufqSSqeM2qN1xzybapC8G4wEGGkZwyTDt1v,USDC,6,14103060000,14103.06,1.00,14103.06,0,success,fixture
TD3rFb5wRe5dqHbSX3WiRmgbpTwxuHJuJe58bP637NHjBVrCMNyWF1p7Zp3aY9NZLCwF29BioXtCYmvQB8kPvBYr,297126700,2026-09-07T04:18:00Z,7xKXtg2CW87d97TXJSDpbD5jBkheTqA83TZRuJosgAsU,Counterparty_23_44e61d9a,high,out,EPjFWdd5AufqSSqeM2qN1xzybapC8G4wEGGkZwyTDt1v,USDC,6,2362150000,2362.15,1.00,2362.15,5000,success,fixture
5bBZqi8AKXgSjTUtjWZE2D7YBfpJ4ggEyXP6EYTyykbtHa8Lpi7nfpRYdgw7cKuM5gA1ZoJgpUPGsZN6dH3QSbKq,297186977,2026-09-07T10:59:51Z,7xKXtg2CW87d97TXJSDpbD5jBkheTqA83TZRuJosgAsU,Counterparty_21_18aa8f3b,high,out,Es9vMFrzaCERmJfrF4H2FYD4KCoNkY11McCe8BenwNYB,USDT,6,19169270000,19169.27,1.00,19169.27,5000,success,fixture
2d3nh4ULvWT5xviLLAVZYGvpnMMHj4nKCiG8SgYfAonp4pUVQtxJdFgDLFkdSe2JMwEprjexCsmPCZXcmFNWDGut,297208367,2026-09-07T13:22:27Z,7xKXtg2CW87d97TXJSDpbD5jBkheTqA83TZRuJosgAsU,Counterparty_26_2906e732,high,out,EPjFWdd5AufqSSqeM2qN1xzybapC8G4wEGGkZwyTDt1v,USDC,6,7352310000,7352.31,1.00,7352.31,5000,success,fixture
zVuBLNXAG4bmJhb82u37bK7ZyvTA1F2FURAPiKFykRkynuz8YB8F7KP5gN8Q6z3fACUaNfCkUAzjkLguKPy7JYjQ,297215382,2026-09-07T14:09:13Z,7xKXtg2CW87d97TXJSDpbD5jBkheTqA83TZRuJosgAsU,Counterparty_29_8c088ab3,high,out,Es9vMFrzaCERmJfrF4H2FYD4KCoNkY11McCe8BenwNYB,USDT,6,23408090000,23408.09,1.00,23408.09,5000,success,fixture
BAPrdsnPDVUB8w1odcwQDCnV9Vt9t3USWQJyei1QdYE2GWMjGXrHQsumz4ZrnaE1nScu9dHa8wVy4JemTYAeL9Vo,297249045,2026-09-07T17:53:38Z,7xKXtg2CW87d97TXJSDpbD5jBkheTqA83TZRuJosgAsU,Counterparty_19_5a69fc17,high,in,Es9vMFrzaCERmJfrF4H2FYD4KCoNkY11McCe8BenwNYB,USDT,6,2403540000,2403.54,1.00,2403.54,0,success,fixture
oys9qk2eQJMQJf6CqaE5v7tVymdwKzeKzJ9CvZGAghdNjZyWxKAVzyfuTpF1wJgwMuiN2dsxLVbikRnK5yUDbcvB,297252802,2026-09-07T18:18:41Z,7xKXtg2CW87d97TXJSDpbD5jBkheTqA83TZRuJosgAsU,Counterparty_16_9911036c,high,out,Es9vMFrzaCERmJfrF4H2FYD4KCoNkY11McCe8BenwNYB,USDT,6,538920000,538.92,1.00,538.92,5000,success,fixture
3ux263irdHiErdTgh2YyhbKiLXGttkSLW5m4BVTXWENfAMxnMoxPS9qQZc7MGW8JVGA74KRxgTGxzBuMdoMDqBYZ,297279707,2026-09-07T21:18:03Z,7xKXtg2CW87d97TXJSDpbD5jBkheTqA83TZRuJosgAsU,Counterparty_14_829f4116,high,out,Es9vMFrzaCERmJfrF4H2FYD4KCoNkY11McCe8BenwNYB,USDT,6,16397020000,16397.02,1.00,16397.02,5000,success,fixture
g4A4uFjaNJ3V14cHq6Ndn69KATdpMXyMFvmbN5nDkfxXRnGNBgKT5L9oUpB2J4ZPA2SsGEHyT55afYaYDVAaCiRz,297289902,2026-09-07T22:26:01Z,7xKXtg2CW87d97TXJSDpbD5jBkheTqA83TZRuJosgAsU,Counterparty_11_b3669cbd,high,out,Es9vMFrzaCERmJfrF4H2FYD4KCoNkY11McCe8BenwNYB,USDT,6,6279840000,6279.84,1.00,6279.84,5000,success,fixture
5EL82EatdYMAzhvbX93egbUiMvjRLBpsjm9K1NgniA4aCFNvF2dYUUft7gHczgS9durbu3iwQSb9y16XjQGh1VgT,297313677,2026-09-08T01:04:31Z,7xKXtg2CW87d97TXJSDpbD5jBkheTqA83TZRuJosgAsU,Counterparty_13_34249d8b,high,in,Es9vMFrzaCERmJfrF4H2FYD4KCoNkY11McCe8BenwNYB,USDT,6,14210730000,14210.73,1.00,14210.73,0,success,fixture
gdcUECHQqGMAVpe77z86m4maQtmx5bHTkUzZgcjoMfFuB5GPudT8ZjE4ujWomDiJmwb1yq3yAAjwTHAPgYj91NwN,297390385,2026-09-08T09:35:54Z,7xKXtg2CW87d97TXJSDpbD5jBkheTqA83TZRuJosgAsU,Counterparty_09_a71f3d1a,high,out,Es9vMFrzaCERmJfrF4H2FYD4KCoNkY11McCe8BenwNYB,USDT,6,18923660000,18923.66,1.00,18923.66,5000,success,fixture
GmFLkuw6iwiq36SRRcX4h1mB6YwUisNdw7za3FEzxmydXJ35kJzbdj3CwM2EeAqunuS5LBdGdvwRkzbNRqp9smo6,297395817,2026-09-08T10:12:07Z,7xKXtg2CW87d97TXJSDpbD5jBkheTqA83TZRuJosgAsU,Counterparty_16_9911036c,high,out,SOL,SOL,9,8000000000,8.0000,,,5000,success,fixture
1J14GYuxTPcLvpzjdjv27zL3yNUNp1AvPVcY3kputf3gMg4AkWpfd1JSDSfw5rfqd8aqDraTyJaqbDR9TeT6TmDR,297404065,2026-09-08T11:07:06Z,7xKXtg2CW87d97TXJSDpbD5jBkheTqA83TZRuJosgAsU,Counterparty_14_829f4116,high,out,SOL,SOL,9,9000000000,9.0000,,,5000,success,fixture
S7n4YYodfhVWAABAmULxRok6qMGG31AY19WrQp4wwXvTtxgXqzmUmdGwbm3zM7HPGxcRifk18Uazx5Aqy3YNx142,297423797,2026-09-08T13:18:39Z,7xKXtg2CW87d97TXJSDpbD5jBkheTqA83TZRuJosgAsU,Counterparty_12_50e165e4,high,out,Es9vMFrzaCERmJfrF4H2FYD4KCoNkY11McCe8BenwNYB,USDT,6,20343870000,20343.87,1.00,20343.87,5000,success,fixture
4nNCptLeCB6uex8ik7iKBdefJZ8K8K1q6EuZQmnSzdeDe8KwBTMA1z8vBun27VLy3A4gzZiLmLUgZZaSSQgLb5mb,297464390,2026-09-08T17:49:16Z,7xKXtg2CW87d97TXJSDpbD5jBkheTqA83TZRuJosgAsU,Counterparty_04_57526846,high,out,EPjFWdd5AufqSSqeM2qN1xzybapC8G4wEGGkZwyTDt1v,USDC,6,19756150000,19756.15,1.00,19756.15,5000,success,fixture
qSGkVKEdkTFffHgNfK1DcdPMspKTQUrjiQD5X4ZYE34Apw62jAptWERjRFkpBPpRjsWEonuCBoEKZVJdEf5UjS1t,297477802,2026-09-08T19:18:41Z,7xKXtg2CW87d97TXJSDpbD5jBkheTqA83TZRuJosgAsU,Counterparty_03_fb40d6bd,high,out,EPjFWdd5AufqSSqeM2qN1xzybapC8G4wEGGkZwyTDt1v,USDC,6,19865010000,19865.01,1.00,19865.01,5000,success,fixture
1dg5mxodgihisvuZwtuzJSVT5W2fdQ86q3EnvPSoBMXmS954ohf3Aa2PWqxemNQ22t4qHLJ5PUwvvrRkG3QoVzBY,297502602,2026-09-08T22:04:01Z,7xKXtg2CW87d97TXJSDpbD5jBkheTqA83TZRuJosgAsU,Counterparty_11_b3669cbd,high,out,EPjFWdd5AufqSSqeM2qN1xzybapC8G4wEGGkZwyTDt1v,USDC,6,6240020000,6240.02,1.00,6240.02,5000,success,fixture
LcK6mwKChnzhwytGMnPrAsyuzbDhEXBkbtXnPxSjYdc8jE49TyMRJhWnX7u6Nac9yoo5vaxW3kyasfJ5o1Yod88T,297502887,2026-09-08T22:05:55Z,7xKXtg2CW87d97TXJSDpbD5jBkheTqA83TZRuJosgAsU,Counterparty_03_fb40d6bd,high,in,EPjFWdd5AufqSSqeM2qN1xzybapC8G4wEGGkZwyTDt1v,USDC,6,13250320000,13250.32,1.00,13250.32,0,success,fixture
MhjBi3CWfrZgkom7JNwHb6t5cg8XhBZJNsaLbpXJeH3v3dxCTCcraSPpbv2yYjC2v4chj2PWt26dzYKxEqjjMVMk,297504845,2026-09-08T22:18:58Z,7xKXtg2CW87d97TXJSDpbD5jBkheTqA83TZRuJosgAsU,Counterparty_04_57526846,high,out,Es9vMFrzaCERmJfrF4H2FYD4KCoNkY11McCe8BenwNYB,USDT,6,4322420000,4322.42,1.00,4322.42,5000,success,fixture
taXUEPs5iuLZtLUjbMDTSHgZWjqcCy2hnaxCdYEjupWJhbtgwrUdoh4aDQWAGApkqLwUTMxv5hEwTJuKiBHkfGSG,297515447,2026-09-08T23:29:39Z,7xKXtg2CW87d97TXJSDpbD5jBkheTqA83TZRuJosgAsU,Counterparty_03_fb40d6bd,high,in,EPjFWdd5AufqSSqeM2qN1xzybapC8G4wEGGkZwyTDt1v,USDC,6,8147390000,8147.39,1.00,8147.39,0,success,fixture
mqzNkgyfqzMtY6seLVjxiY43W6ft6pinp4FQDFSuFzPgA8hXCDJ1Nqh6QMbobiUTGu8jiJjFbW4R85NLAwz88wzm,297562115,2026-09-09T04:40:46Z,7xKXtg2CW87d97TXJSDpbD5jBkheTqA83TZRuJosgAsU,Counterparty_16_9911036c,high,out,Es9vMFrzaCERmJfrF4H2FYD4KCoNkY11McCe8BenwNYB,USDT,6,11175780000,11175.78,1.00,11175.78,5000,success,fixture
TSw5XqpXzp5ra9mHfbdqbh3bbo1xSWvcA7J6VJTaw7sFvMgCShRHbUgjbgtGmeSmgcVLZRdLmzx6MNeHMtj488g9,297581805,2026-09-09T06:52:02Z,7xKXtg2CW87d97TXJSDpbD5jBkheTqA83TZRuJosgAsU,Counterparty_23_44e61d9a,high,out,Es9vMFrzaCERmJfrF4H2FYD4KCoNkY11McCe8BenwNYB,USDT,6,2019870000,2019.87,1.00,2019.87,5000,success,fixture
CjijXSzXEqT2raTFytEEuefiP3SSmSiYU1snNP2ai2i3Nv4kf4cE3ThgCQ4mneqZv3PQzUKLt5edpKr5w9HET5S4,297646140,2026-09-09T14:00:56Z,7xKXtg2CW87d97TXJSDpbD5jBkheTqA83TZRuJosgAsU,Counterparty_11_b3669cbd,high,in,Es9vMFrzaCERmJfrF4H2FYD4KCoNkY11McCe8BenwNYB,USDT,6,19637810000,19637.81,1.00,19637.81,0,success,fixture
kVCgRrPg2xkyvoz9XY8yTV35HiM1nxkarpdodFjxNaammg7UjoGXPjkiRAvuczg41iBZwXwYxB5qYMGNJ4ZFciRS,297726432,2026-09-09T22:56:13Z,7xKXtg2CW87d97TXJSDpbD5jBkheTqA83TZRuJosgAsU,Counterparty_26_2906e732,high,in,EPjFWdd5AufqSSqeM2qN1xzybapC8G4wEGGkZwyTDt1v,USDC,6,14655730000,14655.73,1.00,14655.73,0,success,fixture
92vuQdLbhEsS2zd2yy5Tua17q6NzujEpT2gRKEfLQhwDiJzfYE941weT38QDNDths2PFCsrPUpCLkcbpwcimub2x,297729740,2026-09-09T23:18:16Z,7xKXtg2CW87d97TXJSDpbD5jBkheTqA83TZRuJosgAsU,Counterparty_25_a6c1ad8f,high,out,SOL,SOL,9,36000000000,36.0000,,,5000,success,fixture
G5RhH989Z9UPZPfXr4xrCKae51NiQXddd6QrwvapHFHkPzRP8iArFKEHJ4nxWm2Zr2TwiE5oGeNgiKGMVbpsiJwM,297808227,2026-09-10T08:01:31Z,7xKXtg2CW87d97TXJSDpbD5jBkheTqA83TZRuJosgAsU,Counterparty_19_5a69fc17,high,in,Es9vMFrzaCERmJfrF4H2FYD4KCoNkY11McCe8BenwNYB,USDT,6,6957880000,6957.88,1.00,6957.88,0,success,fixture
R1rAM2gonjAY2H12rLGrvbURUZLW3tYiAR3pBWMXoZfTUDTZ2PEYDa4vcraADDyw3dW26ftebBKWY4hkWQ7amS97,297814840,2026-09-10T08:45:36Z,7xKXtg2CW87d97TXJSDpbD5jBkheTqA83TZRuJosgAsU,Counterparty_00_9d79b1a3,high,out,EPjFWdd5AufqSSqeM2qN1xzybapC8G4wEGGkZwyTDt1v,USDC,6,20590830000,20590.83,1.00,20590.83,5000,success,fixture
dA73WPA9HQyeGFHtL6dSdEo5oMsXCYuzmmdu7fiL3otdR6r4rNPyuUTx8xrFpiwf1hrhR4La3MbdAMZmFA4koSVq,297871117,2026-09-10T15:00:47Z,7xKXtg2CW87d97TXJSDpbD5jBkheTqA83TZRuJosgAsU,Counterparty_19_5a69fc17,high,out,EPjFWdd5AufqSSqeM2qN1xzybapC8G4wEGGkZwyTDt1v,USDC,6,7377550000,7377.55,1.00,7377.55,5000,success,fixture
B7Pjhcxoy5eAWrYAJKGiVnTKMR5aopyLUcdy7QzmhbpvDESNgqVLYy3he7KZWpm8fCmkfq1xZsFFay9vpRPU8dXb,297875345,2026-09-10T15:28:58Z,7xKXtg2CW87d97TXJSDpbD5jBkheTqA83TZRuJosgAsU,Counterparty_20_8ba8f837,high,out,EPjFWdd5AufqSSqeM2qN1xzybapC8G4wEGGkZwyTDt1v,USDC,6,2409170000,2409.17,1.00,2409.17,5000,success,fixture
X498yyLjR5pRgvpq3LXjR54AgwUjqiiQHK6ep3qsHDYWx3BgjTWy3N1EMTruvBGVuCqJSjJrMtS1KbqzyPx66ee3,297882617,2026-09-10T16:17:27Z,7xKXtg2CW87d97TXJSDpbD5jBkheTqA83TZRuJosgAsU,Counterparty_29_8c088ab3,high,out,EPjFWdd5AufqSSqeM2qN1xzybapC8G4wEGGkZwyTDt1v,USDC,6,12975930000,12975.93,1.00,12975.93,5000,success,fixture
Eem1ysZWZnoaHLwFKnJc8BF3bGK3hAyJ9Jxs4iGuEb81iPhfQM6nycHo9TzgKM4hu1uPFoJCH2bjxrre7opmRiHx,297974277,2026-09-11T02:28:31Z,7xKXtg2CW87d97TXJSDpbD5jBkheTqA83TZRuJosgAsU,Counterparty_20_8ba8f837,high,out,Es9vMFrzaCERmJfrF4H2FYD4KCoNkY11McCe8BenwNYB,USDT,6,6855560000,6855.56,1.00,6855.56,5000,success,fixture
tfBny3Xt6axfcj2AC6G7ceiS3M3DLR7xh6XGK6XznH6JTvPQLM6tCGxENQe5TsqLpg6PiTSD2mDRDFZTnLZSN24V,298005380,2026-09-11T05:55:52Z,7xKXtg2CW87d97TXJSDpbD5jBkheTqA83TZRuJosgAsU,Counterparty_29_8c088ab3,high,out,EPjFWdd5AufqSSqeM2qN1xzybapC8G4wEGGkZwyTDt1v,USDC,6,10768220000,10768.22,1.00,10768.22,5000,success,fixture
NoGdJTysYtRT9xTCGMmqdR1QF19pR5pbL29QYucV1ERaS4Nu4SG3SSGUv1Q39oayi6ihUJv1gbe81xEe3e8B4tpG,298007577,2026-09-11T06:10:31Z,7xKXtg2CW87d97TXJSDpbD5jBkheTqA83TZRuJosgAsU,Counterparty_20_8ba8f837,high,in,EPjFWdd5AufqSSqeM2qN1xzybapC8G4wEGGkZwyTDt1v,USDC,6,4532020000,4532.02,1.00,4532.02,0,success,fixture
p1WNGtpednzhjbwfFPLKjsundk9nRapG7MaeDurQW7AnUvT664Uy9XEV5QkaSecarSxHeYhUVmYoTuBAZ9YnW9nZ,298019350,2026-09-11T07:29:00Z,7xKXtg2CW87d97TXJSDpbD5jBkheTqA83TZRuJosgAsU,Counterparty_27_b10f4db7,high,out,EPjFWdd5AufqSSqeM2qN1xzybapC8G4wEGGkZwyTDt1v,USDC,6,7067580000,7067.58,1.00,7067.58,5000,success,fixture
HB5gGYdqD7EqwTDmSNdYCYSWUaYXYQdEQscU5EvrL6YHf5ePFruc2cibtLCUsYw9DDff1ktYwS8Qx23756Fg7NLa,298042910,2026-09-11T10:06:04Z,7xKXtg2CW87d97TXJSDpbD5jBkheTqA83TZRuJosgAsU,Counterparty_00_9d79b1a3,high,out,EPjFWdd5AufqSSqeM2qN1xzybapC8G4wEGGkZwyTDt1v,USDC,6,24655250000,24655.25,1.00,24655.25,5000,success,fixture
xZEAqL2kXCtZ6sgvPgZ7hjT5jZ2etZuq2fbco4H2gEFSoCVAJrLNv9CXQfH9RYFt9mnnnXCCzA7tMPGAM4r7Sgxe,298159660,2026-09-11T23:04:24Z,7xKXtg2CW87d97TXJSDpbD5jBkheTqA83TZRuJosgAsU,Counterparty_06_de562439,high,in,EPjFWdd5AufqSSqeM2qN1xzybapC8G4wEGGkZwyTDt1v,USDC,6,14602320000,14602.32,1.00,14602.32,0,success,fixture
taChYa1A2MrmrcTdN1XDC7oLoqUHmtJeDhSjvfddP7RXgDyGM3wNPXqGbNYFUc2m57dz9FTx3EWTbp57kcVn9FpE,298185310,2026-09-12T01:55:24Z,7xKXtg2CW87d97TXJSDpbD5jBkheTqA83TZRuJosgAsU,Counterparty_06_de562439,high,out,EPjFWdd5AufqSSqeM2qN1xzybapC8G4wEGGkZwyTDt1v,USDC,6,8503010000,8503.01,1.00,8503.01,5000,success,fixture
9Z7Suns7Mci5sLbWSeTGgGcBXR5NEumeUsUdsNbmGCjj5pndvY8efWMc7uVCLS5f7kufruRMYij46Eu9yezqht1q,298207505,2026-09-12T04:23:22Z,7xKXtg2CW87d97TXJSDpbD5jBkheTqA83TZRuJosgAsU,Counterparty_04_57526846,high,out,EPjFWdd5AufqSSqeM2qN1xzybapC8G4wEGGkZwyTDt1v,USDC,6,17508370000,17508.37,1.00,17508.37,5000,success,fixture
e24otPvvyESorTfED9YUFEH9AbPmSBrraFW9zsvwuFYkCCNqeE73FtFnXuromny41bmeLAiEHz3EpV1JDDFyqDk8,298214017,2026-09-12T05:06:47Z,7xKXtg2CW87d97TXJSDpbD5jBkheTqA83TZRuJosgAsU,Counterparty_20_8ba8f837,high,out,EPjFWdd5AufqSSqeM2qN1xzybapC8G4wEGGkZwyTDt1v,USDC,6,16963260000,16963.26,1.00,16963.26,5000,success,fixture
4RBKUqQAz5hjs9xAPSAHKFWTtAvgAo3UTPHQTyihTsY4DV4V45u4dzQnyQXrPFZyao9NrmVcHmEW67Xir5vkmycP,298223995,2026-09-12T06:13:18Z,7xKXtg2CW87d97TXJSDpbD5jBkheTqA83TZRuJosgAsU,Counterparty_27_b10f4db7,high,out,Es9vMFrzaCERmJfrF4H2FYD4KCoNkY11McCe8BenwNYB,USDT,6,20342130000,20342.13,1.00,20342.13,5000,success,fixture
jf2NnzFRtVgh892uVBzpo3gPXcujf2wFMmmM1b7dfqtswTbxtpHJMUMnVpmobr6uoVHKC3MH4hQz6zQmjMTXtJ1d,298279237,2026-09-12T12:21:35Z,7xKXtg2CW87d97TXJSDpbD5jBkheTqA83TZRuJosgAsU,Counterparty_25_a6c1ad8f,high,in,EPjFWdd5AufqSSqeM2qN1xzybapC8G4wEGGkZwyTDt1v,USDC,6,23999500000,23999.50,1.00,23999.50,0,success,fixture
xenxQG5Cx43arNd3L4r2xCJ7kV3ESnHCyGtYoGE5ELuhAL5KyhV8tZdzXxuSBw5qXsyXfwjuooKoAigC73u7Y9Yz,298350380,2026-09-12T20:15:52Z,7xKXtg2CW87d97TXJSDpbD5jBkheTqA83TZRuJosgAsU,Counterparty_08_a96089bc,high,out,Es9vMFrzaCERmJfrF4H2FYD4KCoNkY11McCe8BenwNYB,USDT,6,2751900000,2751.90,1.00,2751.90,5000,success,fixture
1d6iAR7fFQc7Q7L7bsxQguL44LZftSNU1cHRdQJjJfwMzRpmzduWWQQUyq5BGK236qmM9Cg2yK2h6P2XUBentJB2,298415780,2026-09-13T03:31:52Z,7xKXtg2CW87d97TXJSDpbD5jBkheTqA83TZRuJosgAsU,Counterparty_03_fb40d6bd,high,in,Es9vMFrzaCERmJfrF4H2FYD4KCoNkY11McCe8BenwNYB,USDT,6,15140170000,15140.17,1.00,15140.17,0,success,fixture
yxwf9W7hNmS4swwFEakYpbyakPyvAZQoicxgZSZi7brrHrGdWSmG4nzd1i1XGYeKgegwsoiuLsJMWkzijHxtLJ8w,298428782,2026-09-13T04:58:33Z,7xKXtg2CW87d97TXJSDpbD5jBkheTqA83TZRuJosgAsU,Counterparty_01_7f31801c,high,out,EPjFWdd5AufqSSqeM2qN1xzybapC8G4wEGGkZwyTDt1v,USDC,6,5682950000,5682.95,1.00,5682.95,5000,success,fixture
2Ts7SobAKdXehGgfqyqbsj5T7PxFkZ67SzsZiDmW62G2YtEX9R4XmBrvr17JbgUuXczn2cz9RoJdE898KSsDerLs,298465277,2026-09-13T09:01:51Z,7xKXtg2CW87d97TXJSDpbD5jBkheTqA83TZRuJosgAsU,Counterparty_24_b30fcb06,high,out,EPjFWdd5AufqSSqeM2qN1xzybapC8G4wEGGkZwyTDt1v,USDC,6,10694820000,10694.82,1.00,10694.82,5000,success,fixture
2SrFVQXd7iLNAth67cBExYeG6ASgvXaovdqF4rYHTLpNvA3MmdfTx1JmEqcsYbYMiGMWnXZcwpo67Um5R9q1Bap8,298476042,2026-09-13T10:13:37Z,7xKXtg2CW87d97TXJSDpbD5jBkheTqA83TZRuJosgAsU,Counterparty_05_903bb13e,high,in,EPjFWdd5AufqSSqeM2qN1xzybapC8G4wEGGkZwyTDt1v,USDC,6,3824040000,3824.04,1.00,3824.04,0,success,fixture
ZwyLzHmn7bkP5ffTZEmBXpTAsvxvbeh4ZAFY82QeT1BDFmfZ2JVnGAYsC9JDmqYMbpnn77U9PdRpgvpwV5ZQ58Jj,298483985,2026-09-13T11:06:34Z,7xKXtg2CW87d97TXJSDpbD5jBkheTqA83TZRuJosgAsU,Counterparty_29_8c088ab3,high,out,EPjFWdd5AufqSSqeM2qN1xzybapC8G4wEGGkZwyTDt1v,USDC,6,4006490000,4006.49,1.00,4006.49,5000,success,fixture
KJGgwy8nTHifY18SeDpHm9dCuie8jG9n3FGp3o5kS9EJ8d1iEn8vm1T7NEVAAois8xQMTRjakJVjDwhAERPDxjwj,298513977,2026-09-13T14:26:31Z,7xKXtg2CW87d97TXJSDpbD5jBkheTqA83TZRuJosgAsU,Counterparty_07_e9c1b823,high,out,EPjFWdd5AufqSSqeM2qN1xzybapC8G4wEGGkZwyTDt1v,USDC,6,9075550000,9075.55,1.00,9075.55,5000,success,fixture
6LnFh8vdGbtvzHv5sNtvG6k5nyafBF4XuF6FeWAdbaXuCaVW5Ep3LAwFZXjSZz2pe11pXukpWgUKBnWyWp3fyWas,298544810,2026-09-13T17:52:04Z,7xKXtg2CW87d97TXJSDpbD5jBkheTqA83TZRuJosgAsU,Counterparty_11_b3669cbd,high,in,EPjFWdd5AufqSSqeM2qN1xzybapC8G4wEGGkZwyTDt1v,USDC,6,19334790000,19334.79,1.00,19334.79,0,success,fixture
JPmPnbDfD6aQxvoURonNHydGHWZ7sArTacZo81XhthpcxRnhjGC46fW3huE2Yhra8WpU9GnCMNab86ipnvgi8BpV,298588432,2026-09-13T22:42:53Z,7xKXtg2CW87d97TXJSDpbD5jBkheTqA83TZRuJosgAsU,Counterparty_14_829f4116,high,out,EPjFWdd5AufqSSqeM2qN1xzybapC8G4wEGGkZwyTDt1v,USDC,6,11981120000,11981.12,1.00,11981.12,5000,success,fixture
HW2Tm7Wmwwi2xxxwUe46wHgV662qEtaHsnV7NSXvPTUoM1iN5boZU2k7RYjKHdyokCEKmEQgyhUdaM2yJMq2iNsT,298602817,2026-09-14T00:18:47Z,7xKXtg2CW87d97TXJSDpbD5jBkheTqA83TZRuJosgAsU,Counterparty_13_34249d8b,high,out,EPjFWdd5AufqSSqeM2qN1xzybapC8G4wEGGkZwyTDt1v,USDC,6,7614620000,7614.62,1.00,7614.62,5000,success,fixture
5fRuTeVS4pC9DRJLdndstPk7wKGVj1pJDykHAKf7wTAUD8YWXqJnzJACA7wCkL9i7tnsevXDZ6joxtkd2FHVE7WM,298692652,2026-09-14T10:17:41Z,7xKXtg2CW87d97TXJSDpbD5jBkheTqA83TZRuJosgAsU,Counterparty_03_fb40d6bd,high,in,Es9vMFrzaCERmJfrF4H2FYD4KCoNkY11McCe8BenwNYB,USDT,6,19463460000,19463.46,1.00,19463.46,0,success,fixture
pbSVWXm4NQLaeenr3X6CmefRfqf7MKncCuX14j9dGErmu7E9SZdDXuHT2B5GUqbwbK5QYX6m9pf5aJCmhiQ5oePs,298716415,2026-09-14T12:56:06Z,7xKXtg2CW87d97TXJSDpbD5jBkheTqA83TZRuJosgAsU,Counterparty_13_34249d8b,high,in,EPjFWdd5AufqSSqeM2qN1xzybapC8G4wEGGkZwyTDt1v,USDC,6,21937460000,21937.46,1.00,21937.46,0,success,fixture
h7LGjv4awVYeWh9HWf9QmpHx9A6ZbGnuHhtkMmbs8eCp1LrbXY3UYhRvdDEyGqBeecUP7Pxg4BNWnbjKUJ4yaNhZ,298812192,2026-09-14T23:34:37Z,7xKXtg2CW87d97TXJSDpbD5jBkheTqA83TZRuJosgAsU,Counterparty_25_a6c1ad8f,high,out,Es9vMFrzaCERmJfrF4H2FYD4KCoNkY11McCe8BenwNYB,USDT,6,17480240000,17480.24,1.00,17480.24,5000,success,fixture
4Ayti6ijYVyK5WHD3LEvM4AFbssvQ4BBucgJUSNCVqNoxqqBDD9aAgsF1929NSd7EEy1F2FDHTWV5om8jzUsWQu1,298869235,2026-09-15T05:54:54Z,7xKXtg2CW87d97TXJSDpbD5jBkheTqA83TZRuJosgAsU,Counterparty_14_829f4116,high,out,EPjFWdd5AufqSSqeM2qN1xzybapC8G4wEGGkZwyTDt1v,USDC,6,15775780000,15775.78,1.00,15775.78,5000,success,fixture
